seconds_elapsed,accelerometer_z,accelerometer_y,accelerometer_x,gravity_z,gravity_y,gravity_x,gyroscope_z,gyroscope_y,gyroscope_x,orientation_qz,orientation_qy,orientation_qx,orientation_qw,orientation_roll,orientation_pitch,orientation_yaw,magnetometer_z,magnetometer_y,magnetometer_x,compass_magneticBearing,barometer_relativeAltitude,barometer_pressure,location_verticalAccuracy,location_longitude,location_latitude,annotation_text,annotation_millisecond_press_duration,totalAcceleration_z,totalAcceleration_y,totalAcceleration_x,magnetometerUncalibrated_z,magnetometerUncalibrated_y,magnetometerUncalibrated_x,gyroscopeUncalibrated_z,gyroscopeUncalibrated_y,gyroscopeUncalibrated_x,accelerometerUncalibrated_z,accelerometerUncalibrated_y,accelerometerUncalibrated_x,GIS_Elevation,Temperature (°C),Humidity (%),Cloud Cover (%),Wind Speed (km/h)
0.09,-1.358291745,0.694637299,-0.322766453,0.056707591,9.797494888,-0.419832468,0.012522728,-0.041233373,0.010690134,-0.417104423,-0.389907777,0.587435663,0.573511302,1.436536789,-1.52758348,2.651440144,-18.67500114,-53.10000229,-42.39375305,141.396983,,,,88.6228617,24.3757139,,,-1.248455226,10.47697401,-0.5479564,-35.71875,-69.11250305,-61.89375305,0.004581486,-0.039248062,0.011300998,-1.248455226,10.47697401,-0.5479564,18.708322903111835,32,83,18,21
0.1,-0.717118129,0.317636013,0.003186449,-0.056972373,9.797472477,-0.420254111,0.025534148,0.032956154,-0.094806217,-0.411207989,-0.388537258,0.593248218,0.572715223,1.705702186,-1.527530491,2.908115268,-17.0625,-51.46875381,-39.61875153,142.4122482,,,,88.6228617,24.3757139,,,-0.355573445,9.768459129,0.009571292,-34.10625076,-67.5,-59.11875153,0.017592906,0.034941464,-0.09419535,-0.355573445,9.768459129,0.009571292,18.680823379771823,32,83,18,21
0.11,-0.241221279,-0.232545853,0.626696646,-0.082136087,9.800098896,-0.347949266,0.003176497,0.076327555,-0.147096238,-0.405142426,-0.387689263,0.59488076,0.575901359,1.804040015,-1.534324348,2.9945333,-16.21875,-49.35000229,-37.42500305,142.8248228,,,,88.6228617,24.3757139,,,0.585284424,9.651689339,0.22444676,-33.26250076,-65.36250305,-56.92500305,-0.004764745,0.078312865,-0.146485375,0.585284424,9.651689339,0.22444676,18.71879639408647,32,83,18,21
0.12,0.79945825,0.148177624,0.305682525,0.007858346,9.802229404,-0.29390198,-0.076663529,0.022907428,-0.023518295,-0.40578106,-0.387921587,0.59085992,0.579432458,1.54347533,-1.540772855,2.735376358,-18.0,-53.43750381,-40.42500305,142.8928142,,,,88.6228617,24.3757139,,,0.696311392,10.00618625,-0.462412969,-35.04375076,-69.45000458,-59.92500305,-0.084604772,0.024892739,-0.022907429,0.696311392,10.00618625,-0.462412969,18.71329770563201,32,83,18,21
0.13,0.853147894,-0.392638206,-0.662992537,0.091596399,9.800209045,-0.342101291,0.016371176,-0.007483094,0.080389804,-0.412343591,-0.388267368,0.587007374,0.578479499,1.312080324,-1.53464818,2.515884161,-18.01875114,-52.38750076,-40.08750153,142.5763792,,,,88.6228617,24.3757139,,,0.692482881,9.331051254,-1.028435183,-35.0625,-68.41875458,-59.58750153,0.008429934,-0.005497783,0.081000669,0.692482881,9.331051254,-1.028435183,18.688493564427123,32,83,18,21
0.14,-0.376321051,-0.107122421,0.031718597,0.087503161,9.799314499,-0.368222937,0.050213085,-0.073089973,0.085276724,-0.41373153,-0.388280675,0.587176204,0.577308834,1.339470208,-1.532148361,2.545710325,-17.64375114,-54.45000076,-40.65000153,143.2565823,,,,88.6228617,24.3757139,,,-0.235932323,9.764152145,0.067477598,-34.6875,-70.46250153,-60.15000153,0.042271842,-0.07110466,0.085887589,-0.235932323,9.764152145,0.067477598,18.687272998688275,32,83,18,21
0.15,-0.264721349,0.28714323,0.571715504,0.060963716,9.801163197,-0.321464702,-0.042302385,0.034972009,0.018784092,-0.41045998,-0.388850778,0.587950766,0.578470886,1.38584435,-1.537382305,2.587383628,-16.57500076,-50.86875153,-38.4375,142.9245375,,,,88.6228617,24.3757139,,,-0.714855764,10.19402266,0.20638096,-33.61875153,-66.90000153,-57.93750381,-0.050243629,0.036957318,0.019394957,-0.714855764,10.19402266,0.20638096,18.68733618039413,32,83,18,21
0.16,-0.643483579,0.39792347,-0.040848762,0.01463617,9.801673889,-0.312040895,-0.032864526,-0.001740965,-0.020891576,-0.407632083,-0.388440192,0.590227067,0.578430951,1.523926139,-1.538936734,2.719898224,-18.50625038,-52.18125153,-38.45625305,143.6107312,0.0,991.7712402,,88.6228617,24.3757139,,,-0.351266363,9.573683167,-0.805902672,-35.55000305,-68.1937561,-57.95625305,-0.040805766,0.000244,-0.020280711,-0.351266363,9.573683167,-0.805902672,18.692169689718373,32,83,18,21
0.17,-0.349793255,-0.316051483,-0.527757362,-0.002914262,9.800671101,-0.342245996,0.052900891,0.038698283,-0.051801334,-0.407787561,-0.387498081,0.591602534,0.577547103,1.578886032,-1.535883307,2.773548365,-19.35000038,-50.85000229,-37.51875305,143.5789108,,,,88.6228617,24.3757139,,,-0.515055068,9.840483189,-0.424726019,-36.375,-66.86250305,-57.01875305,0.044959648,0.040683594,-0.051190469,-0.515055068,9.840483189,-0.424726019,18.70099025726528,32,83,18,21
0.18,-0.201367892,0.003967285,0.275638334,-0.021674034,9.8008008,-0.337864891,-0.018631376,0.038179048,-0.081703166,-0.406360447,-0.387069598,0.592690587,0.577724844,1.634560347,-1.536262274,2.826044798,-17.71875,-52.08750153,-36.69375229,144.8366957,,,,88.6228617,24.3757139,,,0.209132697,9.705767441,0.139740844,-34.74375153,-68.1000061,-56.19375229,-0.026572618,0.040164359,-0.0810923,0.209132697,9.705767441,0.139740844,18.69727780074568,32,83,18,21
0.19,0.375358149,-0.1084342,0.347231165,0.004154633,9.801634312,-0.313473925,-0.040317076,-0.002474002,-0.022479824,-0.406428337,-0.387554094,0.591261178,0.578815818,1.557327867,-1.538812816,2.749727368,-19.44375038,-53.02500153,-39.31875229,143.4425676,,,,88.6228617,24.3757139,,,0.533599454,9.361200905,-0.263210489,-36.48750305,-69.05625153,-58.81875229,-0.048258318,-0.000489,-0.021868959,0.533599454,9.361200905,-0.263210489,18.691649165607917,32,83,18,21
0.2,0.570481002,-0.464328289,-0.167494118,0.035086761,9.801458359,-0.317015052,0.019058981,0.031612252,0.075380712,-0.398217559,-0.377717048,0.596272379,0.58584246,1.460823834,-1.538260221,2.622540474,-21.15000153,-47.96250153,-35.40000153,143.569832,0.095123291,991.7599487,,88.6228617,24.3757139,,,0.369691096,9.861420393,-0.493519671,-38.19375229,-63.97500229,-54.90000153,0.011117739,0.033597563,0.075991578,0.369691096,9.861420393,-0.493519671,18.704474115788887,32,83,18,21
0.21,-0.632721692,0.195718288,-0.039060473,0.007263935,9.801315784,-0.323080972,-0.022907429,-0.083383044,0.095142188,-0.397524372,-0.377751917,0.597438455,0.585102051,1.54817915,-1.537811637,2.708785057,-16.38750076,-51.01875305,-38.41875076,143.0190848,,,,88.6228617,24.3757139,,,-0.622612477,9.656475067,-0.419701093,-33.41250229,-67.05000305,-57.91875076,-0.030848672,-0.081397733,0.095753056,-0.622612477,9.656475067,-0.419701093,18.685579754426072,32,83,18,21
0.22,-0.766597703,-0.37419796,0.054641619,-0.027994349,9.801226139,-0.324577779,0.017470733,0.029657486,-0.049846566,-0.395626977,-0.377127156,0.599334478,0.584851235,1.657241881,-1.537535667,2.813590407,-18.60000038,-51.91875076,-37.98750305,143.8081057,,,,88.6228617,24.3757139,,,-0.826480946,9.563154984,-0.057427743,-35.64375305,-67.93125153,-57.48750305,0.00952949,0.031642795,-0.049235701,-0.826480946,9.563154984,-0.057427743,18.6916857859414,32,83,18,21
0.23,-0.020356264,0.377373695,0.440635324,-0.038237713,9.801697731,-0.30928579,-0.025045456,0.063988086,-0.09117157,-0.394071698,-0.376877874,0.599927187,0.585455298,1.69380343,-1.539011717,2.847088575,-17.66250038,-53.43750381,-39.78750229,143.3300534,,,,88.6228617,24.3757139,,,0.020338995,10.0600245,0.036490545,-34.70625305,-69.46875,-59.28750229,-0.032986698,0.065973395,-0.090560704,0.020338995,10.0600245,0.036490545,18.694654473731735,32,83,18,21
0.24,0.137914972,0.358677864,0.011193737,-0.032771102,9.801763535,-0.307758078,-0.040805767,0.020372341,-0.013927717,-0.394071266,-0.376753375,0.599773079,0.585693449,1.677096128,-1.53922981,2.830168247,-17.11875153,-52.89375305,-37.46250153,144.6916048,0.08190918,991.7615356,,88.6228617,24.3757139,,,-0.089491568,9.421978378,-1.002592707,-34.16250229,-68.92500305,-56.96250153,-0.048747009,0.02235765,-0.013316852,-0.089491568,9.421978378,-1.002592707,18.698242799368675,32,83,18,21
0.25,0.012310937,-0.753954887,-0.903238863,-0.032135529,9.800579548,-0.343261585,0.053633928,0.053847729,-0.026633704,-0.39641282,-0.376956657,0.599617392,0.584136128,1.66476351,-1.535626113,2.822175503,-14.96250057,-48.31875229,-35.8125,143.4551978,,,,88.6228617,24.3757139,,,-0.029192433,9.487541771,-0.766181785,-32.00625229,-64.3500061,-55.31250381,0.045692685,0.055833041,-0.02602284,-0.029192433,9.487541771,-0.766181785,18.71140703845571,32,83,18,21
0.26,0.0852274,0.300100327,0.156759873,-0.028474607,9.800218582,-0.353914186,-0.039400778,-0.030695955,0.003054324,-0.397938937,-0.377725258,0.598978519,0.583260447,1.65088892,-1.534577489,2.812188864,-19.74375153,-51.00000381,-37.48125076,143.6868504,,,,88.6228617,24.3757139,,,0.653240584,10.27358389,0.177667079,-36.78750229,-67.01250458,-56.98125076,-0.04734202,-0.028710645,0.003665189,0.653240584,10.27358389,0.177667079,18.687986951286327,32,83,18,21
0.27,0.731568187,0.059292793,0.329744279,-0.001285216,9.800842762,-0.337357685,-0.020402884,0.017440189,0.04214967,-0.398670405,-0.378395408,0.597396225,0.583948821,1.574495494,-1.536378145,2.73814702,-18.05625153,-51.00000381,-36.86250305,144.140818,,,,88.6228617,24.3757139,,,0.447936404,9.550712395,-0.327816705,-35.08125305,-67.03125,-56.36250305,-0.028344126,0.0194255,0.042760534,0.447936404,9.550712395,-0.327816705,18.70056937753653,32,83,18,21
0.28,-0.275368951,-0.149398804,-0.306062952,-0.005583371,9.800657749,-0.342670813,0.031642796,0.026236642,0.051312641,-0.398804963,-0.378381744,0.59758836,0.583669335,1.58688885,-1.535838187,2.750749826,-16.74375153,-52.16250229,-39.13125229,143.1235121,0.073974609,991.7625122,,88.6228617,24.3757139,,,-0.542692184,10.03454113,-0.657547647,-33.78750229,-68.17500305,-58.63125229,0.023701554,0.028221953,0.051923507,-0.542692184,10.03454113,-0.657547647,18.703696582754475,32,83,18,21
0.29,-0.740007848,0.412605762,-0.146840766,-0.03735227,9.800222397,-0.352974415,-0.025809037,-0.061697343,0.039400778,-0.397839189,-0.378036246,0.599160165,0.58294034,1.676144898,-1.534588575,2.837801695,-17.68125153,-50.26875305,-38.53125,142.5296551,,,,88.6228617,24.3757139,,,-0.629312361,9.841679573,-0.445065007,-34.72500229,-66.28125,-58.03125381,-0.033750279,-0.059712033,0.040011643,-0.629312361,9.841679573,-0.445065007,18.68185801650879,32,83,18,21
0.3,-0.147447228,-0.387127876,0.028290868,-0.043248594,9.800279617,-0.350771397,0.041172286,0.039064803,-0.06243038,-0.397275835,-0.377828479,0.599542081,0.583066761,1.693472624,-1.534747481,2.853822947,-18.69375038,-51.71250153,-37.125,144.3249986,,,,88.6228617,24.3757139,,,-0.435972282,9.466006279,0.059342003,-35.73750305,-67.7250061,-56.62500381,0.033231044,0.041050113,-0.061819517,-0.435972282,9.466006279,0.059342003,18.70430179407605,32,83,18,21
0.31,-0.238482587,-0.00715971,0.508235544,-0.049895357,9.800798893,-0.334973291,-0.022113305,0.066065027,-0.029688028,-0.397693321,-0.37948969,0.598771363,0.582488596,1.718630791,-1.53625387,2.882486939,-12.84375095,-51.46875381,-35.58750153,145.3385079,,,,88.6228617,24.3757139,,,-0.066041911,9.897671318,-0.1861616,-29.88750076,-67.48125458,-55.08750153,-0.030054548,0.068050335,-0.029077163,-0.066041911,9.897671318,-0.1861616,18.686820964947483,32,83,18,21
0.32,-0.060993863,0.064963341,-0.206898727,-0.051253378,9.800720692,-0.337045267,-0.041233373,0.018631375,0.014508038,-0.399204507,-0.380972266,0.597890705,0.581396997,1.721718132,-1.53602469,2.890644431,-18.65625,-53.02500153,-40.74375153,142.4617727,0.158538818,991.7526245,,88.6228617,24.3757139,,,-0.034695926,9.552746296,-1.103091225,-35.70000076,-69.05625153,-60.24375153,-0.049174615,0.020616686,0.015118903,-0.034695926,9.552746296,-1.103091225,18.682602063719404,32,83,18,21
0.33,0.176063444,-0.508412361,-0.651030064,-0.047146659,9.800010681,-0.35765554,0.069394239,0.036743517,-0.031154103,-0.400238723,-0.380613029,0.597944379,0.5808658,1.701940835,-1.533996761,2.87203598,-18.54375076,-51.20625305,-37.72500229,143.6199423,,,,88.6228617,24.3757139,,,0.28378876,9.401399994,-0.444586445,-35.58750153,-67.21875,-57.22500229,0.061452998,0.038728828,-0.030543239,0.28378876,9.401399994,-0.444586445,18.717955421490124,32,83,18,21
0.34,0.298175782,0.291636467,0.505371422,-0.034711804,9.800367355,-0.349221244,-0.023701554,-0.024342961,0.00659734,-0.39901486,-0.379367694,0.598205566,0.582251936,1.669796765,-1.535001457,2.835693479,-16.66875076,-47.68125153,-34.36875153,144.2158534,,,,88.6228617,24.3757139,,,0.166899374,9.999605894,0.268594343,-33.71250153,-63.69375229,-53.86875153,-0.031642796,-0.022357651,0.007208205,0.166899374,9.999605894,0.268594343,18.71862528132297,32,83,18,21
0.35,0.203302829,-0.654529572,-0.018172488,-0.033183485,9.800581455,-0.343341723,-0.011759147,0.016493348,0.057574007,-0.399002388,-0.379652217,0.597959936,0.582327366,1.667172015,-1.535615504,2.833521843,-19.06875038,-51.61875153,-36.75,144.551013,,,,88.6228617,24.3757139,,,0.007657027,8.96782074,-0.615912548,-36.09375,-67.65000153,-56.25000381,-0.019700389,0.01847866,0.058184871,0.007657027,8.96782074,-0.615912548,18.71233589392465,32,83,18,21
0.36,-0.557998329,-0.154281616,-0.170598313,-0.054567384,9.800289154,-0.348858431,0.038850999,-0.016157373,0.099082267,-0.398526669,-0.379687086,0.59884873,0.581716627,1.725933313,-1.534775615,2.891547084,-18.78750038,-50.08125305,-37.01250076,143.5337826,0.214019775,991.7459717,,88.6228617,24.3757139,,,-0.606341255,9.790951729,-0.311545502,-35.83125305,-66.09375,-56.51250076,0.030909757,-0.014172063,0.09969313,-0.606341255,9.790951729,-0.311545502,18.692184550766928,32,83,18,21
0.37,-0.511589885,0.160916328,0.376259357,-0.069978595,9.800408363,-0.342784315,-0.015515965,0.029901831,0.013561199,-0.397503406,-0.379624963,0.59954381,0.581741452,1.772175431,-1.535113096,2.935947657,-18.9375,-51.90000153,-38.625,143.3426532,,,,88.6228617,24.3757139,,,-0.537188686,10.35733271,0.138783714,-35.98125076,-67.9125061,-58.12500381,-0.023457208,0.031887141,0.014172063,-0.537188686,10.35733271,0.138783714,18.683906884560248,32,83,18,21
0.38,-0.580858707,0.515732288,0.426984996,-0.07819489,9.800644875,-0.334099129,-0.013591741,0.022449281,-0.08552107,-0.396507278,-0.379460126,0.599997342,0.582060993,1.80077076,-1.53579855,2.962568521,-15.99375057,-51.05625153,-37.14375305,143.9638684,,,,88.6228617,24.3757139,,,-0.34600215,9.547362328,-0.257946279,-33.03750229,-67.0687561,-56.64375305,-0.021532983,0.024434592,-0.084910206,-0.34600215,9.547362328,-0.257946279,18.70736932106048,32,83,18,21
0.39,-0.013193637,-0.334123611,-0.096559584,-0.074473448,9.800765514,-0.331414148,0.026145012,0.055191634,-0.069516413,-0.396108374,-0.379064023,0.60008961,0.58249554,1.791838646,-1.536150694,2.952288151,-16.59375,-51.33750153,-38.36250305,143.2306786,,,,88.6228617,24.3757139,,,-0.16271194,9.728738213,-0.253639197,-33.61875153,-67.3500061,-57.86250305,0.01820377,0.057176942,-0.068905547,-0.16271194,9.728738213,-0.253639197,18.697606099749574,32,83,18,21
0.4,0.153367992,-0.028227806,0.207188286,-0.074021164,9.800885677,-0.32793577,-0.008399391,-0.007788526,0.027947064,-0.395999029,-0.379146203,0.600018471,0.582589686,1.792763472,-1.53650862,2.953163505,-18.71250153,-51.05625153,-37.10625076,143.991398,0.224594116,991.744751,,88.6228617,24.3757139,,,0.460618354,9.296115875,-0.038285161,-35.75625229,-67.08750153,-56.60625076,-0.016340633,-0.005803215,0.028557929,0.460618354,9.296115875,-0.038285161,18.684881529393785,32,83,18,21
0.41,0.3121593,-0.274657249,0.335431412,-0.067245122,9.801211834,-0.319568425,-0.00415388,0.022693626,0.045937032,-0.395804703,-0.379186526,0.599705011,0.583018094,1.778218448,-1.537488341,2.938347101,-16.38750076,-49.06875229,-36.1875,143.5917585,,,,88.6228617,24.3757139,,,-0.008135597,9.670353508,-0.021535404,-33.43125153,-65.08125305,-55.68750381,-0.012095123,0.024678937,0.046547897,-0.008135597,9.670353508,-0.021535404,18.699807076404444,32,83,18,21
0.42,-0.027625551,0.139217377,-0.062090836,-0.07301921,9.801197529,-0.318702921,-0.021135922,0.019883648,0.057421289,-0.39558655,-0.379246548,0.599912465,0.582913637,1.795988202,-1.537447751,2.955849648,-19.14375114,-51.13125229,-38.10000229,143.3086874,,,,88.6228617,24.3757139,,,-0.401037072,9.898628616,-0.66759752,-36.16875076,-67.1625061,-57.60000229,-0.029077164,0.021868959,0.058032154,-0.401037072,9.898628616,-0.66759752,18.6813755408446,32,83,18,21
0.43,-0.741943926,0.017920971,-0.524881899,-0.091995064,9.800658226,-0.33016181,0.012980877,-0.030543239,0.028557929,-0.395272985,-0.378982395,0.600884944,0.582296133,1.842435777,-1.535838068,3.001338601,-17.47500038,-54.28125381,-37.875,145.0944106,,,,88.6228617,24.3757139,,,-0.768694282,9.607183218,-0.7920243,-34.51875305,-70.29375458,-57.37500381,0.005039635,-0.028557929,0.029168794,-0.768694282,9.607183218,-0.7920243,18.716372816083144,32,83,18,21
0.44,-0.569460869,-0.301156044,-0.071709722,-0.100444436,9.800571442,-0.330280751,0.054611311,0.027458372,-0.06157517,-0.39414221,-0.37814641,0.601769507,0.582692623,1.866026521,-1.53558743,3.021609068,-16.81875038,-49.50000381,-35.98125076,143.9868256,0.264221191,991.7401123,,88.6228617,24.3757139,,,-0.547956374,9.454999352,0.161276247,-33.86250305,-65.53125,-55.48125076,0.046670069,0.029443683,-0.060964304,-0.547956374,9.454999352,0.161276247,18.690351199263997,32,83,18,21
0.45,-0.134922728,0.076503754,0.699547052,-0.100954823,9.800968647,-0.318100274,-0.048747009,0.047861255,-0.04838049,-0.393237993,-0.37798138,0.601894766,0.583280861,1.878021836,-1.536756933,3.031787395,-19.89375114,-51.03750229,-39.01875305,142.6016748,,,,88.6228617,24.3757139,,,0.092841519,10.01683426,0.152662082,-36.91875076,-67.05000305,-58.51875305,-0.056688252,0.049846566,-0.047769625,0.092841519,10.01683426,0.152662082,18.70650089137415,32,83,18,21
0.46,0.316716,0.01181221,0.042890504,-0.094503134,9.801179409,-0.313536063,-0.014966187,0.049174615,0.011606431,-0.392336562,-0.377074763,0.602189392,0.584168792,1.863603711,-1.537395,3.014312267,-18.95625114,-49.93125153,-36.39375305,143.9125439,,,,88.6228617,24.3757139,,,0.202791722,9.190831661,-0.993021414,-35.98125076,-65.96250153,-55.89375305,-0.02290743,0.051159927,0.012217296,0.202791722,9.190831661,-0.993021414,18.69246844304357,32,83,18,21
0.47,-0.026769839,-0.442141056,-0.630814612,-0.093280204,9.800863743,-0.323650569,0.062552554,0.008277218,0.034697119,-0.391882077,-0.37593542,0.602850258,0.584527522,1.851390541,-1.536441863,2.999423742,-17.47500038,-50.41875076,-36.46875,144.121137,,,,88.6228617,24.3757139,,,-0.172283232,9.756973457,-0.620219624,-34.51875305,-66.45000458,-55.96875381,0.054611311,0.010262528,0.035307984,-0.172283232,9.756973457,-0.620219624,18.700802720847104,32,83,18,21
0.48,-0.210814752,0.162618637,0.069604099,-0.101186924,9.80071497,-0.325774536,-0.015027273,-0.00858265,0.037140579,-0.391227037,-0.375443161,0.603491098,0.584621489,1.871943414,-1.536002219,3.018049955,-17.34375,-50.62500381,-36.67500305,144.0787577,0.272155762,991.7391357,,88.6228617,24.3757139,,,-0.30771698,9.830672455,-0.218703987,-34.36875153,-66.65625,-56.17500305,-0.022968515,-0.00659734,0.037751444,-0.30771698,9.830672455,-0.218703987,18.701868411173724,32,83,18,21
0.49,-0.388311282,-0.134883404,0.000124,-0.108969089,9.800666332,-0.324723452,0.007330377,-0.013897173,-0.002290743,-0.390807554,-0.375383869,0.603856623,0.584562689,1.894554794,-1.535861135,3.039855838,-15.76875019,-51.88125229,-38.68125153,143.2927893,,,,88.6228617,24.3757139,,,-0.372682104,9.422935486,-0.375074953,-32.8125,-67.9125061,-58.18125153,-0.000611,-0.011911864,-0.001679878,-0.372682104,9.422935486,-0.375074953,18.68739417822101,32,83,18,21
0.5,0.087184429,0.259963036,0.177123263,-0.109731179,9.800819874,-0.319813535,0.03225366,0.069485867,-0.005864302,-0.390411541,-0.375307664,0.603936166,0.584794044,1.901341081,-1.536311328,3.045842171,-19.83750153,-50.70000076,-37.53750229,143.4843209,,,,88.6228617,24.3757139,,,-0.1268196,10.41978531,0.000479,-36.88125229,-66.71250153,-57.03750229,0.024312418,0.071471178,-0.005253437,-0.1268196,10.41978531,0.000479,18.718783385110573,32,83,18,21
0.51,-0.202527732,1.185304642,0.355141252,-0.114186853,9.800911903,-0.315408617,-0.021380268,-0.011270456,0.008552107,-0.391423941,-0.376801759,0.603193462,0.583922446,1.918145776,-1.536587119,3.066864729,-14.47500038,-50.98125076,-37.55625153,143.6221173,,,,88.6228617,24.3757139,,,-0.249451764,9.668199539,-0.283549478,-31.51875114,-66.99375153,-57.05625153,-0.029321509,-0.009285145,0.009162972,-0.249451764,9.668199539,-0.283549478,18.71100531293444,32,83,18,21
0.52,0.145205855,-0.337096691,-0.182262555,-0.109726597,9.800984859,-0.314653933,0.050854493,0.100639973,-0.071623894,-0.391306177,-0.376548991,0.603162766,0.584195971,1.906286299,-1.536804914,3.054378629,-18.5625,-52.35000229,-37.80000305,144.1683406,0.25100708,991.7415161,,88.6228617,24.3757139,,,-0.174676053,9.761759377,-0.455593431,-35.60625076,-68.36250305,-57.30000305,0.042913251,0.102625284,-0.071013029,-0.174676053,9.761759377,-0.455593431,18.71757995766256,32,83,18,21
0.53,-0.119260848,0.410121918,0.020314217,-0.106491629,9.800990105,-0.315645516,-0.021013748,-0.007971785,-0.017715079,-0.390907675,-0.375948027,0.603400737,0.584603697,1.896180332,-1.536820531,3.042588592,-18.33750153,-49.93125153,-36.39375305,143.9125439,,,,88.6228617,24.3757139,,,0.421136786,9.993863106,-0.279003116,-35.38125229,-65.96250153,-55.89375305,-0.02895499,-0.005986475,-0.017104214,0.421136786,9.993863106,-0.279003116,18.715793094017094,32,83,18,21
0.54,0.690515876,0.23093462,-0.015334085,-0.099242289,9.801033497,-0.316663966,0.003054324,-0.022999059,0.090652332,-0.391073659,-0.375768498,0.603206366,0.584808886,1.87449801,-1.536950648,3.020881414,-16.06875038,-50.81250381,-38.21250153,143.0557547,,,,88.6228617,24.3757139,,,0.06819544,10.09472036,-0.297308218,-33.11250305,-66.82500458,-57.71250153,-0.004886918,-0.021013749,0.091263198,0.06819544,10.09472036,-0.297308218,18.70391599915244,32,83,18,21
0.55,-0.248766392,-0.340797424,0.173892178,-0.10903253,9.801168442,-0.309169561,0.072234761,0.030543238,0.063071789,-0.390709698,-0.376243278,0.603324205,0.584625304,1.909890711,-1.537359774,3.056458235,-16.72500038,-49.70625305,-36.84375,143.45306,,,,88.6228617,24.3757139,,,-0.229232419,9.539226723,0.06939186,-33.76875305,-65.71875,-56.34375381,0.064293517,0.032528549,0.063682655,-0.229232419,9.539226723,0.06939186,18.71687496940092,32,83,18,21
0.56,-0.913958013,0.837414265,0.771888077,-0.12291934,9.801314354,-0.299073502,-0.054000447,-0.017623448,0.02235765,-0.389183119,-0.375840306,0.604161441,0.585037678,1.960682869,-1.537806988,3.103997827,-17.64375114,-49.98750305,-36.65625,143.7470956,0.200805664,991.7475586,,88.6228617,24.3757139,,,-0.97196455,10.4997057,0.258424844,-34.6875,-66.0,-56.15625381,-0.06194169,-0.015638139,0.022968515,-0.97196455,10.4997057,0.258424844,18.68353970008207,32,83,18,21
0.57,0.011306614,-0.07783556,-0.205015779,-0.12401719,9.8013134,-0.298749149,-0.010842849,0.115606161,-0.072692909,-0.388652578,-0.375356093,0.604508817,0.585342675,1.964276969,-1.537806988,3.105886102,-18.13125038,-51.69375229,-37.78125,143.8381686,,,,88.6228617,24.3757139,,,-0.238085851,9.631110907,-0.669990346,-35.17500305,-67.7250061,-57.28125381,-0.018784092,0.11759147,-0.072082045,-0.238085851,9.631110907,-0.669990346,18.68783931449676,32,83,18,21
0.58,-0.20503673,0.942700386,-0.305047512,-0.122927822,9.801246643,-0.301393926,0.02480111,0.009498947,-0.048013971,-0.388494134,-0.374986172,0.604692459,0.585495293,1.958065152,-1.537598848,3.098787308,-16.20000076,-49.21875381,-34.125,145.2651425,,,,88.6228617,24.3757139,,,-0.12681959,10.13073254,-0.345045027,-33.22500229,-65.25,-53.62500381,0.016859868,0.011484258,-0.047403108,-0.12681959,10.13073254,-0.345045027,18.681809091556413,32,83,18,21
0.59,0.336488582,0.007648468,0.080201559,-0.117416352,9.80138731,-0.298970252,0.012705987,0.041263917,-0.044470956,-0.388176203,-0.374589682,0.604705751,0.585945845,1.944889724,-1.538034022,3.084407568,-18.39375114,-50.28750229,-35.83125305,144.529064,,,,88.6228617,24.3757139,,,0.143090788,9.352586555,0.15170496,-35.41875076,-66.30000305,-55.33125305,0.004764745,0.043249225,-0.043860091,0.143090788,9.352586555,0.15170496,18.69301321323052,32,83,18,21
0.6,0.195608057,-0.432745934,0.519376025,-0.109625667,9.801707745,-0.291360781,-0.018325943,0.017409646,0.000458,-0.38776274,-0.374324813,0.604541361,0.586558372,1.930628717,-1.539046288,3.068997025,-17.49375153,-50.85000229,-36.90000153,144.0329698,0.1690979,991.7513428,,88.6228617,24.3757139,,,0.506081998,9.39003396,0.135194479,-34.53750229,-66.86250305,-56.40000153,-0.026267186,0.019394957,0.001069013,0.506081998,9.39003396,0.135194479,18.69554709158757,32,83,18,21
0.61,0.555244029,0.01617527,0.317122921,-0.107492816,9.801822662,-0.288275406,-0.044593129,0.000458,0.11105522,-0.38775146,-0.374419317,0.604392916,0.586658478,1.927703798,-1.539417565,3.066209435,-16.76250076,-50.53125381,-34.16250229,145.9386804,,,,88.6228617,24.3757139,,,0.174197486,10.15274639,-0.170368971,-33.80625153,-66.54375458,-53.66250229,-0.052534372,0.002443459,0.111666082,0.174197486,10.15274639,-0.170368971,18.69085396127095,32,83,18,21
0.62,-0.036136992,0.356718063,-0.125747457,-0.118607666,9.801663399,-0.289311111,0.009040799,-0.010293071,0.113865194,-0.386591941,-0.373598278,0.605369002,0.586940676,1.959835172,-1.538906157,3.095021009,-19.63125038,-48.35625076,-35.75625229,143.519522,,,,88.6228617,24.3757139,,,-0.758524773,9.856514931,-0.450329229,-36.67500305,-64.36875153,-55.25625229,0.001099557,-0.008307761,0.11447606,-0.758524773,9.856514931,-0.450329229,18.713149500366068,32,83,18,21
0.63,-1.116353989,-0.082502365,0.095909312,-0.132940151,9.801576614,-0.286011055,0.041538805,0.017715079,-0.049480049,-0.385668203,-0.373412997,0.606086433,0.586925805,2.005910754,-1.538629532,-0.002354264,-18.65625,-51.35625076,-37.6875,143.727123,,,,88.6228617,24.3757139,,,-1.08634147,9.763912678,0.092721875,-35.70000076,-67.38750458,-57.18750381,0.033597563,0.019700389,-0.048869183,-1.08634147,9.763912678,0.092721875,18.694270133067736,32,83,18,21
0.64,-0.5800661,0.28017807,0.628465146,-0.135597691,9.801725388,-0.279575303,-0.040194902,0.031978771,-0.101403554,-0.385119051,-0.373348519,0.606237948,0.587170929,2.022390008,-1.539105952,-3.128499866,-16.36875153,-48.41250229,-37.57500076,142.1834414,0.155883789,991.7530518,,88.6228617,24.3757139,,,-0.503928448,9.821101189,0.285703019,-33.41250229,-64.4437561,-57.07500076,-0.048136145,0.033964083,-0.100792688,-0.503928448,9.821101189,0.285703019,18.691237380387488,32,83,18,21
0.65,0.187296003,-0.655893326,0.231399179,-0.130590811,9.801895142,-0.275997072,-0.000977,0.090866135,-0.054611311,-0.389804363,-0.378207624,0.60300684,0.584289551,2.012740135,-1.539655924,-3.122117519,-17.79375076,-49.78125381,-36.43125153,143.8023374,,,,88.6228617,24.3757139,,,0.491126854,9.184251308,-0.314656179,-34.83750153,-65.79375458,-55.93125153,-0.008918626,0.092851445,-0.054000446,0.491126854,9.184251308,-0.314656179,18.70170784332632,32,83,18,21
0.66,0.389069505,-0.249349117,-0.021134496,-0.125174783,9.801958084,-0.276277006,-0.012064579,0.008093959,0.040469792,-0.392309219,-0.380559325,0.601289302,0.582840919,1.996201694,-1.539863408,-3.130458355,-17.25,-52.61250305,-37.63125229,144.4256399,,,,88.6228617,24.3757139,,,0.188075862,9.810572815,-0.290488669,-34.27500153,-68.64375305,-57.13125229,-0.020005821,0.010079268,0.041080656,0.188075862,9.810572815,-0.290488669,18.68563696899898,32,83,18,21
0.67,0.579015732,0.012445927,-0.115875423,-0.123198144,9.801887989,-0.279646978,-0.023701554,0.032345291,0.048747009,-0.39713423,-0.385251626,0.598209769,0.579650819,1.985776842,-1.539629161,-3.124762535,-19.27500153,-49.85625076,-37.42500305,143.1059745,,,,88.6228617,24.3757139,,,0.18376877,10.00343437,-0.537906528,-36.31875229,-65.86875153,-56.92500305,-0.031642795,0.034330601,0.049357875,0.18376877,10.00343437,-0.537906528,18.712087879230157,32,83,18,21
0.68,-0.230340593,-0.006669998,-0.312080324,-0.124994121,9.801755905,-0.283446297,0.037995789,-0.036438083,0.010873393,-0.399636999,-0.387676775,0.596724093,0.577855796,1.986105502,-1.539201796,-3.116060495,-16.23750114,-51.95625305,-38.26875305,143.6262288,0.126831055,991.7562256,,88.6228617,24.3757139,,,-0.38285163,8.897112846,-0.602991313,-33.28125,-67.96875,-57.76875305,0.030054547,-0.034452774,0.011484258,-0.38285163,8.897112846,-0.602991313,18.682982025747183,32,83,18,21
0.69,-0.124739066,-0.218188763,0.144732878,-0.129264437,9.801755905,-0.281525418,0.00885754,0.00122173,0.029779658,-0.403425112,-0.3918816,0.594154418,0.57502827,2.00123328,-1.539201677,-3.087292075,-17.75625038,-50.13750076,-36.63750076,143.8428889,,,,88.6228617,24.3757139,,,-0.584327297,10.25133095,0.33212378,-34.80000305,-66.16875458,-56.13750076,0.000916,0.003207041,0.030390523,-0.584327297,10.25133095,0.33212378,18.71947547746401,32,83,18,21
0.7,-0.231355116,-0.032092571,0.574115634,-0.141349576,9.801821232,-0.273325667,-0.019303328,0.012797618,0.051068296,-0.406257361,-0.395806134,0.592067838,0.572492868,2.048076034,-1.539413512,-3.028870106,-18.05625153,-51.61875153,-37.40625,144.0705095,,,,88.6228617,24.3757139,,,-0.15170495,9.111389923,-0.044985069,-35.08125305,-67.6312561,-56.90625381,-0.027244569,0.014782929,0.051679161,-0.15170495,9.111389923,-0.044985069,18.71088979077186,32,83,18,21
0.71,-0.752696678,-0.146404743,-0.019765869,-0.1441532,9.801867485,-0.270161837,0.02611447,0.083230324,-0.05177079,-0.408889055,-0.398835942,0.590152204,0.570490956,2.060888886,-1.539564908,-3.006320357,-16.33125114,-51.03750229,-37.78125,143.4887685,,,,88.6228617,24.3757139,,,-1.179661557,9.981659651,-0.346959274,-33.375,-67.0687561,-57.28125381,0.018173228,0.085215635,-0.051159926,-1.179661557,9.981659651,-0.346959274,18.68794862726136,32,83,18,21
0.72,-0.518738627,-0.021634102,-0.303865761,-0.147446692,9.801681519,-0.275112718,-0.030665413,0.030879215,-0.072937255,-0.411843777,-0.401734859,0.588325381,0.56821388,2.062788248,-1.538961053,-2.994308233,-19.5,-49.98750305,-37.27500153,143.2886066,0.110977173,991.7581787,,88.6228617,24.3757139,,,-0.04211368,9.628239822,-0.685782981,-36.54375076,-66.0,-56.77500153,-0.038606655,0.032864525,-0.07232639,-0.04211368,9.628239822,-0.685782981,18.680220884684932,32,83,18,21
0.73,0.176683731,-0.121479988,-0.333117023,-0.142713241,9.801615715,-0.279901788,0.030054548,-0.019578216,0.010140355,-0.412262335,-0.401680857,0.588157147,0.568122715,2.042306423,-1.538752973,-3.01415813,-18.80625153,-50.30625153,-35.19375229,145.0237474,,,,88.6228617,24.3757139,,,0.290010108,9.28032341,-0.285224469,-35.83125305,-66.3187561,-54.69375229,0.022113305,-0.017592905,0.01075122,0.290010108,9.28032341,-0.285224469,18.712618457138184,32,83,18,21
0.74,0.48311431,-0.586678505,0.165488154,-0.139114186,9.801840305,-0.27378498,0.051312642,0.062155491,0.030695955,-0.413724363,-0.40340808,0.586814672,0.567218393,2.040943503,-1.539476335,-3.010003328,-15.90000057,-50.53125381,-36.33750153,144.2797317,,,,88.6228617,24.3757139,,,-0.183649139,9.610772133,0.265603308,-32.92500305,-66.5625,-55.83750153,0.0433714,0.064140801,0.03130682,-0.183649139,9.610772133,0.265603308,18.70827429375389,32,83,18,21
0.75,-0.380392663,0.19896841,0.347285479,-0.146662481,9.801797867,-0.271338463,-0.06487384,-0.041202829,0.048013972,-0.416228265,-0.40646784,0.585028827,0.565042734,2.066242218,-1.539339066,-2.975045204,-19.74375153,-53.38125229,-40.16250229,143.043261,,,,88.6228617,24.3757139,,,-0.509671222,9.491370392,-0.503449878,-36.78750229,-69.4125061,-59.66250229,-0.072815081,-0.039217518,0.048624836,-0.509671222,9.491370392,-0.503449878,18.70916028672163,32,83,18,21
0.76,-0.190696202,-0.445710659,-0.620261222,-0.153203711,9.801542759,-0.276909485,0.047158762,0.044318239,0.004886918,-0.42004402,-0.410369381,0.582587481,0.56191799,2.076129556,-1.538520753,-2.951699257,-17.56875038,-51.93750381,-36.07500076,145.2167436,0.124176025,991.7566528,,88.6228617,24.3757139,,,-0.793220691,9.499505758,-0.729810908,-34.61250305,-67.96875,-55.57500076,0.039217519,0.04630355,0.005497783,-0.793220691,9.499505758,-0.729810908,18.71085081386743,32,83,18,21
0.77,-0.511461087,0.338530064,0.062708668,-0.161242783,9.801426888,-0.276424497,0.013133593,0.02367101,-0.016798781,-0.42185986,-0.412629381,0.581341624,0.56019029,2.098852396,-1.538156748,-2.921839833,-18.39375114,-51.00000381,-37.5,143.6731761,,,,88.6228617,24.3757139,,,-0.565663284,9.968977547,-0.064606211,-35.4375,-67.01250458,-57.00000381,0.005192351,0.025656321,-0.016187917,-0.565663284,9.968977547,-0.064606211,18.68296178606936,32,83,18,21
0.78,-0.565638006,-0.318821907,0.235913098,-0.161146313,9.801456451,-0.275429755,-0.022357651,0.055802498,-0.076724617,-0.423730493,-0.414625436,0.579915464,0.558781087,2.100168467,-1.538251758,-2.913743019,-18.45000076,-50.70000076,-36.91875076,143.9386238,,,,88.6228617,24.3757139,,,-0.344087902,9.438249397,-0.511585486,-35.49375153,-66.71250153,-56.41875076,-0.030298893,0.057787808,-0.076113753,-0.344087902,9.438249397,-0.511585486,18.694338629141765,32,83,18,21
0.79,-0.14551039,-0.384567261,-0.355833709,-0.155837901,9.801437378,-0.279136747,0.024740024,0.04612029,-0.069180436,-0.424987778,-0.415479541,0.57906875,0.558066368,2.07998383,-1.538191497,-2.930212498,-20.34375,-50.79375076,-37.25625229,143.7406599,,,,88.6228617,24.3757139,,,0.358923383,9.309276581,-0.77946198,-37.38750076,-66.80625153,-56.75625229,0.016798781,0.048105602,-0.068569573,0.358923383,9.309276581,-0.77946198,18.684634762381,32,83,18,21
0.8,0.431025863,-0.089668751,-0.290096596,-0.150476761,9.801373482,-0.284292221,-0.00207694,-0.02226602,0.046914415,-0.427546665,-0.417595997,0.577307433,0.556353956,2.057601571,-1.537990153,-2.94435668,-18.88125038,-50.77500153,-37.91250229,143.252166,0.108322144,991.7584839,,88.6228617,24.3757139,,,0.112941228,9.92925663,-0.245503604,-35.90625,-66.7875061,-57.41250229,-0.010018182,-0.02028071,0.047525281,0.112941228,9.92925663,-0.245503604,18.714524137035017,32,83,18,21
0.81,0.439114064,-0.007527828,0.01077576,-0.154265113,9.801320076,-0.284097612,0.010690134,0.023060145,0.093309596,-0.429670334,-0.419978291,0.575744659,0.554541707,2.068250656,-1.537825942,-2.925744534,-16.23750114,-49.57500076,-35.58750153,144.3272577,,,,88.6228617,24.3757139,,,-0.018544376,9.503095388,-0.335593373,-33.28125,-65.58750153,-55.08750153,0.002748892,0.025045456,0.09392046,-0.018544376,9.503095388,-0.335593373,18.70493192507309,32,83,18,21
0.82,-0.485184371,0.290704727,-0.085368022,-0.161289334,9.801206112,-0.284102902,0.006230821,0.025014912,0.026022839,-0.432116881,-0.422830477,0.573966742,0.552314669,2.087106705,-1.537475586,-2.897492528,-18.82500076,-51.03750229,-39.01875305,142.6016748,,,,88.6228617,24.3757139,,,-0.782931572,10.08144035,-0.503449899,-35.86875153,-67.05000305,-58.51875305,-0.001710421,0.027000223,0.026633705,-0.782931572,10.08144035,-0.503449899,18.6932359209941,32,83,18,21
0.83,-0.539876461,0.133452892,-0.47650367,-0.164458282,9.800978184,-0.290098339,0.00329867,0.019272783,-0.073425946,-0.43355602,-0.424117029,0.573157698,0.551039159,2.086532354,-1.536785066,-2.893215299,-19.74375153,-50.88750076,-38.40000153,142.9615852,,,,88.6228617,24.3757139,,,-0.808295503,9.71581707,-0.733639419,-36.78750229,-66.91875458,-57.90000153,-0.004642572,0.021258095,-0.072815082,-0.808295503,9.71581707,-0.733639419,18.682542334011437,32,83,18,21
0.84,0.0194484,-0.312412739,-0.137324855,-0.165355742,9.80095005,-0.290545911,0.048869183,0.017867794,-0.041691521,-0.435033396,-0.425667852,0.572046906,0.549831927,2.088166595,-1.536699712,-2.886186957,-16.25625038,-51.05625153,-36.50625229,144.4344653,0.116256714,991.7575073,,88.6228617,24.3757139,,,0.406779848,9.498907566,-0.189032989,-33.30000305,-67.08750153,-56.00625229,0.040927941,0.019853105,-0.041080656,0.406779848,9.498907566,-0.189032989,18.69243929286862,32,83,18,21
0.85,0.351616085,0.426314354,0.60881424,-0.163438305,9.801153183,-0.284757048,-0.005131265,0.034300057,0.055222176,-0.436490446,-0.427434832,0.570642173,0.548765004,2.091845036,-1.53730917,-2.876760244,-16.85625076,-49.83750153,-37.46250153,143.0680713,,,,88.6228617,24.3757139,,,0.027756743,10.33125095,0.295752879,-33.90000153,-65.86875153,-56.96250153,-0.013072507,0.036285368,0.055833042,0.027756743,10.33125095,0.295752879,18.693007332881063,32,83,18,21
0.86,0.245824948,0.419327736,0.312655121,-0.163783945,9.801233292,-0.281748652,-0.016737695,0.059834204,0.007941243,-0.437072098,-0.428230166,0.570060313,0.548285037,2.097355127,-1.537557602,-2.86879313,-19.08750153,-49.96875381,-37.91250229,142.8115298,,,,88.6228617,24.3757139,,,-0.310588384,9.761759377,-0.742732143,-36.13125229,-66.0,-57.41250229,-0.024678937,0.061819515,0.008552106,-0.310588384,9.761759377,-0.742732143,18.709184247133518,32,83,18,21
0.87,-0.498066626,0.014140129,-0.561238855,-0.165010162,9.8010602,-0.286988586,0.039553495,-0.040927941,-0.025503605,-0.438546315,-0.429514542,0.569148302,0.547049522,2.092566133,-1.53703171,-2.868635774,-17.85000038,-51.41250229,-36.54375076,144.5949746,,,,88.6228617,24.3757139,,,-0.244666122,9.727422237,-0.672383174,-34.89375305,-67.42500305,-56.04375076,0.031612252,-0.03894263,-0.02489274,-0.244666122,9.727422237,-0.672383174,18.7055022988542,32,83,18,21
0.88,0.115091018,-0.072595119,0.011777818,-0.16658064,9.801084518,-0.285247475,0.046425723,0.012431098,0.017470733,-0.439770207,-0.430959731,0.568125188,0.545993119,2.09938395,-1.537103593,-2.857032657,-16.53750038,-51.00000381,-36.90000153,144.1131565,0.171737671,991.7511597,1.16405201,88.6228617,24.3757139,,,-0.311066946,9.744530869,0.185204476,-33.58125305,-67.01250458,-56.40000153,0.038484481,0.014416409,0.018081598,-0.311066946,9.744530869,0.185204476,18.715488509703047,32,83,18,21
0.89,-0.263909779,-0.021762371,0.517315522,-0.173839509,9.801202297,-0.276749849,-0.011117739,0.03234529,0.033108871,-0.44096455,-0.433024183,0.566880375,0.544689715,2.131655216,-1.537461817,-2.818909287,-20.04375076,-50.64375305,-38.68125153,142.6277283,,,,88.62286208235294,24.37571388431373,,,-0.380458793,9.58205843,0.018544376,-37.08750153,-66.65625,-58.18125153,-0.019058982,0.0343306,0.033719736,-0.380458793,9.58205843,0.018544376,18.69888859700647,32,83,18,21
0.9,-0.382186621,0.153089523,-0.072054058,-0.179536738,9.801094532,-0.276948303,-0.014508039,0.021838416,0.000153,-0.4417613,-0.434101671,0.566312253,0.543776691,2.145921707,-1.537133992,-2.801267147,-20.53125,-52.50000381,-38.38125229,143.8305295,,,,88.62286246470589,24.37571386862745,,,-0.545084992,9.981420517,-0.456550568,-37.55625153,-68.51250458,-57.88125229,-0.022449281,0.023823727,0.000764,-0.545084992,9.981420517,-0.456550568,18.684783769837523,32,83,18,21
0.91,0.122477755,0.329636097,-0.266478404,-0.178734183,9.801075935,-0.278114393,0.030665412,0.035888306,-0.014782928,-0.442799896,-0.435079426,0.565525234,0.542968988,2.141994596,-1.537077785,-2.801555634,-15.05625057,-50.19375229,-38.32500076,142.6367727,,,,88.62286284705883,24.37571385294118,,,-0.217268291,9.907721329,-0.455114859,-32.10000229,-66.20625305,-57.82500076,0.02272417,0.037873617,-0.014172063,-0.217268291,9.907721329,-0.455114859,18.70852979148891,32,83,18,21
0.92,-0.32779035,-0.157847404,-0.0319314,-0.178800255,9.801154137,-0.275281072,0.043615745,0.017806708,-0.035674504,-0.442598462,-0.435036123,0.565561533,0.5431301,2.146832943,-1.537316322,-2.797162056,-17.26875114,-52.63125229,-41.85000229,141.5098601,0.203445435,991.7474365,,88.62286322941176,24.375713837254903,,,-0.180658109,9.536594391,-0.203988131,-34.3125,-68.6625061,-61.35000229,0.035674503,0.019792019,-0.035063639,-0.180658109,9.536594391,-0.203988131,18.710431401944668,32,83,18,21
0.93,-0.101032827,-0.173273087,0.182241291,-0.178760983,9.801227093,-0.272711843,-0.006108648,-0.033597562,0.017715078,-0.442500472,-0.435080558,0.565525591,0.543211788,2.15102005,-1.537537873,-2.793075204,-17.625,-52.72500229,-41.56875229,141.7475124,,,,88.6228636117647,24.375713821568628,,,-0.297667134,9.553105354,0.080877404,-34.65000153,-68.7562561,-61.06875229,-0.01404989,-0.031612252,0.018325943,-0.297667134,9.553105354,0.080877404,18.702451087902773,32,83,18,21
0.94,0.249714099,-0.113274097,0.396628141,-0.185035229,9.801269054,-0.266989544,0.002687805,0.021105378,0.092484927,-0.442192659,-0.435376897,0.565580338,0.543167979,2.17685771,-1.537665665,-2.767259836,-14.43750095,-53.15625381,-41.41875076,142.0746823,,,,88.62286399411765,24.375713805882352,,,0.120598261,10.13647537,0.278524557,-31.48125076,-69.16875458,-60.91875076,-0.005253437,0.023090689,0.093095793,0.120598261,10.13647537,0.278524557,18.710838687198173,32,83,18,21
0.95,-0.121500343,0.653713703,0.61157316,-0.192748733,9.801393509,-0.256733239,0.004276053,-0.010079269,0.085826501,-0.441709429,-0.435817957,0.565588325,0.543199092,2.214813352,-1.538051784,-2.72938478,-16.40625,-53.58750153,-43.875,140.6909489,,,,88.62286437647059,24.37571379019608,,,-0.838684335,10.24965572,0.282353066,-33.45000076,-69.6000061,-63.37500381,-0.003665189,-0.008093959,0.086437367,-0.838684335,10.24965572,0.282353066,18.69975182385457,32,83,18,21
0.96,-2.306078732,0.551647186,0.390140802,-0.197950877,9.801466942,-0.249921821,-0.016615522,0.097096958,-0.21661265,-0.440384492,-0.435069129,0.566398442,0.544029832,2.240665913,-1.538279295,-2.707271934,-17.47500038,-54.01875305,-42.26250076,141.9615394,0.216659546,991.7457886,,88.62286475882352,24.375713774509805,,,-3.229353428,10.36427212,-0.060777697,-34.51875305,-70.03125,-61.76250076,-0.024556764,0.099082268,-0.216001789,-3.229353428,10.36427212,-0.060777697,18.700909313175277,32,83,18,21
0.97,-1.251815684,0.218835354,0.179087162,-0.183399811,9.801797867,-0.247858852,0.006475167,0.154518247,-0.381301796,-0.439363137,-0.433464408,0.566973746,0.545535535,2.207353234,-1.539341569,-2.745322108,-17.47500038,-54.01875305,-42.26250076,141.9615394,,,,88.62286514117648,24.37571375882353,,,0.025363916,9.759844971,0.233060931,-34.51875305,-70.03125,-61.76250076,-0.001466075,0.156503558,-0.380690926,0.025363916,9.759844971,0.233060931,18.69710164073433,32,83,18,21
0.98,0.695074797,0.262419701,0.740188211,-0.146426298,9.80270195,-0.23650264,0.038026334,0.202043522,-0.289549906,-0.439465299,-0.432551026,0.566008151,0.547178656,2.124823689,-1.542424202,-2.829349279,-16.25625038,-49.27500153,-38.45625305,142.0300472,,,,88.62286552352941,24.37571374313725,,,0.335593373,10.11386299,0.521037146,-33.30000305,-65.2875061,-57.95625305,0.030085091,0.204028834,-0.288939033,0.335593373,10.11386299,0.521037146,18.68101676506976,32,83,18,21
0.99,0.724110305,0.051980972,0.577803135,-0.128452525,9.803121567,-0.229583561,0.01404989,0.077182765,-0.144897126,-0.439628541,-0.432306349,0.565385222,0.547884583,2.080905199,-1.543966651,-2.873431921,-17.41875076,-51.46875381,-40.25625229,141.969283,,,,88.62286590588235,24.375713727450982,,,1.008814025,9.353543663,0.164626198,-34.46250153,-67.48125458,-59.75625229,0.006108648,0.079168075,-0.144286261,1.008814025,9.353543663,0.164626198,18.68431565707973,32,83,18,21
1.0,1.202977717,-0.462717533,0.30922325,-0.11534084,9.803328037,-0.227653801,-0.024801111,0.019883647,0.016371176,-0.440054744,-0.432264805,0.564825505,0.548152417,2.039711714,-1.544767618,-2.913940907,-17.41875076,-51.46875381,-40.25625229,141.969283,-0.092483521,991.7821045,,88.6228662882353,24.375713711764707,,,0.834137964,9.477492142,-0.051684971,-34.46250153,-67.48125458,-59.75625229,-0.032742352,0.021868958,0.016982041,0.834137964,9.477492142,-0.051684971,18.68125716742746,32,83,18,21
1.01,0.946925581,-0.41931963,0.049391821,-0.115851495,9.80329752,-0.228742138,-0.009010255,-0.026572618,0.155465089,-0.44052659,-0.432711512,0.564506441,0.54774949,2.039591432,-1.544646502,-2.912407637,-17.98125076,-51.54375076,-37.16250229,144.2087927,,,,88.62286667058824,24.37571369607843,,,0.89491567,9.065806627,-0.508474819,-35.02500153,-67.57500458,-56.66250229,-0.016951497,-0.024587307,0.156075951,0.89491567,9.065806627,-0.508474819,18.705456416450545,32,83,18,21
1.02,0.442193732,-0.228964806,-0.288249388,-0.13147451,9.803032875,-0.231491558,-0.002199113,-0.088972456,0.250576732,-0.440697327,-0.433436438,0.564655751,0.546884269,2.086942434,-1.543639421,-2.863434434,-14.26875019,-50.66250229,-37.61250305,143.409325,,,,88.62286705294117,24.37571368039216,,,-0.275174613,9.767502022,-0.305324174,-31.31250191,-66.67500305,-57.11250305,-0.010140355,-0.086987145,0.251187596,-0.275174613,9.767502022,-0.305324174,18.692574239243044,32,83,18,21
1.03,0.294212446,-0.185056686,0.227390125,-0.159798391,9.802608013,-0.231739752,-0.00537561,-0.094714583,0.277943474,-0.440466613,-0.434468254,0.56514132,0.545748711,2.174362898,-1.542083859,-2.774554968,-17.08125114,-51.90000153,-40.05000305,142.3434807,,,,88.62286743529411,24.375713664705884,,,0.211046952,9.573683357,0.335473731,-34.125,-67.9125061,-59.55000305,-0.013316852,-0.092729272,0.278554344,0.211046952,9.573683357,0.335473731,18.70034282764658,32,83,18,21
1.04,-0.49585399,-0.119826794,0.709954828,-0.186364293,9.802222252,-0.228098728,-0.038026332,-0.085215637,0.241597027,-0.439902425,-0.435300708,0.565698802,0.544962227,2.255489349,-1.54074806,-2.692930579,-17.28750038,-50.53125381,-36.95625305,143.8199659,-0.576019287,991.8393555,,88.62286781764706,24.37571364901961,,,-1.137188941,9.463613749,0.251844577,-34.33125305,-66.5625,-56.45625305,-0.045967575,-0.083230325,0.242207885,-1.137188941,9.463613749,0.251844577,18.71630265895704,32,83,18,21
1.05,-1.216246337,-0.367527962,-0.267247804,-0.214223467,9.801514626,-0.233985618,-0.061697344,-0.013347396,0.149417526,-0.439121366,-0.435416326,0.566864073,0.544288546,2.311924338,-1.538440168,-2.637667298,-12.61875057,-52.21875381,-39.5625,142.8513349,,,,88.6228682,24.375713633333334,,,-1.773560143,9.53252697,-0.848494917,-29.66250038,-68.25,-59.06250381,-0.069638585,-0.011362085,0.150028387,-1.773560143,9.53252697,-0.848494917,18.689971689165947,32,83,18,21
1.06,-2.26287055,-0.17343998,-0.950924575,-0.234002709,9.800885201,-0.24143371,0.01734856,-0.023243404,0.00745255,-0.438517094,-0.435255975,0.567875922,0.54384917,2.34056592,-1.536503553,-2.610374451,-17.51250076,-50.55000305,-39.76875305,141.8071243,,,,88.62286858235294,24.375713617647055,,,-1.999203309,9.012566566,-1.09172532,-34.55625153,-66.5625,-59.26875305,0.009407317,-0.021258094,0.008063414,-1.999203309,9.012566566,-1.09172532,18.696415316921417,32,83,18,21
1.07,-1.301060319,-0.455705643,-0.488812499,-0.237376004,9.800792694,-0.241840079,0.036041022,0.062155494,-0.133015806,-0.43792218,-0.434764713,0.568403423,0.54417029,2.346872687,-1.536233664,-2.606017232,-18.15000153,-51.61875153,-38.8125,143.0602384,,,,88.62286896470589,24.375713601960783,,,-1.269153142,10.04219818,0.344566457,-35.19375229,-67.6312561,-58.31250381,0.02809978,0.064140802,-0.132404938,-1.269153142,10.04219818,0.344566457,18.710222045541716,32,83,18,21
1.08,-0.407778651,0.374215603,0.954571813,-0.230837986,9.801079273,-0.236498229,-0.038973173,0.080481434,-0.133779386,-0.437443972,-0.434278041,0.56848219,0.54486078,2.343985438,-1.537088633,-2.610650539,-16.05000114,-50.02500153,-38.98125076,142.0730174,-0.536392212,991.8346558,,88.62286934705882,24.37571358627451,,,0.457029116,9.53874836,0.439800798,-33.09375,-66.05625153,-58.48125076,-0.046914415,0.082466745,-0.133168525,0.457029116,9.53874836,0.439800798,18.689151926619655,32,83,18,21
1.09,0.532055914,-0.348581314,0.240857385,-0.216850661,9.801448822,-0.234456651,-0.026633704,0.075472343,-0.037384924,-0.437532663,-0.43385379,0.568178833,0.545443743,2.317198396,-1.538223386,-2.63805604,-16.18125153,-52.74375153,-40.3125,142.6090114,,,,88.62286972941176,24.37571357058824,,,-0.133399868,9.320044041,-0.637687236,-33.22500229,-68.77500153,-59.81250381,-0.034574947,0.077457652,-0.036774059,-0.133399868,9.320044041,-0.637687236,18.683079196393145,32,83,18,21
1.1,0.201863952,-0.586771011,-0.904282391,-0.217456348,9.801253796,-0.241872177,0.004734202,0.01725693,0.042607819,-0.437788248,-0.433717713,0.568309903,0.545210272,2.303113222,-1.537624717,-2.651919723,-17.625,-52.72500229,-41.56875229,141.7475124,,,,88.6228701117647,24.37571355490196,,,-0.01148555,9.267402077,-1.170090258,-34.65000153,-68.7562561,-61.06875229,-0.00320704,0.01924224,0.043218683,-0.01148555,9.267402077,-1.170090258,18.691590058116542,32,83,18,21
1.11,-0.010023668,-0.328853607,-0.334651843,-0.222479738,9.801053047,-0.245478936,0.028954991,-0.037293294,0.053023063,-0.437947661,-0.433902934,0.568393856,0.54484725,2.307087779,-1.537007868,-2.647316933,-18.1875,-50.43750381,-35.8125,144.6238341,,,,88.62287049411765,24.375713539215685,,,0.011006983,9.465527725,-0.122991081,-35.23125076,-66.45000458,-55.31250381,0.021013748,-0.035307984,0.053633929,0.011006983,9.465527725,-0.122991081,18.68644885149015,32,83,18,21
1.12,0.150766067,0.334980965,0.628534019,-0.225839376,9.801051617,-0.242407605,-0.015882484,0.017409647,0.050090911,-0.437801823,-0.434081525,0.568408132,0.544807255,2.320792794,-1.537002981,-2.633552074,-15.61875057,-48.63750076,-35.75625229,143.678233,-0.330291748,991.8102417,,88.62287087647059,24.375713523529413,,,-0.394217544,10.41416216,0.471386053,-32.66250229,-64.65000153,-55.25625229,-0.023823727,0.019394956,0.050701777,-0.394217544,10.41416216,0.471386053,18.71718790609369,32,83,18,21
1.13,-0.216078892,0.69762516,0.245945737,-0.233653694,9.800852776,-0.243028343,-0.042271842,0.013164135,0.072448564,-0.437561452,-0.434149742,0.568706453,0.5446347,2.336529493,-1.536411524,-2.618116617,-16.55625153,-50.19375229,-38.30625153,142.6502952,,,,88.62287125882352,24.375713507843138,,,-0.733639413,9.776594734,-0.704925554,-33.60000229,-66.2250061,-57.80625153,-0.050213086,0.015149446,0.073059428,-0.733639413,9.776594734,-0.704925554,18.71232481518257,32,83,18,21
1.14,-0.899427831,-0.155498981,-0.777329803,-0.238540716,9.800665855,-0.245840028,0.046181378,0.045051277,-0.055344348,-0.437248483,-0.433881685,0.569129884,0.54465729,2.341119885,-1.535858154,-2.614561796,-19.55625153,-51.22500229,-37.06875229,144.1087827,,,,88.62287164117647,24.375713492156866,,,-1.529013669,9.528219604,-1.062891817,-36.60000229,-67.23750305,-56.56875229,0.038240135,0.047036589,-0.054733484,-1.529013669,9.528219604,-1.062891817,18.705336150260408,32,83,18,21
1.15,-0.95976302,-0.146891117,-0.588817865,-0.237573192,9.800602913,-0.249208495,0.014508039,0.065515245,-0.146454833,-0.436879307,-0.433256313,0.569562823,0.544998705,2.332266808,-1.535678446,-2.625198245,-13.33125019,-51.24375153,-38.04375076,143.4095263,,,,88.62287202352941,24.375713476470587,,,-0.410369094,9.949954748,-0.21714866,-30.37500191,-67.2562561,-57.54375076,0.006566797,0.067500557,-0.145843968,-0.410369094,9.949954748,-0.21714866,18.714858423607502,32,83,18,21
1.16,0.298669063,0.219985008,0.248573728,-0.227686569,9.800793171,-0.250991657,-0.03103193,0.025625778,-0.062063861,-0.437064067,-0.432897106,0.569393426,0.545312941,2.307522655,-1.536233783,-2.65026319,-19.14375114,-51.39375305,-39.86250305,142.2017946,-0.237808228,991.7994385,,88.62287240588235,24.375713460784315,,,0.804945526,9.698110199,-0.061734825,-36.16875076,-67.40625,-59.36250305,-0.038973173,0.027611088,-0.061452996,0.804945526,9.698110199,-0.061734825,18.71214688307596,32,83,18,21
1.17,1.056914389,-0.044705868,0.006197527,-0.221630812,9.80095005,-0.250300258,0.002687805,0.04969385,0.067195126,-0.437347859,-0.432958812,0.569075286,0.545368522,2.295516968,-1.536698878,-2.661655784,-17.04375076,-52.51875305,-39.95625305,142.7361324,,,,88.6228727882353,24.37571344509804,,,0.33690943,10.05176945,-0.437886548,-34.08750153,-68.53125,-59.45625305,-0.005253437,0.051679161,0.06780599,0.33690943,10.05176945,-0.437886548,18.687462802355437,32,83,18,21
1.18,0.038417697,0.237588406,-0.46201089,-0.228208475,9.800730705,-0.252951026,0.003359756,-0.021380267,0.091477,-0.437426925,-0.433185905,0.569197118,0.544997513,2.304803848,-1.536049843,-2.651810408,-15.24375057,-52.12500381,-37.61250305,144.186434,,,,88.62287317058824,24.375713429411764,,,-0.539581515,9.527621508,-0.938584685,-32.28750229,-68.13750458,-57.11250305,-0.004581486,-0.019394957,0.092087866,-0.539581515,9.527621508,-0.938584685,18.71570235993959,32,83,18,21
1.19,-0.722344607,-0.185172558,-0.510974348,-0.232259646,9.800563335,-0.25573422,0.031520622,-0.002474002,-0.021624613,-0.437302977,-0.433078617,0.569460124,0.54490748,2.308114767,-1.535561442,-2.648906827,-18.05625153,-52.89375305,-40.14375305,142.8032926,,,,88.62287355294117,24.37571341372549,,,-0.93702935,9.855079269,-0.455114863,-35.10000229,-68.90625,-59.64375305,0.023579381,-0.000489,-0.021013749,-0.93702935,9.855079269,-0.455114863,18.701573689676614,32,83,18,21
1.2,-0.091153935,0.732845306,0.299518526,-0.235037863,9.800504684,-0.255451173,-0.013072506,-0.011514801,0.015760311,-0.437183887,-0.433096737,0.56957072,0.544873059,2.314599037,-1.535391569,-2.64260149,-19.03125,-51.22500229,-39.88125229,142.0974399,0.219299316,991.7452393,,88.62287393529411,24.375713398039217,,,-0.108155585,10.20395298,0.357009137,-36.07500076,-67.2562561,-59.38125229,-0.021013748,-0.00952949,0.016371176,-0.108155585,10.20395298,0.357009137,18.712297606206555,32,83,18,21
1.21,0.08210662,0.340216637,0.632649928,-0.236924887,9.800570965,-0.251097821,0.00839939,0.052992519,0.027488915,-0.436936319,-0.433176652,0.569594443,0.544983357,2.327173471,-1.535587549,-2.630332947,-17.51250076,-51.99375153,-36.97500229,144.5817241,,,,88.62287431764706,24.37571338235294,,,-0.461814776,9.913464308,0.138185506,-34.55625153,-68.0062561,-56.47500229,0.000458,0.05497783,0.02809978,-0.461814776,9.913464308,0.138185506,18.71584365199693,32,83,18,21
1.22,-0.394502513,0.243898392,0.190762393,-0.238845281,9.800616741,-0.247499414,-0.01075122,0.067164584,-0.028832818,-0.436482564,-0.432998747,0.569815576,0.545257032,2.338402987,-1.535714686,-2.620237112,-14.86875057,-50.66250229,-37.61250305,143.409325,,,,88.6228747,24.375713366666663,,,-0.813081145,10.09388275,-0.447457829,-31.91250038,-66.6937561,-57.11250305,-0.018692462,0.069149893,-0.028221953,-0.813081145,10.09388275,-0.447457829,18.692720138998865,32,83,18,21
1.23,-0.508180916,0.172924519,-0.380153626,-0.236594319,9.800561905,-0.251780853,-0.007696896,0.018417574,-0.080756325,-0.436421394,-0.432583779,0.570030004,0.545411229,2.325105906,-1.535556972,-2.634385943,-18.30000114,-52.25625229,-38.83125305,143.3842196,,,,88.62287508235293,24.37571335098039,,,-0.211764803,9.655637503,-0.690927535,-35.34375,-68.2875061,-58.33125305,-0.015638139,0.020402883,-0.080145459,-0.211764803,9.655637503,-0.690927535,18.6844020769811,32,83,18,21
1.24,0.295237161,-0.139989853,-0.116004273,-0.230255857,9.80072546,-0.251298822,0.038789914,0.009162972,-0.028405213,-0.436562032,-0.432471454,0.569831729,0.545594901,2.312529802,-1.536033273,-2.646916628,-17.98125076,-49.55625153,-36.84375,143.3701825,0.774185181,991.6799927,,88.62287546470588,24.375713335294115,,,0.204825625,9.547840881,-0.048335019,-35.00625229,-65.5687561,-56.34375381,0.030848672,0.011148282,-0.027794348,0.204825625,9.547840881,-0.048335019,18.68911740650167,32,83,18,21
1.25,0.576440409,0.183140278,0.417500988,-0.230547242,9.800782204,-0.248799168,-0.020158538,0.02122755,0.06609557,-0.436557457,-0.432625219,0.569728047,0.545584947,2.31811893,-1.536201,-2.64106214,-12.48750019,-50.83125305,-36.33750153,144.4403374,,,,88.62287584705882,24.375713319607843,,,-0.18711873,9.976634598,0.087577305,-29.53125191,-66.84375,-55.83750153,-0.02809978,0.023212861,0.066706435,-0.18711873,9.976634598,0.087577305,18.69708431154504,32,83,18,21
1.26,-0.182458103,-0.388457298,-0.21106974,-0.238868706,9.800562859,-0.249572165,0.00244346,0.01621846,0.055710868,-0.436353385,-0.43274425,0.570009947,0.545359343,2.33428359,-1.535562038,-2.625042439,-18.63750076,-50.83125305,-38.17500305,143.0929231,,,,88.62287622941176,24.375713303921568,,,-0.234496618,9.183055162,-0.720239617,-35.66250229,-66.84375,-57.67500305,-0.005497783,0.01820377,0.056321733,-0.234496618,9.183055162,-0.720239617,18.71272059063689,32,83,18,21
1.27,-0.646802306,0.021604538,-0.323125601,-0.243099064,9.800448418,-0.250013888,0.016951498,-0.015577052,0.019242241,-0.43616277,-0.432711095,0.570224285,0.545314074,2.342173576,-1.535230279,-2.617550373,-16.57500076,-50.62500381,-38.73750305,142.5773186,,,,88.6228766117647,24.375713288235293,,,-1.121276677,10.23649521,-0.272781786,-33.61875153,-66.63750458,-58.23750305,0.009010256,-0.013591741,0.019853105,-1.121276677,10.23649521,-0.272781786,18.71442922333025,32,83,18,21
1.28,-0.702866465,0.349637985,0.086520061,-0.247281633,9.800357342,-0.249443755,0.010262528,0.02990183,-0.036529714,-0.435916007,-0.432675809,0.570437968,0.545315832,2.351843476,-1.534971476,-2.608380198,-15.80625057,-51.15000153,-39.69375229,142.1875925,0.790039063,991.6781006,,88.62287699411765,24.375713272549017,,,-0.411565495,9.688060188,-0.082313099,-32.85000229,-67.18125153,-59.19375229,0.002321286,0.031887142,-0.035918849,-0.411565495,9.688060188,-0.082313099,18.68027808522124,32,83,18,21
1.29,-0.382552862,0.041810989,0.224892497,-0.245028555,9.800498486,-0.246140063,0.013133593,0.000458,-0.041844238,-0.435661197,-0.432499513,0.570470989,0.545624733,2.353935122,-1.535373032,-2.607068658,-18.63750076,-52.10625076,-40.89375305,141.8746549,,,,88.62287737647058,24.375713256862745,,,-0.73579295,9.480363131,-0.031106694,-35.68125153,-68.11875153,-60.39375305,0.005192351,0.002443459,-0.041233373,-0.73579295,9.480363131,-0.031106694,18.70042989210309,32,83,18,21
1.3,0.176198892,-0.256327629,0.060241014,-0.241964251,9.800634384,-0.243745327,0.005619956,0.082680548,-0.037873617,-0.435424671,-0.432252929,0.570520937,0.545956612,2.35251677,-1.535767496,-2.609356761,-17.98125076,-50.62500381,-39.35625076,142.1382424,,,,88.62287775882352,24.37571324117647,,,-0.145483619,9.866086197,-0.189511552,-35.02500153,-66.63750458,-58.85625076,-0.002321286,0.084665859,-0.037262751,-0.145483619,9.866086197,-0.189511552,18.696696440125944,32,83,18,21
1.31,0.004966736,-0.008033276,-0.075560376,-0.240600549,9.800677299,-0.243362255,0.015515965,0.005345066,-0.008063415,-0.435443059,-0.432232708,0.57047534,0.546005607,2.350483656,-1.535893738,-2.61139524,-16.65000153,-51.73125076,-35.86875153,145.2638307,,,,88.62287814117647,24.375713225490195,,,0.112941226,9.102775764,-0.565663266,-33.69375229,-67.74375153,-55.36875153,0.007574723,0.007330378,-0.00745255,0.112941226,9.102775764,-0.565663266,18.68888431241882,32,83,18,21
1.32,0.141471744,-0.357154369,-0.285613641,-0.238407686,9.800751209,-0.242538445,0.031154104,0.031612252,0.000764,-0.435458809,-0.432197914,0.570403695,0.546095431,2.347596645,-1.536109746,-2.614318848,-16.21875,-48.28125381,-36.95625305,142.5682237,0.59715271,991.7008057,,88.62287852352941,24.37571320980392,,,-0.425324224,10.02951622,-0.345762867,-33.26250076,-64.29375458,-56.45625305,0.023212862,0.033597563,0.001374446,-0.425324224,10.02951622,-0.345762867,18.684794614693335,32,83,18,21
1.33,0.062356234,0.043840885,0.014713228,-0.245936014,9.800546169,-0.243259206,-0.007696896,-0.050976665,0.072204217,-0.43543309,-0.43246983,0.570534021,0.545764387,2.361662865,-1.535514712,-2.59980309,-16.29375076,-53.00625229,-39.375,143.3936727,,,,88.62287890588235,24.375713194117647,,,-0.020099708,9.611489677,-0.168933281,-33.31875229,-69.0375061,-58.87500381,-0.015638139,-0.048991356,0.072815081,-0.020099708,9.611489677,-0.168933281,18.693504606856138,32,83,18,21
1.34,-0.112534523,-0.06398201,0.316270918,-0.25007844,9.80055809,-0.23852247,0.048991355,0.005711586,0.045570513,-0.435215175,-0.432705343,0.570540607,0.545744717,2.37984252,-1.535550237,-2.581594706,-18.24375153,-50.62500381,-38.71875,142.5907073,,,,88.6228792882353,24.37571317843137,,,-0.708754063,9.759366608,0.297188574,-35.28750229,-66.65625,-58.21875381,0.041050114,0.007696896,0.046181377,-0.708754063,9.759366608,0.297188574,18.717716388156493,32,83,18,21
1.35,-0.434901491,0.047064781,0.52923274,-0.252183497,9.800643921,-0.232730277,0.003970621,0.080634151,-0.038331765,-0.434750199,-0.432651848,0.570675164,0.546016902,2.396295071,-1.535796463,-2.56607163,-12.54375076,-50.73750305,-38.00625229,143.1639951,,,,88.62287967058823,24.375713162745097,,,-0.867398202,10.14437151,0.011365907,-29.58750153,-66.75,-57.50625229,-0.003970621,0.082619462,-0.0377209,-0.867398202,10.14437151,0.011365907,18.69292811728082,32,83,18,21
1.36,-0.820541263,0.30298996,-0.015968435,-0.25172019,9.800625801,-0.233998634,-0.020280711,-0.00858265,-0.064873839,-0.434546575,-0.432344168,0.570887625,0.546200633,2.392665982,-1.535743654,-2.57061708,-16.6875,-53.15625381,-41.38125229,142.0998405,0.517883301,991.7102661,,88.62288005294117,24.37571314705882,,,-0.536470851,9.296116066,-0.715453976,-33.73125076,-69.1875,-60.88125229,-0.028221953,-0.00659734,-0.064262974,-0.536470851,9.296116066,-0.715453976,18.700751624869728,32,83,18,21
1.37,0.246234581,-0.485602856,-0.37010061,-0.246073008,9.800801754,-0.23263339,0.058276499,0.044318238,-0.040317075,-0.434506282,-0.432126299,0.570800394,0.546496153,2.384263992,-1.536257982,-2.579487085,-18.60000038,-50.19375229,-35.45625305,144.7630836,,,,88.6228804352941,24.37571313137255,,,0.002991029,9.903294802,0.12382857,-35.64375305,-66.2250061,-54.95625305,0.050335258,0.046303549,-0.039706212,0.002991029,9.903294802,0.12382857,18.7081207583558,32,83,18,21
1.38,0.532169625,0.323282242,0.856814861,-0.243856482,9.800996304,-0.226687156,-0.011148282,0.021074835,0.020158537,-0.43442297,-0.432285398,0.57058087,0.546665758,2.392670155,-1.536837637,-2.570952296,-13.21875095,-49.68750381,-36.26250076,143.8776103,,,,88.62288081764706,24.375713115686278,,,0.656111977,9.930692482,0.557049105,-30.26250076,-65.71875,-55.76250076,-0.019089524,0.023060146,0.020769403,0.656111977,9.930692482,0.557049105,18.69454518409517,32,83,18,21
1.39,0.340375766,0.479608536,0.103299081,-0.244384125,9.800957203,-0.227814928,-0.047891798,0.008155045,0.064140803,-0.434508845,-0.432333216,0.570568204,0.546572894,2.391246319,-1.536720157,-2.572136283,-15.54375076,-52.48125076,-38.45625305,143.7674647,,,1.166699767,88.6228812,24.3757131,,,-0.562313336,10.05751228,-0.678125927,-32.58750153,-68.49375153,-57.95625305,-0.055833042,0.010140356,0.064751668,-0.562313336,10.05751228,-0.678125927,18.71887128330883,32,83,18,21
1.4,-0.150365315,-0.279040813,-0.858555913,-0.250438198,9.800769329,-0.229324512,0.061575171,0.008643737,0.027122396,-0.434437945,-0.432444915,0.570754051,0.546346843,2.400174975,-1.536163628,-2.563127279,-17.34375,-49.98750305,-36.65625,143.7470956,0.404266357,991.7235107,,88.622881442,24.375713103,,,-0.349352106,9.586245775,-0.882353358,-34.38750076,-66.0,-56.15625381,0.053633928,0.010629048,0.027733261,-0.349352106,9.586245775,-0.882353358,18.718497891797675,32,83,18,21
1.41,-1.073143482,0.533510208,0.293944418,-0.255109787,9.800736427,-0.225552648,0.037262752,-0.07880156,-0.000305,-0.434246719,-0.432676017,0.570787549,0.546280861,2.417608023,-1.536064744,-2.545619488,-17.92500114,-47.88750076,-35.21250153,143.6723168,,,,88.62288168399999,24.375713106,,,-0.802552734,9.902935791,0.605384126,-34.96875,-63.90000153,-54.71250153,0.02932151,-0.076816249,0.000305,-0.802552734,9.902935791,0.605384126,18.690071291833007,32,83,18,21
1.42,-0.078248262,0.00990057,0.9798536,-0.253626168,9.800881386,-0.220864408,-0.042638362,0.079992743,-0.036041022,-0.433884338,-0.432503507,0.570852041,0.546637952,2.42511797,-1.536495447,-2.53907609,-16.70625114,-50.73750305,-41.26875305,140.875863,,,,88.62288192599999,24.375713109,,,-0.487178683,10.30684433,0.618305376,-33.73125076,-66.75,-60.76875305,-0.050579603,0.081978055,-0.035430158,-0.487178683,10.30684433,0.618305376,18.69988994023569,32,83,18,21
1.43,-0.373098746,0.529235363,0.538408652,-0.254449069,9.800866604,-0.220580444,-0.033444846,0.011300998,-0.001069014,-0.433670431,-0.432333812,0.571017295,0.546769321,2.427372694,-1.536451399,-2.53750658,-17.83125114,-51.46875381,-39.60000229,142.4253566,,,,88.62288216799999,24.375713112,,,0.162711926,9.450453043,-0.540777918,-34.85625076,-67.5,-59.10000229,-0.041386088,0.013286309,-0.000458,0.162711926,9.450453043,-0.540777918,18.692035132392665,32,83,18,21
1.44,0.29736346,0.052203655,-0.475555748,-0.249620542,9.801009655,-0.219726436,0.037873616,0.071929327,-0.029810201,-0.433595434,-0.432087302,0.570988327,0.547053814,2.41980052,-1.536878467,-2.545658708,-15.95625019,-52.51875305,-39.33750153,143.1661215,0.306503296,991.7350464,,88.62288240999999,24.375713115,,,-0.684347288,10.23075256,-0.523549592,-33.0,-68.53125,-58.83750153,0.029932374,0.073914638,-0.029199336,-0.684347288,10.23075256,-0.523549592,18.69139361977509,32,83,18,21
1.45,0.005345672,0.030434132,-0.300438941,-0.245621361,9.80107975,-0.221085906,0.004398226,0.029535311,-0.063041246,-0.433683127,-0.431919158,0.570936978,0.547170639,2.408670664,-1.537090719,-2.55693531,-13.40625095,-50.75625229,-39.41250229,142.170469,,,,88.622882652,24.375713118,,,0.14883357,9.373643303,-0.545563561,-30.45000076,-66.76875305,-58.91250229,-0.003543016,0.031520622,-0.06243038,0.14883357,9.373643303,-0.545563561,18.68147547789417,32,83,18,21
1.46,-0.028732143,-0.382223606,-0.190086178,-0.241258256,9.801169872,-0.221916296,0.010384701,-0.038637197,-0.012522728,-0.433873564,-0.431872621,0.570777357,0.547222972,2.39792943,-1.537363529,-2.56742394,-16.125,-51.58125305,-40.125,142.1206926,,,,88.622882894,24.375713121,,,-0.070588263,9.109475851,-0.384646237,-33.16875076,-67.59375,-59.62500381,0.002443459,-0.036651886,-0.011911863,-0.070588263,9.109475851,-0.384646237,18.704382573359187,32,83,18,21
1.47,0.752104372,-0.304299831,-0.094963893,-0.242614016,9.801159382,-0.220925115,0.021380267,0.062155491,0.053878273,-0.433850259,-0.431967214,0.57076633,0.547178268,2.402937651,-1.537330985,-2.562286258,-16.96875,-52.74375153,-40.95000076,142.1744035,,,,88.622883136,24.375713124,,,0.167976156,9.985248756,-0.164147633,-34.01250076,-68.7562561,-60.45000076,0.013439025,0.064140802,0.054489138,0.167976156,9.985248756,-0.164147633,18.700107160929143,32,83,18,21
1.48,-0.472319663,0.582384109,0.227755308,-0.249995857,9.800960541,-0.221513599,-0.007330377,-0.021288639,0.066095569,-0.433800817,-0.432214528,0.570908785,0.54687345,2.416528463,-1.536726832,-2.54833293,-14.10000038,-50.94375229,-40.89375305,141.2451646,0.219299316,991.7454224,,88.622883378,24.375713127,,,0.052642104,9.503334427,-0.52977093,-31.14375114,-66.95625305,-60.39375305,-0.01527162,-0.019303329,0.066706433,0.052642104,9.503334427,-0.52977093,18.68205915004999,32,83,18,21
1.49,0.22957518,-0.235359669,-0.396603674,-0.24795033,9.801028728,-0.220756024,0.038331765,0.004886919,-0.010537417,-0.433759674,-0.432123333,0.570886463,0.547001481,2.414149046,-1.53693831,-2.550953031,-16.27500153,-51.73125076,-40.74375153,141.7758824,,,,88.62288362,24.37571313,,,-1.177866951,10.07198858,-0.441475779,-33.31875229,-67.74375153,-60.24375153,0.030390523,0.006872228,-0.009926552,-1.177866951,10.07198858,-0.441475779,18.691145858569456,32,83,18,21
1.5,-0.537306197,-0.010349751,-0.209674738,-0.250113778,9.801022053,-0.218618222,0.043004881,0.018906264,-0.027855434,-0.433588848,-0.432167232,0.570949852,0.547036052,2.423287511,-1.536914825,-2.542041183,-16.23750114,-50.53125381,-36.97500229,143.8061176,,,,88.622883862,24.375713133,,,-0.239282264,9.489456367,-0.218703991,-33.28125,-66.54375458,-56.47500229,0.035063639,0.020891574,-0.027244569,-0.239282264,9.489456367,-0.218703991,18.71633063543866,32,83,18,21
1.51,-0.460507035,-0.063788414,0.386212036,-0.250375211,9.801109314,-0.214384086,0.023335035,-0.043279771,-0.002443459,-0.433434039,-0.432264134,0.570888162,0.547146559,2.433476686,-1.537177742,-2.531959653,-15.71250057,-48.31875229,-35.8125,143.4551978,,,,88.622884104,24.375713136,,,-0.213918325,9.274580574,0.472821754,-32.75625229,-64.3500061,-55.31250381,0.015393793,-0.041294459,-0.001832594,-0.213918325,9.274580574,0.472821754,18.689582475626672,32,83,18,21
1.52,0.689318389,-0.282068729,0.695200115,-0.248346679,9.801308155,-0.207528181,0.007330377,0.118507767,0.00198531,-0.433095172,-0.432218507,0.570832133,0.547509283,2.445498109,-1.537788033,-2.52063334,-15.03750038,-50.26875305,-37.29375076,143.4287487,0.195526123,991.7483521,,88.62288434599999,24.375713139,,,-0.224925326,10.392627,0.569491781,-32.08125305,-66.30000305,-56.79375076,-0.000611,0.120493078,0.002596175,-0.224925326,10.392627,0.569491781,18.68579579488364,32,83,18,21
1.53,-0.126702704,0.306995392,0.274479769,-0.251092568,9.801271439,-0.20595745,-0.017715078,-0.012858704,0.02235765,-0.432966024,-0.432299122,0.570893705,0.547483563,2.454627156,-1.537673593,-2.511589527,-16.95000076,-51.03750229,-37.78125,143.4887685,,,,88.62288458799999,24.375713142,,,0.0244068,9.352108192,-0.4575077,-33.97500229,-67.0687561,-57.28125381,-0.02565632,-0.010873394,0.022968516,0.0244068,9.352108192,-0.4575077,18.699578110411096,32,83,18,21
1.54,-0.271060988,-0.150319576,-0.282172844,-0.248909749,9.80137825,-0.203512572,0.047647453,-0.007483092,-0.019914192,-0.432915598,-0.432290554,0.570802718,0.547625065,2.456190944,-1.538005471,-2.510135412,-19.27500153,-49.85625076,-37.42500305,143.1059745,,,,88.62288482999999,24.375713145,,,-1.01156576,9.924232006,-0.191425818,-36.31875229,-65.86875153,-56.92500305,0.03970621,-0.005497784,-0.019303327,-1.01156576,9.924232006,-0.191425818,18.719426018164416,32,83,18,21
1.55,-0.18306601,-0.184710503,0.374056041,-0.250296503,9.801410675,-0.200259462,0.018325944,0.020463969,-0.009926552,-0.432754338,-0.432374418,0.570801139,0.547688007,2.466798782,-1.538105488,-2.499670506,-15.86250019,-47.15625,-34.20000076,144.0485557,,,,88.62288507199999,24.375713148,,,0.159840554,9.507641411,0.344087893,-32.90625,-63.16875076,-53.70000076,0.010384701,0.02244928,-0.009315688,0.159840554,9.507641411,0.344087893,18.68968221086045,32,83,18,21
1.56,0.131357968,-0.051339149,0.639041126,-0.250806414,9.801418781,-0.199171863,-0.04459313,-0.057574004,0.039584038,-0.432769254,-0.432476297,0.57074672,0.547652453,2.470422864,-1.538133383,-2.495835662,-18.58125114,-51.22500229,-39.90000153,142.0843853,0.200805664,991.7477417,,88.622885314,24.375713151,,,-0.584805858,9.412885666,0.130169544,-35.625,-67.2562561,-59.40000153,-0.052534371,-0.055588694,0.040194903,-0.584805858,9.412885666,0.130169544,18.706885421896228,32,83,18,21
1.57,-0.103748873,-0.568118572,0.036640286,-0.254107267,9.801261425,-0.202705935,-0.050213085,-0.01481347,-0.000611,-0.432809949,-0.432461679,0.570905209,0.547466576,2.468257666,-1.537642121,-2.497945666,-18.45000076,-49.63125229,-36.45000076,143.705833,,,,88.622885556,24.375713154,,,-0.527617402,9.54496932,-0.379860595,-35.47500229,-65.64375305,-55.95000076,-0.058154327,-0.01282816,1.16e-11,-0.527617402,9.54496932,-0.379860595,18.71046478461314,32,83,18,21
1.58,-0.058759823,0.019807816,-0.168584511,-0.257512674,9.801089764,-0.206663519,0.005497782,-0.027488914,0.046120292,-0.432938367,-0.432518661,0.571014106,0.547206461,2.465302229,-1.537121058,-2.50056541,-14.81250095,-51.67500305,-37.81875229,143.8011789,,,,88.622885798,24.375713157,,,0.031585261,9.711510086,-0.165583324,-31.85625076,-67.70625305,-57.31875229,-0.00244346,-0.025503606,0.046731156,0.031585261,9.711510086,-0.165583324,18.689505501759687,32,83,18,21
1.59,-0.065938979,-0.012088299,0.565713525,-0.259926721,9.801092625,-0.203474194,-0.002321286,-0.065270901,0.022113305,-0.432953075,-0.432828739,0.57088691,0.547082305,2.477412939,-1.53712821,-2.48787272,-18.75,-50.34375381,-38.11875153,142.8681077,,,,88.62288604,24.37571316,,,-0.275174607,9.724909782,0.551306331,-35.79375076,-66.35625458,-57.61875153,-0.010262528,-0.06328559,0.02272417,-0.275174607,9.724909782,0.551306331,18.709128653944468,32,83,18,21
1.6,0.305684201,-0.124285221,0.470275253,-0.26550363,9.800906658,-0.205208831,-0.065209815,-0.059253884,0.074525503,-0.433042094,-0.433072418,0.570951134,0.546751857,2.483562827,-1.536572933,-2.481120706,-19.01250076,-50.34375381,-37.48125076,143.3320778,0.182312012,991.7496948,,88.622886282,24.375713163,,,0.118444721,9.491130829,-0.050249277,-36.05625153,-66.375,-56.98125076,-0.073151058,-0.057268572,0.075136369,0.118444721,9.491130829,-0.050249277,18.694711325308763,32,83,18,21
1.61,0.601926297,-0.228220463,-0.077659078,-0.282920837,9.800376415,-0.207197174,-0.011484258,-0.095325449,0.210503998,-0.433105931,-0.433810741,0.571168184,0.545888484,2.509360194,-1.53502667,-2.453865409,-15.22500038,-50.40000153,-38.53125,142.6017655,,,,88.622886524,24.375713166,,,0.308195552,9.542576599,-0.225403892,-32.25,-66.43125153,-58.03125381,-0.0194255,-0.093340139,0.211114872,0.308195552,9.542576599,-0.225403892,18.705292233223734,32,83,18,21
1.62,0.556830049,-0.047675133,0.170186698,-0.298739582,9.799929619,-0.206195444,0.000733,-0.103511037,0.230173847,-0.433067709,-0.434545487,0.571315765,0.545179665,2.537462473,-1.533771634,-2.424498796,-18.67500114,-48.78750229,-36.97500229,142.8422917,,,,88.622886766,24.375713169,,,0.111505538,9.85268631,0.087098745,-35.70000076,-64.80000305,-56.47500229,-0.007208204,-0.101525725,0.230784717,0.111505538,9.85268631,0.087098745,18.705341188430427,32,83,18,21
1.63,0.396662459,0.251516819,0.282521658,-0.311884806,9.799492359,-0.207495674,-0.042607818,-0.046120291,0.174707327,-0.433007479,-0.435002774,0.571554273,0.544612497,2.554504633,-1.532587886,-2.406727791,-19.18125153,-51.48750305,-39.58125305,142.4485534,,,,88.62288700799999,24.375713172,,,-0.208773774,10.40518928,-0.101694963,-36.22500229,-67.5,-59.08125305,-0.05054906,-0.04413498,0.175318193,-0.208773774,10.40518928,-0.101694963,18.701430987362983,32,83,18,21
1.64,-0.224902965,0.655965805,0.055283874,-0.323890254,9.799082756,-0.208451658,0.013805544,-0.027519459,0.0673173,-0.432876199,-0.435354263,0.571822077,0.544154733,2.569724441,-1.531510055,-2.39109838,-18.54375076,-50.49375153,-36.05625153,144.470373,0.195526123,991.7483521,,88.62288724999999,24.375713175,,,-1.096391368,10.07521915,-0.089491569,-35.58750153,-66.52500153,-55.55625153,0.005864303,-0.025534147,0.067928164,-1.096391368,10.07521915,-0.089491569,18.68361159080217,32,83,18,21
1.65,-0.83746165,0.258556366,0.307818994,-0.322369829,9.799297333,-0.2005435,0.063163418,0.129106271,-0.132802001,-0.432316512,-0.435158923,0.571902931,0.544670582,2.585103631,-1.532071888,-2.377078891,-13.87500095,-51.18750381,-37.80000305,143.5555581,,,,88.62288749199999,24.375713178,,,-1.127498007,10.3389082,0.504885566,-30.91875076,-67.20000458,-57.30000305,0.055222175,0.131091582,-0.132191141,-1.127498007,10.3389082,0.504885566,18.71341209982356,32,83,18,21
1.66,-0.840047896,0.838891983,0.837087363,-0.302758276,9.800078392,-0.192718074,0.001221729,0.215482548,-0.281303238,-0.431715757,-0.434097424,0.571835339,0.546063125,2.574609518,-1.534188926,-2.390578151,-17.04375076,-50.47500229,-38.11875153,142.9398759,,,,88.62288773399999,24.375713181,,,-1.040279657,10.64447165,0.539581507,-34.08750153,-66.5062561,-57.61875153,-0.006719513,0.217467856,-0.280692365,-1.040279657,10.64447165,0.539581507,18.69283120259886,32,83,18,21
1.67,-0.703623205,0.520791054,0.260867208,-0.270397782,9.801119328,-0.18778532,0.016004657,0.186527559,-0.366641039,-0.431518078,-0.432717979,0.571438104,0.547727615,2.534342051,-1.537219167,-2.433707714,-20.15625,-52.08750153,-37.29375076,144.3979912,,,,88.622887976,24.375713184,,,-0.831266594,9.736395264,-0.34456646,-37.20000076,-68.1000061,-56.79375076,0.008063415,0.188512871,-0.366030174,-0.831266594,9.736395264,-0.34456646,18.687460740415982,32,83,18,21
1.68,0.057620972,-0.914758205,-0.51082778,-0.240483187,9.802039623,-0.180377737,0.102258763,0.168690309,-0.285518202,-0.431460232,-0.431744009,0.570839971,0.549163669,2.497868896,-1.540135145,-2.472059846,-16.16250038,-49.89375305,-37.70625305,142.9205301,0.245727539,991.7423706,,88.622888218,24.375713187,,,0.35270206,8.741459656,-0.639362204,-33.20625305,-65.92500305,-57.20625305,0.094317521,0.17067562,-0.284907335,0.35270206,8.741459656,-0.639362204,18.681631005662183,32,83,18,21
1.69,0.725867242,-0.673455238,-0.137471758,-0.221997127,9.802491665,-0.179589778,0.012522728,0.062919071,-0.123852832,-0.431780145,-0.43129243,0.570355624,0.549770117,2.461373806,-1.541674137,-2.508809805,-17.51250076,-49.18125153,-38.0625,142.2628892,,,,88.62288846,24.37571319,,,0.583250515,9.043074846,-0.19561325,-34.55625153,-65.21250153,-57.56250381,0.004581486,0.064904382,-0.123241967,0.583250515,9.043074846,-0.19561325,18.70363571772752,32,83,18,21
1.7,1.823818326,-0.766443253,-0.060140088,-0.215460509,9.802587509,-0.182354152,-0.029810202,-0.005039634,0.026267186,-0.432254642,-0.431330591,0.570034504,0.549700379,2.439223289,-1.542007446,-2.530047655,-19.76250076,-53.43750381,-43.85625076,140.6242153,,,,88.622888702,24.375713193,,,1.872623014,9.128139877,-0.240717959,-36.80625153,-69.46875,-63.35625076,-0.037751444,-0.003054324,0.02687805,1.872623014,9.128139877,-0.240717959,18.707102574473684,32,83,18,21
1.71,1.916647553,-0.192874908,-0.06748914,-0.220313825,9.802453518,-0.183666587,-0.000855,-0.109986207,0.234694248,-0.432638586,-0.43187055,0.569842637,0.549172908,2.446567893,-1.541543126,-2.521047354,-16.5,-51.60000229,-40.875,141.6154553,,,,88.622888944,24.375713196,,,0.521635327,9.854840279,-0.297308214,-33.54375076,-67.61250305,-60.37500381,-0.008796453,-0.108000895,0.235305116,0.521635327,9.854840279,-0.297308214,18.680663513157107,32,83,18,21
1.72,0.333425224,-0.254140854,-0.212456442,-0.240443587,9.802032948,-0.180821851,0.064751666,-0.058032154,0.202348955,-0.432588264,-0.43288891,0.569970489,0.548277438,2.496686339,-1.540111184,-2.469180107,-18.31875038,-52.98750305,-42.67500305,141.1527736,0.272155762,991.7392578,,88.622889186,24.375713199,,,-0.731725138,9.498070145,-0.213918343,-35.36250305,-69.01875305,-62.17500305,0.056810426,-0.056046844,0.202959824,-0.731725138,9.498070145,-0.213918343,18.700483722331963,32,83,18,21
1.73,-1.469026446,0.065272331,0.366095141,-0.255702242,9.801726818,-0.176456682,0.012950333,-0.067592188,0.040561423,-0.432106659,-0.433329001,0.57031846,0.547947645,2.537516356,-1.539108932,-2.428413033,-17.60625076,-51.60000229,-41.51250076,141.183121,,,,88.622889428,24.375713202,,,-1.642433476,9.895757484,0.353659195,-34.63125229,-67.61250305,-61.01250076,0.005009091,-0.065606876,0.041172286,-1.642433476,9.895757484,0.353659195,18.68905983100791,32,83,18,21
1.74,-0.991792738,0.261909485,0.473151907,-0.256250903,9.801725388,-0.175804816,-0.031276276,0.060689416,-0.090774506,-0.431683347,-0.432951078,0.570629895,0.548255682,2.540272474,-1.539100051,-2.427088261,-17.40000153,-50.32500076,-40.18125153,141.3949024,,,,88.62288966999999,24.375713205,,,-0.960718304,10.30947614,0.117248308,-34.42500305,-66.33750153,-59.68125153,-0.039217518,0.062674727,-0.090163642,-0.960718304,10.30947614,0.117248308,18.70580691161637,32,83,18,21
1.75,-0.365819186,0.312989712,-0.110818122,-0.247032978,9.801971912,-0.175151043,0.011453715,0.066736977,-0.127670741,-0.431540668,-0.43242614,0.570616156,0.548796326,2.524777293,-1.539910793,-2.443786383,-16.95000076,-50.02500153,-41.00625229,140.6580071,,,,88.62288991199999,24.375713208,,,-0.342173642,9.679924774,-0.437886542,-33.99375153,-66.0375061,-60.50625229,0.003512472,0.068722287,-0.127059875,-0.342173642,9.679924774,-0.437886542,18.686974657160192,32,83,18,21
1.76,0.419682026,-0.08281374,-0.205849759,-0.229882769,9.802420139,-0.173443377,0.031520622,0.085490526,-0.153082713,-0.431696087,-0.43191658,0.570235729,0.549470395,2.495148301,-1.541424453,-2.474066615,-17.47500038,-53.66250229,-43.46250153,140.9951872,0.211380005,991.7463989,,88.62289015399999,24.375713211,,,0.348394981,9.825408363,-0.305324167,-34.51875305,-69.67500305,-62.96250153,0.02357938,0.087475836,-0.152471848,0.348394981,9.825408363,-0.305324167,18.70763750952409,32,83,18,21
1.77,0.884736359,0.005284309,-0.185903698,-0.22012642,9.802613258,-0.175212085,-0.015271619,0.008857539,-0.067653275,-0.432064772,-0.431758344,0.569919348,0.549633265,2.469320059,-1.542104959,-2.49952817,-20.11875153,-50.56875229,-36.28125,144.341929,,,,88.62289039599999,24.375713214,,,0.882353351,8.922835827,-0.632303387,-37.14375305,-66.58125305,-55.78125381,-0.023212862,0.01084285,-0.067042409,0.882353351,8.922835827,-0.632303387,18.695469413852013,32,83,18,21
1.78,1.173415959,-0.750813484,-0.551563412,-0.215499967,9.802689552,-0.176692836,0.016737695,-0.021655156,0.038851,-0.432399094,-0.431811243,0.569672257,0.549584895,2.454823732,-1.542375267,-2.513334513,-15.91875076,-49.27500153,-37.81875229,142.4936233,,,,88.622890638,24.375713217,,,0.725982401,9.448299408,-0.534078014,-32.94375229,-65.30625153,-57.31875229,0.008796453,-0.019669845,0.039461865,0.725982401,9.448299408,-0.534078014,18.717469199549463,32,83,18,21
1.79,1.030694038,0.127547741,-0.130590945,-0.224090055,9.802490711,-0.177026793,0.013194679,-0.06148354,0.176662093,-0.432633162,-0.432420447,0.569594562,0.549001932,2.472946644,-1.541673541,-2.49369812,-18.33750153,-49.85625076,-36.78750229,143.5774443,,,,88.62289088,24.37571322,,,0.502971325,10.14173965,-0.015792631,-35.36250305,-65.88750458,-56.28750229,0.005253437,-0.05949823,0.177272958,0.502971325,10.14173965,-0.015792631,18.685500837765836,32,83,18,21
1.8,0.230471455,0.601624489,0.192389127,-0.237459078,9.802221298,-0.174513489,0.013286309,-0.025045457,0.14446952,-0.432487249,-0.43301633,0.569740206,0.548495889,2.507776856,-1.540743589,-2.458051205,-18.65625,-51.00000381,-36.86250305,144.140818,0.171737671,991.7510986,,88.622891122,24.375713223,,,-0.861416169,10.47278643,-0.088534436,-35.70000076,-67.03125,-56.36250305,0.005345067,-0.023060145,0.145080384,-0.861416169,10.47278643,-0.088534436,18.693642654042,32,83,18,21
1.81,-1.215261042,0.099009514,-0.055938575,-0.24222701,9.802163601,-0.171141326,0.037873617,-0.000153,-0.04300488,-0.432138056,-0.433064178,0.569917113,0.548549443,2.52649343,-1.54054594,-2.439869165,-16.03125,-49.76250076,-37.10625076,143.289324,,,,88.622891364,24.375713226,,,-1.11266253,9.791909027,-0.305324167,-33.07500076,-65.77500153,-56.60625076,0.029932375,0.001832594,-0.042394016,-1.11266253,9.791909027,-0.305324167,18.684538940849617,32,83,18,21
1.82,-0.781821847,0.49923563,0.087597601,-0.232881397,9.802408218,-0.170109056,-0.001832594,0.030390524,-0.139521515,-0.432016417,-0.43257764,0.569868594,0.549079388,2.510691047,-1.541383266,-2.456771493,-17.86875153,-49.85625076,-36.80625153,143.5634956,,,,88.622891606,24.375713229,,,-0.703968412,10.05176926,-0.047856452,-34.91250229,-65.88750458,-56.30625153,-0.009773836,0.032375833,-0.138910651,-0.703968412,10.05176926,-0.047856452,18.71698774473113,32,83,18,21
1.83,0.550977528,-0.49553299,-0.041851915,-0.218445353,9.802769184,-0.168442145,0.020769402,0.090713418,-0.141567914,-0.432115525,-0.432129011,0.569563091,0.549671322,2.484665394,-1.542664766,-2.483435631,-18.90000153,-50.85000229,-37.51875305,143.5789108,,,,88.622891848,24.375713232,,,0.546759963,9.208179951,-0.187836582,-35.92500305,-66.86250305,-57.01875305,0.012828161,0.09269873,-0.140957046,0.546759963,9.208179951,-0.187836582,18.71509357413523,32,83,18,21
1.84,0.711828232,0.291909218,0.164511159,-0.213687345,9.802889824,-0.167586461,0.002932151,-0.006872229,-0.001832595,-0.432304949,-0.432161391,0.569325507,0.549743056,2.476522207,-1.543100834,-2.491183519,-19.33125114,-48.80625153,-35.68125153,143.8302265,0.126831055,991.7562256,,88.62289209,24.375713235,,,0.778624481,9.734002686,0.046899325,-36.375,-64.83750153,-55.18125153,-0.005009091,-0.004886918,-0.001221729,0.778624481,9.734002686,0.046899325,18.6903176651086,32,83,18,21
1.85,1.324613899,-0.042970657,0.136550784,-0.214888424,9.802875519,-0.166909412,-0.004764745,0.026847507,0.102747457,-0.432364419,-0.432316199,0.56926176,0.549640566,2.481204391,-1.543047071,-2.486119986,-17.8125,-48.61875153,-37.01250076,142.7186941,,,,88.62289233199999,24.375713238,,,0.625723135,10.13659501,-0.189032987,-34.85625076,-64.65000153,-56.51250076,-0.012705987,0.028832819,0.103358321,0.625723135,10.13659501,-0.189032987,18.70639936184136,32,83,18,21
1.86,-0.014446393,0.107234955,-0.249983057,-0.220608853,9.802753448,-0.166555293,0.034208427,-0.045967575,0.041233372,-0.432437524,-0.432669416,0.5692496,0.549317628,2.494912028,-1.542605877,-2.471646309,-18.03750038,-49.96875381,-37.93125153,142.7978881,,,,88.62289257399999,24.375713241,,,-0.470907491,9.108997154,-0.760439038,-35.08125305,-65.98125458,-57.43125153,0.026267186,-0.043982264,0.041844237,-0.470907491,9.108997154,-0.760439038,18.71268888800804,32,83,18,21
1.87,-0.451140366,-0.395262241,-0.426958926,-0.219947711,9.802790165,-0.165252604,0.028221953,-0.019211699,-0.031398449,-0.432375953,-0.432651564,0.569233537,0.549396753,2.497241855,-1.542737365,-2.469458342,-18.48750114,-49.72500229,-36.16875076,143.9687737,,,,88.62289281599999,24.375713244,,,-0.841316447,10.02018414,-0.085663049,-35.53125,-65.73750305,-55.66875076,0.02028071,-0.017226388,-0.030787584,-0.841316447,10.02018414,-0.085663049,18.70220803246397,32,83,18,21
1.88,-0.01595524,-0.104360104,0.309329018,-0.221552245,9.802773952,-0.164054558,0.008429934,0.015241075,-0.000977,-0.432315752,-0.432730839,0.56924516,0.549369693,2.504222989,-1.542681515,-2.462444663,-14.92500019,-49.76250076,-36.46875,143.7639491,0.052841187,991.7651367,,88.62289305799999,24.375713247,,,0.302093867,9.285348177,0.19441684,-31.96875191,-65.77500153,-55.96875381,0.000489,0.017226386,-0.000367,0.302093867,9.285348177,0.19441684,18.701186023134238,32,83,18,21
1.89,-0.144448146,-0.190073967,0.597715139,-0.218937673,9.802931309,-0.158106059,0.029626942,0.006566796,-0.021685699,-0.432100207,-0.432735533,0.56912449,0.549660534,2.516171575,-1.543256462,-2.450880051,-18.07500076,-50.77500153,-39.33750153,142.2335696,,,,88.62289329999999,24.37571325,,,-0.28378876,9.573204613,0.400558514,-35.11875153,-66.7875061,-58.83750153,0.021685699,0.008552107,-0.021074835,-0.28378876,9.573204613,0.400558514,18.68967409163601,32,83,18,21
1.9,0.305703141,0.073868275,0.098679282,-0.214427538,9.80302906,-0.158219546,-0.023212862,0.057390746,-0.032986699,-0.43210046,-0.432526782,0.569081128,0.549869478,2.505911946,-1.543619215,-2.461514235,-19.38750076,-51.90000153,-38.625,143.3426532,,,,88.622893542,24.375713253,,,-0.269910399,9.902935791,-0.282831639,-36.43125153,-67.93125153,-58.12500381,-0.031154104,0.059376056,-0.032375833,-0.269910399,9.902935791,-0.282831639,18.683724110712227,32,83,18,21
1.91,-0.277166605,-0.103618622,-0.581568956,-0.216377527,9.802950859,-0.160420164,0.00763581,-0.04978548,0.014508039,-0.432213455,-0.432603508,0.569110155,0.549690247,2.503624439,-1.543325543,-2.463458776,-17.38125038,-49.05000305,-37.46250153,142.6288038,,,,88.622893784,24.375713256,,,0.108275222,8.807381868,-0.975673422,-34.42500305,-65.0625,-56.96250153,-0.000305,-0.047800168,0.015118903,0.108275222,8.807381868,-0.975673422,18.71588863031813,32,83,18,21
1.92,0.108454391,-0.888786793,-0.472656973,-0.215882726,9.803025723,-0.156426281,0.078557211,-0.013591741,0.006352994,-0.432150558,-0.432748035,0.568978101,0.549762636,2.514570355,-1.543608129,-2.452370763,-17.75625038,-51.82500076,-37.63125229,144.0157883,0.007919312,991.7703857,,88.622894026,24.375713259,,,-0.366580427,9.493763351,0.437407976,-34.80000305,-67.83750153,-57.13125229,0.070615967,-0.011606431,0.006963859,-0.366580427,9.493763351,0.437407976,18.716016722286525,32,83,18,21
1.93,0.195634328,0.033803463,1.048205197,-0.216949746,9.803077698,-0.15160203,-0.037018406,0.005589413,0.015027273,-0.431996688,-0.432916686,0.568897635,0.549834073,2.531681657,-1.543806136,-2.435236812,-19.875,-49.72500229,-36.80625153,143.4913004,,,,88.622894268,24.375713262,,,0.091884391,9.934042549,0.843709278,-36.91875076,-65.73750305,-56.30625153,-0.044959649,0.007574723,0.015638138,0.091884391,9.934042549,0.843709278,18.705324058290923,32,83,18,21
1.94,-0.006092086,0.06147337,0.57418707,-0.21909517,9.803041935,-0.15086928,-0.019700389,-0.032986698,0.033902995,-0.431961909,-0.433019504,0.568915486,0.549761921,2.538556218,-1.543667316,-2.428236485,-16.74375153,-49.42500305,-35.60625076,144.2306567,,,,88.62289451,24.375713265,,,-0.406779857,9.015557528,-0.229112767,-33.76875305,-65.4375,-55.10625076,-0.027641632,-0.031001388,0.03451386,-0.406779857,9.015557528,-0.229112767,18.69356119164194,32,83,18,21
1.95,-0.117176235,-0.386188984,-0.232482441,-0.219099142,9.803111553,-0.146279223,0.057543463,0.054825115,-0.01282816,-0.431684837,-0.432999402,0.568930984,0.549979299,2.552917838,-1.543928981,-2.414408088,-20.21250153,-46.5,-36.03750229,142.2243139,,,,88.622894752,24.375713268,,,-0.685304406,9.995298958,-0.073220382,-37.25625229,-62.51250076,-55.53750229,0.04960222,0.056810425,-0.012217295,-0.685304406,9.995298958,-0.073220382,18.693968382984497,32,83,18,21
1.96,-0.079152822,0.441261768,0.294789791,-0.216853522,9.803155422,-0.146619655,-0.027611088,-0.00357356,-0.045326167,-0.431699887,-0.432894468,0.568910211,0.550071597,2.547014117,-1.544101179,-2.420478463,-18.63750076,-50.56875229,-38.45625305,142.7479323,0.010559082,991.7701416,,88.62289499399999,24.375713271,,,0.077527449,9.785208702,0.039720855,-35.68125153,-66.6000061,-57.95625305,-0.03555233,-0.001588248,-0.044715302,0.077527449,9.785208702,0.039720855,18.709038227154803,32,83,18,21
1.97,0.156841509,-0.283576965,0.030569218,-0.208735071,9.803360939,-0.144649893,0.017867794,-0.004886918,-0.066431545,-0.431839675,-0.432789207,0.568626434,0.55033803,2.535597444,-1.544895768,-2.431839228,-18.63750076,-47.08125305,-33.80625153,144.3201178,,,,88.62289523599999,24.375713274,,,0.08793623,9.345168829,-0.192024015,-35.68125153,-63.11250305,-53.30625153,0.009926552,-0.002901608,-0.065820679,0.08793623,9.345168829,-0.192024015,18.715884410398097,32,83,18,21
1.98,0.660398722,-0.683922768,-0.09328784,-0.205514178,9.803476334,-0.141397864,0.035307985,0.059345513,0.000367,-0.431755304,-0.432746291,0.568514705,0.550553381,2.538950682,-1.545355797,-2.428716183,-16.08750153,-49.70625305,-36.20625305,143.9302408,,,,88.62289547799999,24.375713277,,,0.3751946,9.968977547,-0.193818633,-33.11250305,-65.73750305,-55.70625305,0.027366743,0.061330824,0.000977,0.3751946,9.968977547,-0.193818633,18.715483456970595,32,83,18,21
1.99,0.238795221,0.496125221,-0.041706018,-0.20885776,9.803365707,-0.14415729,-0.026145012,-0.069180438,0.057176942,-0.431944966,-0.432932094,0.568523169,0.550249726,2.537452102,-1.544917643,-2.42954278,-18.91875076,-50.04375076,-38.92500305,142.1235284,,,,88.62289571999999,24.37571328,,,0.121555385,9.584211922,-0.528813809,-35.96250153,-66.05625153,-58.42500305,-0.034086254,-0.067195126,0.057787808,0.121555385,9.584211922,-0.528813809,18.711195021834296,32,83,18,21
2.0,0.354825318,-0.416660309,-0.409038529,-0.20861239,9.803395748,-0.142446414,0.077121677,0.006108648,-0.017715079,-0.432026297,-0.433104292,0.568380982,0.550197244,2.542515039,-1.545033813,-2.424027085,-20.02500153,-49.50000381,-36.58125305,143.5350373,0.021133423,991.7688599,,88.62289596199999,24.375713283,,,-0.038285162,9.834501028,-0.082552382,-37.06875229,-65.53125,-56.08125305,0.069180437,0.008093959,-0.017104214,-0.038285162,9.834501028,-0.082552382,18.705681265846163,32,83,18,21
2.01,0.236764871,0.682743073,0.409525886,-0.208239757,9.803470135,-0.137819268,0.007086032,-0.014324779,0.019669846,-0.431952775,-0.433279857,0.56823042,0.550272226,2.55694294,-1.545327663,-2.409417272,-15.73125076,-49.14375305,-36.5625,143.3510919,,,,88.622896204,24.375713286,,,0.03254239,10.48726311,0.328773829,-32.77500153,-65.17500305,-56.06250381,-0.000855,-0.012339469,0.020280711,0.03254239,10.48726311,0.328773829,18.6833655985998,32,83,18,21
2.02,0.137831241,0.419737339,0.068285197,-0.209266715,9.80345583,-0.13726797,0.006719512,-0.017745621,0.01404989,-0.431993932,-0.433400407,0.568184614,0.550192326,2.561053991,-1.54527396,-2.40501976,-20.25,-49.40625381,-38.25,142.2531968,,,,88.622896446,24.375713289,,,-0.404985238,9.667601585,-0.418145757,-37.27500153,-65.4375,-57.75000381,-0.001221729,-0.015760311,0.014660755,-0.404985238,9.667601585,-0.418145757,18.686465148563776,32,83,18,21
2.03,-0.173435509,-0.323895931,-0.365086071,-0.206196919,9.803603649,-0.131225079,0.091782434,0.033597562,-0.051465357,-0.431833118,-0.433446899,0.568011373,0.550460726,2.574851274,-1.545870245,-2.391430736,-19.63125038,-49.42500305,-36.20625305,143.7753841,,,,88.622896688,24.375713292,,,-0.3345166,9.631589699,-0.249332114,-36.67500305,-65.4375,-55.70625305,0.083841192,0.035582874,-0.050854492,-0.3345166,9.631589699,-0.249332114,18.71594216754108,32,83,18,21
2.04,0.064903945,0.670639515,0.548624516,-0.203753397,9.803679943,-0.129398368,-0.011484257,-0.048166688,-0.018448117,-0.431924164,-0.433537081,0.567832828,0.550502479,2.575781822,-1.546181083,-2.390179992,-16.29375076,-47.55000305,-36.5625,142.4423299,0.066055298,991.7633667,,88.62289693,24.375713295,,,-0.000479,10.17523899,0.468993253,-33.33750153,-63.56250381,-56.06250381,-0.0194255,-0.046181377,-0.017837251,-0.000479,10.17523899,0.468993253,18.704257162386376,32,83,18,21
2.05,0.497507632,-0.46235466,0.357878953,-0.202294782,9.803750992,-0.126230821,0.04092794,0.013408481,0.000611,-0.431924492,-0.433655471,0.567676902,0.550569773,2.583717108,-1.546479464,-2.382034302,-18.5625,-47.70000076,-37.14375305,142.0922856,,,,88.622897172,24.375713298,,,0.265603311,9.083154678,0.032901312,-35.58750153,-63.71250153,-56.64375305,0.032986698,0.015393792,0.00122173,0.265603311,9.083154678,0.032901312,18.680367882064655,32,83,18,21
2.06,0.233753331,-0.352853775,0.192787088,-0.20275043,9.803808212,-0.120963752,0.024587308,0.025198172,0.042607818,-0.431719854,-0.433769912,0.567609966,0.550709158,2.603649855,-1.546719849,-2.362266541,-19.35000038,-50.49375153,-36.67500305,144.0080625,,,,88.622897414,24.375713301,,,-0.289052974,10.26568775,0.107677019,-36.375,-66.5062561,-56.17500305,0.016646065,0.027183483,0.043218682,-0.289052974,10.26568775,0.107677019,18.684058861714632,32,83,18,21
2.07,-0.351249553,0.463702202,0.092899036,-0.208287112,9.803671837,-0.122513108,-0.02443459,-0.089094627,0.033841909,-0.431757554,-0.433967292,0.567707747,0.550423235,2.609890342,-1.546156228,-2.355600357,-17.0625,-48.37500381,-37.3125,142.3563596,,,,88.62289765599999,24.375713304,,,-0.469471808,9.284152031,-0.350787804,-34.10625076,-64.38750458,-56.81250381,-0.032375833,-0.087109317,0.034452774,-0.469471808,9.284152031,-0.350787804,18.70654007076432,32,83,18,21
2.08,-0.005319834,-0.915272713,-0.109385811,-0.211174242,9.803649902,-0.119325083,0.066431545,-0.070707598,0.016798782,-0.431814954,-0.434340581,0.567551881,0.550244451,2.627256274,-1.546060324,-2.337463737,-15.60000038,-48.35625076,-37.96875,141.8614207,0.095123291,991.7601318,,88.62289789799999,24.375713307,,,0.195613258,8.993423939,0.375673161,-32.64375305,-64.36875153,-57.46875381,0.058490304,-0.068722287,0.017409647,0.195613258,8.993423939,0.375673161,18.68020246335384,32,83,18,21
2.09,0.651435673,-0.113450527,1.048561633,-0.223450892,9.80338335,-0.118691757,-0.057909981,-0.106443188,0.172019522,-0.431862265,-0.434977442,0.567615539,0.549638152,2.653201699,-1.544992208,-2.310281873,-18.375,-51.37500381,-39.86250305,142.1916696,,,,88.62289813999999,24.37571331,,,0.578584507,9.840243912,0.934157944,-35.41875076,-67.40625,-59.36250305,-0.065851224,-0.104457875,0.172630388,0.578584507,9.840243912,0.934157944,18.68643232205669,32,83,18,21
2.1,0.816233128,-0.035814762,0.412844904,-0.247258566,9.802724361,-0.125742137,-0.093951002,-0.102044958,0.276355225,-0.43196632,-0.435747862,0.568093687,0.548450887,2.671013117,-1.542507648,-2.290878892,-16.36875153,-52.03125381,-39.28125,142.9488414,,,,88.62289838199999,24.375713313,,,0.23832514,9.538747978,-0.184247357,-33.41250229,-68.04375458,-58.78125381,-0.101892246,-0.100059648,0.276966092,0.23832514,9.538747978,-0.184247357,18.70194935157465,32,83,18,21
2.11,-0.500824824,0.081089973,-0.270962358,-0.2602406,9.802370548,-0.127254546,0.011300998,-0.026114469,0.108123069,-0.431826323,-0.436100245,0.568405807,0.54795754,2.686788082,-1.541253388,-2.274709821,-16.35000038,-48.95625305,-38.51250076,141.8088706,,,,88.62289862399999,24.375713316,,,-1.390828162,10.12044334,-0.248853549,-33.39375305,-64.98750305,-58.01250076,0.003359756,-0.024129159,0.108733931,-1.390828162,10.12044334,-0.248853549,18.7076758079077,32,83,18,21
2.12,-1.434166431,1.153454781,0.240945131,-0.258078843,9.802417755,-0.12801677,-0.01820377,-0.061483541,-0.117408208,-0.431862533,-0.435996115,0.5683887,0.548029542,2.68111968,-1.541415095,-2.280498981,-18.61875153,-49.65000153,-38.625,142.1190258,-0.015853882,991.7731323,,88.622898866,24.375713319,,,-1.377308714,10.58871861,0.448893538,-35.66250229,-65.6625061,-58.12500381,-0.026145012,-0.05949823,-0.116797347,-1.377308714,10.58871861,0.448893538,18.706078450380097,32,83,18,21
2.13,-0.779732734,0.546574593,0.699254483,-0.242341258,9.802844048,-0.125898801,0.01197295,0.095753054,-0.271590477,-0.431903929,-0.435452744,0.56809929,0.548728466,2.662288904,-1.542944133,-2.300245881,-16.55625153,-47.19375229,-37.125,141.809614,,,,88.622899108,24.375713322,,,-0.55130634,9.58277626,0.672861731,-33.60000229,-63.22500229,-56.62500381,0.004031708,0.097738365,-0.270979616,-0.55130634,9.58277626,0.672861731,18.68897077237841,32,83,18,21
2.14,-0.085211426,-0.192091942,0.696915537,-0.21451579,9.803599358,-0.117281415,0.05299252,0.22403466,-0.264962602,-0.431679025,-0.434468806,0.567603767,0.550196171,2.641103029,-1.545864761,-2.323625684,-17.0625,-50.04375076,-38.32500076,142.5540277,,,,88.62289935,24.375713325,,,-0.111266252,9.535398245,0.246460736,-34.10625076,-66.07500458,-57.82500076,0.045051278,0.226019971,-0.264351729,-0.111266252,9.535398245,0.246460736,18.708487168853893,32,83,18,21
2.15,0.062723763,-0.311909199,0.069551282,-0.190495595,9.804186344,-0.10961695,0.05619956,0.163559043,-0.206105775,-0.431448638,-0.433598608,0.56719023,0.5514884,2.619304538,-1.548381329,-2.347416997,-17.96250153,-49.12500381,-38.45625305,141.9452927,,,,88.622899592,24.375713328,,,0.372801757,9.561240578,-0.342173643,-35.00625229,-65.13750458,-57.95625305,0.048258318,0.165544355,-0.20549491,0.372801757,9.561240578,-0.342173643,18.689489963499863,32,83,18,21
2.16,0.860665411,-0.045032978,-0.162683561,-0.177181296,9.804469585,-0.10659837,0.030421066,-0.007116574,-0.05705477,-0.431668133,-0.433403134,0.566741079,0.551931947,2.599950314,-1.549710155,-2.366739273,-17.83125114,-49.89375305,-39.73125076,141.4690891,-0.073989868,991.7800903,,88.622899834,24.375713331,,,0.885344362,9.247781181,0.024406789,-34.875,-65.92500305,-59.23125076,0.022479824,-0.005131264,-0.056443905,0.885344362,9.247781181,0.024406789,18.69301598792636,32,83,18,21
2.17,1.449914157,-0.87290144,0.344005555,-0.170629278,9.804613113,-0.104113687,0.012980877,0.014813471,-0.002138027,-0.431979239,-0.433573082,0.566316217,0.551991194,2.593726158,-1.550413549,-2.372109532,-16.48125076,-49.87500381,-36.1875,144.0367179,,,,88.622900076,24.375713334,,,1.450648755,9.558728218,0.297308214,-33.52500153,-65.88750458,-55.68750381,0.005039634,0.016798782,-0.001527162,1.450648755,9.558728218,0.297308214,18.709859656204717,32,83,18,21
2.18,0.488686819,0.161880493,0.29135152,-0.18482618,9.804317474,-0.107476488,-0.056321732,-0.133565583,0.195110208,-0.432209253,-0.434250459,0.566436231,0.551154792,2.614588141,-1.548991621,-2.34961307,-14.83125019,-51.73125076,-39.46875,142.6579046,,,,88.62290031799999,24.375713337,,,0.380937357,9.672267723,-0.072263234,-31.87500191,-67.76250458,-58.96875381,-0.064262975,-0.131580272,0.195721075,0.380937357,9.672267723,-0.072263234,18.705985315961883,32,83,18,21
2.19,1.299388289,0.259170532,-0.356000125,-0.197379455,9.804089546,-0.106175743,0.044715302,-0.044501498,0.174585152,-0.432087213,-0.434762806,0.566608191,0.55066967,2.64806366,-1.547940254,-2.315425634,-16.95000076,-51.39375305,-38.60625076,143.0866494,,,,88.62290055999999,24.37571334,,,-1.067797132,10.13480043,0.181256313,-33.99375153,-67.42500305,-58.10625076,0.03677406,-0.042516187,0.17519602,-1.067797132,10.13480043,0.181256313,18.71396893641976,32,83,18,21
2.2,-1.038022995,0.389296055,0.565575838,-0.203515172,9.804030895,-0.099748712,0.041844239,0.024587308,-0.068111422,-0.43173486,-0.435046911,0.566666186,0.550661951,2.685925961,-1.547683418,-2.277687192,-20.0625,-50.21250153,-38.88750076,142.2437027,-0.071350098,991.7797852,,88.62290080199999,24.375713343,,,-0.710189772,10.13599663,0.867637479,-37.10625076,-66.2250061,-58.38750076,0.033902995,0.02657262,-0.067500559,-0.710189772,10.13599663,0.867637479,18.706304515692008,32,83,18,21
2.21,-0.628948823,1.007440567,1.052385569,-0.194186032,9.804214001,-0.100306604,-0.103236149,-0.048044517,-0.105313088,-0.431744054,-0.434605896,0.566584885,0.551086515,2.66479218,-1.548505425,-2.299600601,-15.78750038,-52.95000076,-41.17500305,142.1306336,,,,88.62290104399999,24.375713346,,,-0.851366287,10.34752216,0.409172669,-32.8125,-68.96250153,-60.67500305,-0.111177389,-0.046059205,-0.104702225,-0.851366287,10.34752216,0.409172669,18.702732344133413,32,83,18,21
2.22,0.311154217,-0.437054157,-0.098901615,-0.188583419,9.804316521,-0.1009183,0.053756101,0.094775671,-0.049357874,-0.431808382,-0.434385702,0.566501677,0.551295251,2.650255919,-1.548986435,-2.314424515,-16.80000114,-52.31250381,-42.54375076,140.8798662,,,,88.62290128599999,24.375713349,,,0.50608198,9.120841742,-0.291924376,-33.84375,-68.32500458,-62.04375076,0.045814858,0.09676098,-0.048747009,0.50608198,9.120841742,-0.291924376,18.683746990713114,32,83,18,21
2.23,-0.057614557,0.127718925,0.457293101,-0.184472919,9.804452419,-0.095248271,0.013286307,0.005497783,-0.022601997,-0.431643784,-0.434360161,0.566336244,0.551614136,2.664953351,-1.549624801,-2.300067067,-17.32500076,-51.73125076,-40.72500229,141.7887006,,,,88.622901528,24.375713352,,,0.090927264,10.01013412,0.535992265,-34.36875153,-67.74375153,-60.22500229,0.005345067,0.007483093,-0.021991132,0.090927264,10.01013412,0.535992265,18.69470863212237,32,83,18,21
2.24,0.688652605,0.143520832,0.216184288,-0.176447175,9.804530621,-0.102077421,-0.100670514,0.018051055,-0.052167852,-0.432027444,-0.434000403,0.566250771,0.551684648,2.617146134,-1.550005317,-2.347832918,-14.64375019,-50.88750076,-40.65000153,141.3814074,-0.047561646,991.7769775,,88.62290177,24.375713355,,,0.343130767,9.893843079,-0.410129797,-31.68750191,-66.90000153,-60.15000153,-0.108611758,0.020036365,-0.051556986,0.343130767,9.893843079,-0.410129797,18.69060809470726,32,83,18,21
2.25,0.622433946,-0.546874523,-0.894167542,-0.176289029,9.804499149,-0.10538128,0.015118904,-0.071165747,0.025350889,-0.432403117,-0.434188187,0.566099674,0.551397562,2.602812052,-1.54984957,-2.36115694,-16.23750114,-49.65000153,-40.81875229,140.575353,,,,88.622902012,24.375713358,,,0.826720227,9.001200438,-1.021137074,-33.28125,-65.68125153,-60.31875229,0.00717766,-0.069180437,0.025961753,0.826720227,9.001200438,-1.021137074,18.68975958573516,32,83,18,21
2.26,0.686910748,0.076277733,-0.188326567,-0.181962296,9.804436684,-0.101492099,0.060597786,-0.058184869,0.118385597,-0.432393819,-0.434657335,0.565995157,0.551142514,2.632807016,-1.549551487,-2.330339432,-18.22500038,-49.83750153,-39.48750305,141.6093314,,,,88.622902254,24.375713361,,,-0.238803686,10.28243732,0.470428929,-35.26875305,-65.86875153,-58.98750305,0.052656544,-0.056199559,0.118996458,-0.238803686,10.28243732,0.470428929,18.71892042219009,32,83,18,21
2.27,-0.077333361,0.533272266,0.725949407,-0.1906242,9.804275513,-0.101207346,-0.042394015,-0.022143848,0.056688253,-0.432294637,-0.434960201,0.566152602,0.550819576,2.65351069,-1.548786938,-2.309265375,-17.88750076,-50.21250153,-37.63125229,143.1506462,,,,88.622902496,24.375713364,,,-0.672861724,9.622496796,0.193340066,-34.91250229,-66.24375153,-57.13125229,-0.050335257,-0.020158538,0.057299115,-0.672861724,9.622496796,0.193340066,18.69572390898666,32,83,18,21
2.28,-0.72533536,-0.078696251,-0.019251093,-0.191082157,9.804240704,-0.103542637,-0.019394957,-0.002138027,-0.050243627,-0.432252064,-0.434802085,0.56629464,0.550831795,2.645004869,-1.548634112,-2.318127394,-15.15000057,-48.56250381,-36.15000153,143.3359471,0.010559082,991.7698975,,88.622902738,24.375713367,,,-0.917049289,9.777671576,-0.565902561,-32.19375229,-64.59375,-55.65000153,-0.027336199,-0.000153,-0.049632764,-0.917049289,9.777671576,-0.565902561,18.71568186220708,32,83,18,21
2.29,-0.248272091,0.143297195,-0.434056357,-0.187150151,9.804305553,-0.10461273,0.015760311,0.011575887,-0.059253883,-0.43228808,-0.434601039,0.566271961,0.550985485,2.631856203,-1.548932552,-2.331573844,-16.72500038,-50.41875076,-38.51250076,142.6255006,,,,88.62290297999999,24.37571337,,,-0.04977071,10.00487003,-0.226361028,-33.76875305,-66.43125153,-58.01250076,0.007819069,0.013561198,-0.058643018,-0.04977071,10.00487003,-0.226361028,18.705245545039883,32,83,18,21
2.3,0.488992542,0.378079891,0.126932222,-0.181132309,9.804418087,-0.104708139,-0.010873393,0.021227551,-0.036041022,-0.432423741,-0.4344652,0.566105247,0.551157445,2.617411375,-1.549459577,-2.346024394,-17.71875,-47.56875229,-35.26875305,143.4457673,,,,88.62290322199999,24.375713373,,,0.509671216,10.10871868,-0.022492534,-34.76250076,-63.60000229,-54.76875305,-0.018814635,0.023212862,-0.035430157,0.509671216,10.10871868,-0.022492534,18.71179245214166,32,83,18,21
2.31,0.472499549,-0.150370121,-0.204266725,-0.174633898,9.804525852,-0.105634421,-0.001374446,0.007788526,-0.040469792,-0.432646409,-0.434349209,0.565901577,0.55128324,2.597537518,-1.549980223,-2.36571157,-13.23750019,-51.45000076,-36.86250305,144.3794489,,,,88.62290346399999,24.375713376,,,0.489332233,9.220144033,-0.708873704,-30.28125191,-67.46250153,-56.36250305,-0.009315688,0.009773836,-0.039858927,0.489332233,9.220144033,-0.708873704,18.7001054837242,32,83,18,21
2.32,0.486785606,0.039975166,-0.96111834,-0.17120374,9.804546356,-0.109256893,0.000244,0.008765908,-0.001466075,-0.432931826,-0.434279442,0.565800607,0.551217794,2.573610902,-1.55008626,-2.389255881,-18.05625153,-51.31875229,-40.27500153,141.8751462,0.121536255,991.757019,,88.62290370599999,24.375713379,,,0.031106693,9.892407608,-1.162911773,-35.10000229,-67.33125305,-59.77500153,-0.007696897,0.010751219,-0.000855,0.031106693,9.892407608,-1.162911773,18.703076155385048,32,83,18,21
2.33,0.114843503,-0.4428339,-1.217241287,-0.172560498,9.804502487,-0.111099295,0.050090912,-0.034483317,0.01282816,-0.433152914,-0.434460878,0.565722466,0.550981343,2.569568396,-1.549868107,-2.392573833,-18.07500076,-49.95000076,-38.56875229,142.326576,,,,88.62290394799999,24.375713382,,,0.535035151,9.121918297,-1.028913724,-35.11875153,-65.98125458,-58.06875229,0.042149669,-0.032498006,0.013439026,0.535035151,9.121918297,-1.028913724,18.699700707752747,32,83,18,21
2.34,0.719404846,-0.233868122,-0.640962481,-0.171763122,9.804537296,-0.109278768,0.02687805,-0.050396344,0.053908818,-0.433234438,-0.434613869,0.565568954,0.550954103,2.574956417,-1.550034046,-2.386764407,-14.43750095,-49.50000381,-40.23750305,140.8930707,,,,88.62290419,24.375713385,,,0.33439697,10.55115128,0.087338028,-31.48125076,-65.53125,-59.73750305,0.018936808,-0.048411034,0.054519682,0.33439697,10.55115128,0.087338028,18.687809719511915,32,83,18,21
2.35,0.873224437,0.562507629,-0.035392895,-0.173842363,9.80449295,-0.109915268,-0.01404989,0.029779658,0.038728827,-0.43335627,-0.434795484,0.565523088,0.550762057,2.577777982,-1.549821138,-2.383398414,-17.34375,-54.58125305,-43.3125,141.5665339,,,,88.622904432,24.375713388,,,0.286660159,10.22500954,-0.784845823,-34.38750076,-70.59375,-62.81250381,-0.021991132,0.031764968,0.039339692,0.286660159,10.22500954,-0.784845823,18.708898084610453,32,83,18,21
2.36,-0.239156574,0.392535686,-1.001240194,-0.174571671,9.804471016,-0.110751491,0.070615969,-0.076999505,-0.003787361,-0.433580413,-0.43501015,0.565390885,0.550551862,2.576260805,-1.549713492,-2.384129047,-18.09375,-53.15625381,-42.0,141.6869113,0.177032471,991.7503052,,88.622904674,24.375713391,,,-0.19142581,9.336195707,-1.316650659,-35.13750076,-69.1875,-61.50000381,0.062674727,-0.075014194,-0.003176497,-0.19142581,9.336195707,-1.316650659,18.691230894497625,32,83,18,21
2.37,0.303292274,-0.338190079,-0.618100852,-0.170499936,9.804617882,-0.103830114,0.095753056,0.033902995,-0.03329213,-0.433510348,-0.435154513,0.56509614,0.550795525,2.594608784,-1.550438464,-2.365655541,-15.71250057,-50.88750076,-40.63125229,141.3942967,,,,88.622904916,24.375713394,,,0.029192436,10.40686436,-0.022971101,-32.73750305,-66.91875458,-60.13125229,0.087811811,0.035888306,-0.032681265,0.029192436,10.40686436,-0.022971101,18.68097263865725,32,83,18,21
2.38,0.255230047,0.713523388,0.433842734,-0.174084559,9.804564476,-0.102887586,-0.016982041,-0.06808088,0.052290025,-0.433613092,-0.435475186,0.565010816,0.550548643,2.607804894,-1.55017364,-2.351694226,-18.69375038,-48.54375076,-39.43125153,140.9136396,,,,88.622905158,24.375713397,,,0.619741079,9.667960358,-0.046420765,-35.73750305,-64.57500458,-58.93125153,-0.024923283,-0.066095568,0.052900889,0.619741079,9.667960358,-0.046420765,18.70581889183628,32,83,18,21
2.39,0.327899694,-0.046898365,-0.277564347,-0.172094978,9.804652214,-0.097813565,0.069027722,0.045509427,-0.002443459,-0.433497906,-0.435560033,0.564855605,0.55073151,2.624759078,-1.550610363,-2.334803343,-17.21250153,-52.93125153,-42.45000076,141.2709555,,,0.921305954,88.6229054,24.3757134,,,-0.329611324,10.09771132,-0.352343142,-34.25625229,-68.9437561,-61.95000076,0.061086479,0.047494738,-0.001832594,-0.329611324,10.09771132,-0.352343142,18.687084427176277,32,83,18,21
2.4,0.473032027,0.858674049,-0.368924797,-0.171701863,9.804677963,-0.095909834,0.030787585,-0.014691298,0.006352994,-0.4335168,-0.435671419,0.564751923,0.550734818,2.63218236,-1.550737739,-2.327141523,-19.42500114,-53.81250381,-42.01875305,142.015992,0.190246582,991.7488403,,88.62290563299999,24.375713398,,,0.26225336,10.44610653,-0.409651238,-36.46875,-69.82500458,-61.51875305,0.022846343,-0.012705988,0.006963859,0.26225336,10.44610653,-0.409651238,18.71761834337411,32,83,18,21
2.41,0.283674091,0.741649151,-0.23827327,-0.173743971,9.804646969,-0.095410153,0.042394016,-0.102900172,0.047036589,-0.433669925,-0.435948938,0.564629942,0.550519675,2.639390945,-1.550583959,-2.319163084,-16.85625076,-52.36875153,-42.78750229,140.7497129,,,,88.622905866,24.375713396,,,0.033020956,9.706724358,-0.061734827,-33.90000153,-68.3812561,-62.28750229,0.034452773,-0.100914863,0.047647453,0.033020956,9.706724358,-0.061734827,18.71815714308009,32,83,18,21
2.42,0.36670962,-0.404285908,0.252964869,-0.17495814,9.804724693,-0.084568027,0.122020239,0.048258318,-0.001832594,-0.433438644,-0.436390579,0.564343542,0.55064556,2.691539526,-1.550977409,-2.266640067,-19.125,-51.16875076,-41.68125153,140.8342869,,,,88.62290609899999,24.375713394,,,-0.130408831,9.800403357,0.960120082,-36.16875076,-67.18125153,-61.18125153,0.114078995,0.050243629,-0.001221729,-0.130408831,9.800403357,0.960120082,18.71659457560881,32,83,18,21
2.43,0.01477766,0.870157719,1.147729516,-0.175699674,9.804756641,-0.079103071,-0.039461865,-0.02263254,0.022968515,-0.433238164,-0.436532959,0.56426692,0.550769001,2.718566656,-1.551146209,-2.239717126,-17.21250153,-51.50625229,-41.13750076,141.3860067,,,,88.622906332,24.375713392,,,-0.132562377,10.33316536,0.464686167,-34.25625229,-67.51875305,-60.63750076,-0.047403106,-0.020647231,0.023579381,-0.132562377,10.33316536,0.464686167,18.69480634801021,32,83,18,21
2.44,0.186229326,-0.260957241,-0.489567954,-0.174368508,9.804778099,-0.07944984,0.033841909,0.031245732,-0.020402883,-0.433259755,-0.436475366,0.564251333,0.550813645,2.714069486,-1.551254809,-2.244279385,-14.86875057,-52.36875153,-40.14375305,142.5276953,0.187591553,991.7490234,,88.622906565,24.37571339,,,-0.31680972,9.345408058,-1.067198896,-31.91250038,-68.40000153,-59.64375305,0.025900667,0.033231043,-0.019792018,-0.31680972,9.345408058,-1.067198896,18.680618264661145,32,83,18,21
2.45,-0.464225985,-0.424355507,-0.724316567,-0.172869027,9.804855347,-0.072950236,0.107664917,-0.041691521,-0.027794348,-0.43317467,-0.43669489,0.56401369,0.550949931,2.742316127,-1.551661491,-2.21579349,-15.88125038,-50.66250229,-41.04375076,140.987663,,,,88.62290679799999,24.375713388,,,-0.117248305,9.436694145,-0.331405926,-32.92500305,-66.6937561,-60.54375076,0.099723676,-0.03970621,-0.027183482,-0.117248305,9.436694145,-0.331405926,18.7171327425035,32,83,18,21
2.46,0.383581892,0.180603981,0.508899868,-0.17217917,9.804888248,-0.070016801,0.010140356,-0.02263254,0.006963858,-0.433207661,-0.436866403,0.563849658,0.550955921,2.755361795,-1.55184418,-2.202385187,-19.72500038,-49.85625076,-37.42500305,143.1059745,,,,88.622907031,24.375713386,,,0.298145702,10.07569771,0.536470836,-36.76875305,-65.88750458,-56.92500305,0.002199113,-0.02064723,0.007574723,0.298145702,10.07569771,0.536470836,18.697127365932683,32,83,18,21
2.47,0.57346487,0.007362366,0.35309574,-0.173507482,9.804877281,-0.068296231,0.027611088,-0.006627882,0.032864525,-0.433243871,-0.437062055,0.563758075,0.550865948,2.766599178,-1.551778078,-2.190730095,-17.25,-45.71250153,-35.56875229,142.1136282,,,,88.62290726399999,24.375713384,,,0.286181592,9.135796738,-0.290488669,-34.29375076,-61.74375153,-55.06875229,0.019669845,-0.004642572,0.03347539,0.286181592,9.135796738,-0.290488669,18.718666192761734,32,83,18,21
2.48,0.26590655,-0.591485977,-0.322736114,-0.173707433,9.80491209,-0.062432565,0.085673787,-0.02046397,0.018936808,-0.433082104,-0.437242597,0.563627094,0.550983906,2.79656744,-1.551970303,-2.160728335,-17.36250114,-48.37500381,-37.3125,142.3563596,0.140029907,991.7548828,,88.622907497,24.375713382,,,-0.53659047,9.699306726,-0.252442792,-34.40625,-64.38750458,-56.81250381,0.077732542,-0.01847866,0.019547673,-0.53659047,9.699306726,-0.252442792,18.718544799083563,32,83,18,21
2.49,-0.132905617,0.083558559,-0.112974498,-0.177395977,9.804872513,-0.058250308,0.029932375,-0.043524116,0.027244569,-0.432991788,-0.437556237,0.563550532,0.550884217,2.82431972,-1.551753104,-2.132575035,-17.36250114,-48.37500381,-37.3125,142.3563596,,,,88.62290773,24.37571338,,,-0.158883424,9.698110008,-0.037328032,-34.40625,-64.38750458,-56.81250381,0.021991133,-0.041538805,0.027855435,-0.158883424,9.698110008,-0.037328032,18.714120378218688,32,83,18,21
2.5,0.007645726,-0.263856888,0.079428162,-0.176776484,9.804913044,-0.052974483,0.068172508,-0.008949169,-0.024556764,-0.432935581,-0.437774092,0.56335327,0.550957054,2.850524545,-1.551975787,-2.106079459,-17.71875,-48.93750381,-36.95625305,142.9409039,,,,88.62290796299999,24.375713378,,,0.024526432,9.410971403,0.128016011,-34.76250076,-64.95000458,-56.45625305,0.060231267,-0.006963858,-0.023945899,0.024526432,9.410971403,0.128016011,18.69177795568277,32,83,18,21
2.51,0.244641945,-0.214951992,0.369070232,-0.172087632,9.805039406,-0.04442035,0.060781046,0.01404989,-0.034819292,-0.432796597,-0.437912941,0.563033134,0.551283121,2.889024973,-1.552670717,-2.067589402,-15.01875019,-48.41250229,-37.59375,142.1695962,,,,88.622908196,24.375713376,,,0.27278178,9.819187164,0.347916412,-32.04375076,-64.42500305,-57.09375381,0.052839804,0.016035201,-0.034208427,0.27278178,9.819187164,0.347916412,18.69540390914407,32,83,18,21
2.52,0.39687328,0.264723301,0.12269262,-0.173084937,9.805034637,-0.041609988,0.010018182,-0.052076222,0.042516189,-0.432859197,-0.438182995,0.562868118,0.551187843,2.905618668,-1.55264318,-2.050395727,-15.01875019,-48.41250229,-37.59375,142.1695962,0.124176025,991.7567139,,88.62290842899999,24.375713374,,,0.044027932,9.778987503,-0.225403888,-32.04375076,-64.42500305,-57.09375381,0.00207694,-0.050090911,0.043127054,0.044027932,9.778987503,-0.225403888,18.714045466860668,32,83,18,21
2.53,-0.074306034,-0.799085617,-0.375700906,-0.177663475,9.804988384,-0.031771864,0.132557657,-0.051954048,0.036651886,-0.432681412,-0.43877168,0.562616855,0.551115632,2.964675188,-1.552386522,-1.990600109,-19.10625076,-49.27500153,-38.41875076,142.0571575,,,,88.622908662,24.375713372,,,-0.404387031,8.58544755,-0.250648177,-36.15000153,-65.30625153,-57.91875076,0.124616416,-0.049968737,0.037262752,-0.404387031,8.58544755,-0.250648177,18.692676880206243,32,83,18,21
2.54,-0.346500754,-0.706254959,0.344761848,-0.178307176,9.805003166,-0.022367183,0.070554883,-0.001527162,-0.001832594,-0.432340294,-0.438992053,0.562474132,0.551353514,3.016802549,-1.552474141,-1.938691616,-14.49375057,-48.90000153,-38.28750229,141.9399268,,,,88.622908895,24.37571337,,,-0.737467945,9.996734238,0.628833795,-31.51875114,-64.9125061,-57.78750229,0.06261364,0.000458,-0.00122173,-0.737467945,9.996734238,0.628833795,18.68677970986744,32,83,18,21
2.55,-0.561510831,0.403926849,0.5558047,-0.181515798,9.804942608,-0.023323171,-0.027855434,-0.037293294,0.009040799,-0.432354674,-0.439095899,0.562538445,0.551193893,3.013813257,-1.552132666,-1.941462934,-14.49375057,-48.90000153,-38.28750229,141.9399268,,,,88.62290912799999,24.375713368,,,-0.065084776,9.47366333,-0.384765881,-31.51875114,-64.9125061,-57.78750229,-0.035796675,-0.035307984,0.009651664,-0.065084776,9.47366333,-0.384765881,18.70227205049833,32,83,18,21
2.56,0.174800456,-0.355203152,-0.56674701,-0.179403469,9.804990768,-0.018667636,0.120034931,-0.00962112,-0.034208427,-0.432294011,-0.439206243,0.562356532,0.55133912,3.038018584,-1.552396595,-1.91716975,-19.78125,-48.24375153,-36.65625,142.7719428,0.140029907,991.7545776,,88.622909361,24.375713366,,,-0.183649138,9.644870043,-0.157926297,-36.82500076,-64.2562561,-56.15625381,0.112093685,-0.007635809,-0.033597562,-0.183649138,9.644870043,-0.157926297,18.717446190966424,32,83,18,21
2.57,0.317993462,-0.080119133,0.511000065,-0.172286838,9.80513525,-0.00567583,0.095783597,-0.004184424,-0.065362531,-0.432160512,-0.439495608,0.561807603,0.551772684,3.10882163,-1.553215802,-1.846095383,-17.28750038,-50.88750076,-37.80000305,143.3944782,,,,88.62290959399999,24.375713364,,,0.665683268,10.22500973,1.120798099,-34.33125305,-66.91875458,-57.30000305,0.087842353,-0.002199114,-0.064751667,0.665683268,10.22500973,1.120798099,18.70784119186699,32,83,18,21
2.58,0.569024965,0.625839233,1.161143541,-0.171547972,9.805149078,-0.001592545,-0.017226387,-0.101800617,0.053267409,-0.432338804,-0.439877853,0.5614748,0.551667124,3.132225156,-1.553297222,-1.821681559,-16.81875038,-50.21250153,-37.65000153,143.1369491,,,,88.622909827,24.375713362,,,0.471386057,9.308080101,0.446979252,-33.86250305,-66.2250061,-57.15000153,-0.025167629,-0.099815305,0.053878275,0.471386057,9.308080101,0.446979252,18.702802446803567,32,83,18,21
2.59,0.480761498,-0.991971016,-0.103789564,-0.174284518,9.80509758,0.008134847,0.118049622,0.039095346,0.035277441,-0.432067007,-0.440281019,0.561283052,0.55175361,-3.09509325,-1.553003073,-1.765580595,-16.98750114,-50.41875076,-37.875,143.0858089,,,,88.62291006,24.37571336,,,-0.591625402,9.352347136,0.108275229,-34.03125,-66.45000458,-57.37500381,0.110108376,0.041080657,0.035888306,-0.591625402,9.352347136,0.108275229,18.683887059750823,32,83,18,21
2.6,-0.43784304,0.679861546,0.686523348,-0.181729734,9.804957867,0.012748318,0.015760312,-0.115850507,0.056688251,-0.431975201,-0.440785885,0.561224937,0.551481456,-3.071576595,-1.552219689,-1.741315424,-18.48750114,-49.61250305,-37.08750153,143.2202887,0.100402832,991.7595825,,88.62291029299999,24.375713358,,,-0.182811636,10.39346447,0.778145921,-35.53125,-65.625,-56.58750153,0.007819069,-0.113865197,0.057299116,-0.182811636,10.39346447,0.778145921,18.70460028906796,32,83,18,21
2.61,0.922336042,0.825256348,0.591665506,-0.183718294,9.804917336,0.015257538,0.024190245,-0.045478882,0.034819293,-0.431993842,-0.441037774,0.561117351,0.551374912,-3.058734417,-1.551998854,-1.727983952,-18.73125076,-49.31250381,-37.14375305,143.011773,,,,88.622910526,24.375713356,,,-0.379501681,10.02496967,0.75182488,-35.77500153,-65.32500458,-56.64375305,0.016249004,-0.043493572,0.035430157,-0.379501681,10.02496967,0.75182488,18.719602154004164,32,83,18,21
2.62,-0.296616778,0.096564293,0.742068052,-0.183662742,9.804899693,0.024277198,0.092393296,0.023365578,-0.049480046,-0.431729421,-0.441282392,0.560922474,0.551584512,-3.010047674,-1.551899612,-1.679332018,-16.46250153,-47.36250305,-34.42500305,143.9888135,,,,88.62291075899999,24.375713354,,,-0.585045145,9.637691498,0.921834931,-33.50625229,-63.39375305,-53.92500305,0.084452057,0.025350887,-0.048869183,-0.585045145,9.637691498,0.921834931,18.68560336060945,32,83,18,21
2.63,-0.506486535,0.207154751,0.951400727,-0.178096168,9.804984093,0.030820086,-0.022113305,-0.031551166,-0.059009539,-0.431583419,-0.441258356,0.560688347,0.551955938,-2.970243692,-1.552360773,-1.639837086,-18.03750038,-51.39375305,-39.22500229,142.6482177,,,,88.622910992,24.375713352,,,-0.420179647,9.963713455,0.710668308,-35.08125305,-67.40625,-58.72500229,-0.030054547,-0.029565855,-0.058398673,-0.420179647,9.963713455,0.710668308,18.700733186094546,32,83,18,21
2.64,0.136056982,-0.413511276,0.317377277,-0.173110381,9.8050704,0.031709122,0.025167629,0.009010256,-0.052778717,-0.431704804,-0.44120881,0.560500622,0.552091271,-2.960344315,-1.552847862,-1.629811883,-18.16875076,-49.14375305,-37.16250229,142.9034313,0.039627075,991.7664795,,88.622911225,24.37571335,,,0.228275283,9.006584549,0.263689051,-35.21250153,-65.17500305,-56.66250229,0.017226387,0.010995566,-0.052167851,0.228275283,9.006584549,0.263689051,18.71509492287711,32,83,18,21
2.65,0.325410828,-0.414002419,0.568750888,-0.168657735,9.805122375,0.038817538,0.04856375,-0.045814859,-0.013439025,-0.431697696,-0.441408113,0.560141057,0.55230242,-2.91539073,-1.553145289,-1.584516644,-15.80625057,-49.83750153,-37.48125076,143.0543009,,,,88.62291145799999,24.375713348,,,0.494716069,9.765707493,1.054038376,-32.85000229,-65.8500061,-56.98125076,0.040622509,-0.043829548,-0.01282816,0.494716069,9.765707493,1.054038376,18.70963074471016,32,83,18,21
2.66,0.694285303,0.172556877,1.164474189,-0.171927638,9.805058002,0.040834365,-0.036407541,-0.062216578,0.069394238,-0.431787699,-0.4417613,0.560011446,0.552081048,-2.908378601,-1.552775323,-1.576703966,-20.11875153,-48.22500229,-37.29375076,142.2842103,,,,88.622911691,24.375713346,,,0.219661115,9.72347393,1.027478051,-37.16250229,-64.2562561,-56.79375076,-0.044348783,-0.060231267,0.070005104,0.219661115,9.72347393,1.027478051,18.707880629639803,32,83,18,21
2.67,-0.030992333,-0.466510296,0.415858358,-0.178922653,9.804916859,0.044354789,0.024312418,-0.035949391,0.064996013,-0.431660175,-0.442146912,0.560025543,0.55185774,-2.898648739,-1.551996291,-1.566504478,-17.86875153,-48.78750229,-36.33750153,143.3208287,,,,88.622911924,24.375713344,,,-0.468993243,9.186045885,0.26979075,-34.91250229,-64.8187561,-55.83750153,0.016371177,-0.033964081,0.065606879,-0.468993243,9.186045885,0.26979075,18.70809936335948,32,83,18,21
2.68,-0.865836978,-0.321213722,0.34728539,-0.181606531,9.804848671,0.048355475,0.026725334,-0.054672399,-0.010384701,-0.431504428,-0.442337841,0.559996963,0.551855564,-2.881365776,-1.551631331,-1.549158216,-16.10625076,-51.45000076,-40.91250229,141.5086471,0.023773193,991.7685547,,88.622912157,24.375713342,,,-1.002114105,9.745966721,0.821216708,-33.13125229,-67.46250153,-60.41250229,0.018784092,-0.052687088,-0.009773836,-1.002114105,9.745966721,0.821216708,18.694379646048784,32,83,18,21
2.69,-0.505068034,0.283062458,1.014539748,-0.18152567,9.804848194,0.048697969,-0.044959647,-0.040469792,-0.017715079,-0.431521013,-0.442370608,0.559967399,0.551846325,-2.879496813,-1.551631391,-1.547198474,-17.70000076,-48.35625076,-37.95000076,141.875166,,,,88.62291239,24.37571334,,,0.060777695,10.22165966,1.317488146,-34.74375153,-64.38750458,-57.45000076,-0.05290089,-0.038484482,-0.017104213,0.060777695,10.22165966,1.317488146,18.69174367377057,32,83,18,21
2.7,0.404494263,0.294282913,1.20709461,-0.177931495,9.804903507,0.050926112,-0.001832594,0.050060368,-0.051923506,-0.431496367,-0.442311525,0.559850425,0.552031606,-2.862746239,-1.551921964,-1.530601144,-17.86875153,-49.03125381,-38.08125305,142.1644762,,,,88.62291262299999,24.375713338,,,0.136390889,9.678369522,0.988833964,-34.91250229,-65.0625,-57.58125305,-0.009773837,0.052045679,-0.051312641,0.136390889,9.678369522,0.988833964,18.712374446219133,32,83,18,21
2.71,0.043345127,-0.121501446,0.817973524,-0.167983927,9.805063248,0.053867454,-0.025350888,0.009926553,-0.09468404,-0.431545079,-0.442082554,0.55957824,0.552452743,-2.831250548,-1.552807212,-1.49943465,-19.38750076,-49.51875305,-35.94375229,144.0255503,,,,88.622912856,24.375713336,,,0.245503603,9.854122162,0.696789956,-36.43125153,-65.53125,-55.44375229,-0.033292131,0.011911863,-0.094073175,0.245503603,9.854122162,0.696789956,18.71240453578716,32,83,18,21
2.72,0.684546083,0.115786552,0.554297358,-0.162117526,9.805180073,0.050478701,-0.056199559,-0.056230104,-0.007574723,-0.431930318,-0.442016244,0.559363306,0.552422404,-2.839738011,-1.553477585,-1.507354677,-16.72500038,-50.06250381,-37.6875,143.0272396,-0.039642334,991.776001,,88.622913089,24.375713334,,,0.649890634,9.597133064,0.644147861,-33.76875305,-66.07500458,-57.18750381,-0.0641408,-0.054244792,-0.006963859,0.649890634,9.597133064,0.644147861,18.714682892743195,32,83,18,21
2.73,1.072850406,-0.184488297,0.766480386,-0.164246671,9.80513525,0.052229866,0.005803216,-0.026572618,0.069333152,-0.432056993,-0.442339912,0.559204489,0.552225053,-2.833743095,-1.553221762,-1.500548005,-18.39375114,-49.42500305,-37.63125229,142.7150482,,,,88.622913322,24.375713332,,,0.71126654,9.562915802,1.03848502,-35.4375,-65.4375,-57.13125229,-0.002138027,-0.024587307,0.069944018,0.71126654,9.562915802,1.03848502,18.71652962210225,32,83,18,21
2.74,0.026999027,0.220322132,1.033399612,-0.168874428,9.805061817,0.051385965,-0.052412198,-0.031062475,0.054855658,-0.432079747,-0.442522585,0.559270918,0.551993549,-2.846131802,-1.552796125,-1.512563407,-18.84375,-50.13750076,-37.25625229,143.3846403,,,,88.622913555,24.37571333,,,-0.498185679,10.10871849,0.946122086,-35.88750076,-66.15000153,-56.75625229,-0.060353439,-0.029077164,0.055466522,-0.498185679,10.10871849,0.946122086,18.70045369595443,32,83,18,21
2.75,-0.529984355,0.30821228,0.548549652,-0.173738867,9.805003166,0.046143621,-0.069638586,-0.070157822,0.035307984,-0.432240129,-0.442604572,0.559427738,0.551643193,-2.881992102,-1.552461147,-1.547984123,-14.11875057,-49.59375381,-37.16250229,143.1543718,,,,88.62291378799999,24.375713328,,,-0.377587417,9.682317543,0.364187604,-31.16250038,-65.60625458,-56.66250229,-0.077579826,-0.06817251,0.03591885,-0.377587417,9.682317543,0.364187604,18.70006065178748,32,83,18,21
2.76,-0.213848308,-0.116543293,0.39755898,-0.173546076,9.804997444,0.047834847,0.028557929,-0.022296565,-0.030848671,-0.432223961,-0.442675978,0.559362441,0.551664799,-2.8726331,-1.55243516,-1.538524985,-17.47500038,-49.55625153,-38.26875305,142.3236548,-0.095123291,991.7824097,,88.622914021,24.375713326,,,-0.47736812,9.990632772,1.381855056,-34.51875305,-65.5687561,-57.76875305,0.020616686,-0.020311254,-0.030237806,-0.47736812,9.990632772,1.381855056,18.711931807158663,32,83,18,21
2.77,0.026188523,0.536887646,1.7114802,-0.168984942,9.805064678,0.050456567,-0.079290248,0.029046621,-0.054855658,-0.43217656,-0.442572609,0.559236348,0.551912665,-2.851449847,-1.552810192,-1.51761657,-16.85625076,-49.48125076,-36.61875153,143.4965942,,,,88.622914254,24.375713324,,,0.3804588,10.6121685,1.827159357,-33.90000153,-65.51250458,-56.11875153,-0.08723149,0.031031931,-0.054244792,0.3804588,10.6121685,1.827159357,18.7059985572311,32,83,18,21
2.78,0.454774886,0.758040905,1.241705835,-0.162459873,9.805214405,0.042075014,-0.12938116,-0.012247839,-0.033719736,-0.43252793,-0.442157567,0.559267253,0.551938802,-2.888286829,-1.553686082,-1.554576516,-16.33125114,-49.38750076,-38.30625153,142.2018984,,,,88.622914487,24.375713322,,,0.307716992,9.852207947,0.183290218,-33.375,-65.41875458,-57.80625153,-0.137322402,-0.010262529,-0.033108871,0.307716992,9.852207947,0.183290218,18.7080786750903,32,83,18,21
2.79,0.460363418,-0.418005943,-0.180539928,-0.157011963,9.805309296,0.040583173,0.034819292,-0.014660754,-0.041386089,-0.432803854,-0.442107394,0.559058517,0.551974148,-2.888575196,-1.554259777,-1.554462254,-17.38125038,-50.47500229,-38.75625229,142.4818422,,,,88.62291472,24.37571332,,,0.047258249,9.034699917,0.209970192,-34.42500305,-66.48750305,-58.25625229,0.02687805,-0.012675444,-0.040775224,0.047258249,9.034699917,0.209970192,18.711831706777435,32,83,18,21
2.8,0.492066219,0.214463234,0.852500319,-0.156179383,9.805321693,0.04076818,-0.041905324,-0.044623673,0.024434592,-0.432962462,-0.442241222,0.558914661,0.551888168,-2.886192799,-1.554333568,-1.551550031,-17.26875114,-49.89375305,-38.34375,142.4574329,-0.097763062,991.7828979,,88.62291495299999,24.375713318,,,0.182333088,10.27382336,1.156690478,-34.3125,-65.90625,-57.84375381,-0.049846567,-0.042638362,0.025045456,0.182333088,10.27382336,1.156690478,18.71560021367269,32,83,18,21
2.81,0.163270622,-0.137433529,0.460057821,-0.162889898,9.805245399,0.031632752,-0.112154771,-0.050487975,0.071471179,-0.433256581,-0.442320019,0.559158355,0.551347107,-2.949739575,-1.553872883,-1.614422977,-17.83125114,-47.00625229,-35.60625076,142.8568344,,,,88.622915186,24.375713316,,,-0.209611268,9.181739044,-0.18999012,-34.875,-63.03750229,-55.10625076,-0.120096014,-0.048502664,0.072082044,-0.209611268,9.181739044,-0.18999012,18.69351980627405,32,83,18,21
2.82,-0.767610013,-0.802084923,-0.563343942,-0.166703269,9.805189133,0.029462557,0.011911863,-0.053908817,0.021074835,-0.433298558,-0.44241035,0.559260726,0.551137805,-2.966659069,-1.55353272,-1.631104112,-18.91875076,-46.65000153,-35.40000153,142.8072297,,,,88.622915419,24.375713314,,,-0.831505865,9.480363131,-0.281754866,-35.96250153,-62.68125153,-54.90000153,0.003970621,-0.051923506,0.0216857,-0.831505865,9.480363131,-0.281754866,18.69502331810559,32,83,18,21
2.83,-0.516463399,-0.13788414,-0.00739269,-0.166610286,9.805193424,0.028641936,-0.04508182,-0.019944735,-0.028344126,-0.433346331,-0.442407832,0.559258491,0.551104516,-2.971367359,-1.553557098,-1.635728717,-19.08750153,-48.30000305,-36.91875076,142.6070303,,,,88.622915652,24.375713312,,,0.158883424,10.7586092,0.999721301,-36.13125229,-64.3125,-56.41875076,-0.053023062,-0.017959425,-0.027733261,0.158883424,10.7586092,0.999721301,18.683759277593627,32,83,18,21
2.84,0.44270125,1.185058594,1.150543034,-0.163781613,9.805259228,0.021117267,-0.101403552,-0.059040082,-0.018448116,-0.433794379,-0.442306101,0.559210002,0.550882816,-3.013415575,-1.553954244,-1.677153826,-18.39375114,-50.28750229,-35.83125305,144.529064,-0.076629639,991.7804565,,88.622915885,24.37571331,,,0.707677303,9.891330481,0.728614487,-35.41875076,-66.30000305,-55.33125305,-0.109344798,-0.057054771,-0.017837251,0.707677303,9.891330481,0.728614487,18.70313120563984,32,83,18,21
2.85,0.891482562,-0.215655804,0.318115115,-0.157402188,9.805366516,0.019877082,0.000305,0.000458,-0.02489274,-0.434063032,-0.442220867,0.558986545,0.550966442,-3.015964746,-1.55461657,-1.679379046,-14.23125076,-50.32500076,-36.13125229,144.3232293,,,,88.62291611799999,24.375713308,,,0.128733855,9.90532856,0.290967232,-31.27500153,-66.33750153,-55.63125229,-0.00763581,0.00244346,-0.024281876,0.128733855,9.90532856,0.290967232,18.681437690951864,32,83,18,21
2.86,0.271543596,0.605615139,0.412497357,-0.161994956,9.805300236,0.014953189,-0.083077612,-0.103388862,0.078435037,-0.434383899,-0.442472711,0.558996737,0.55050084,-3.049396873,-1.554206192,-1.711779356,-18.91875076,-49.76250076,-37.70625305,142.8479085,,,,88.622916351,24.375713306,,,0.369451815,10.27573757,0.580020213,-35.96250153,-65.77500153,-57.20625305,-0.091018853,-0.101403552,0.079045902,0.369451815,10.27573757,0.580020213,18.69862392072529,32,83,18,21
2.87,0.505351454,0.588305473,0.779231459,-0.168488763,9.805199623,0.007573837,-0.091171566,-0.087200945,0.079717852,-0.434753358,-0.442720175,0.559096962,0.549908161,-3.096618533,-1.553600729,-1.757884979,-17.38125038,-49.61250305,-36.46875,143.6814442,,,,88.622916584,24.375713304,,,0.287736926,10.48774147,0.921834916,-34.42500305,-65.64375305,-55.96875381,-0.099112811,-0.085215637,0.080328718,0.287736926,10.48774147,0.921834916,18.70170578538829,32,83,18,21
2.88,0.349172503,0.508051395,0.934794098,-0.168282278,9.805204868,0.00465476,-0.054733486,-0.017989968,0.004276053,-0.434942201,-0.442736417,0.55907467,0.549768388,-3.113976359,-1.553629935,-1.774870276,-16.42500114,-48.63750076,-36.39375305,143.1937664,-0.055496216,991.777832,,88.622916817,24.375713302,,,0.129212425,10.41117115,0.881515872,-33.45000076,-64.65000153,-55.89375305,-0.062674727,-0.016004657,0.004886918,0.129212425,10.41117115,0.881515872,18.691461650085124,32,83,18,21
2.89,-0.231684007,1.165109158,0.603320867,-0.169299267,9.805186749,-0.005623555,-0.133412868,-0.103755383,0.015760311,-0.435435578,-0.44269824,0.559151262,0.549330443,3.108512759,-1.553517759,-1.834744871,-18.52500153,-50.92500305,-39.9375,141.8949859,,,,88.62291705,24.3757133,,,-0.407736981,10.5293766,0.389072957,-35.56875229,-66.9375,-59.43750381,-0.141354109,-0.101770072,0.016371176,-0.407736981,10.5293766,0.389072957,18.703633330422758,32,83,18,21
2.9,0.515170217,-0.138132095,0.060086314,-0.16862224,9.805194855,-0.010370327,-0.050701776,-0.017409646,-0.011453714,-0.435686827,-0.442652702,0.559156418,0.549162686,3.080169678,-1.55356729,-1.862716556,-16.44375038,-50.47500229,-38.11875153,142.9398759,,,,88.62291728299999,24.375713298,,,0.26979075,9.624531031,0.529412026,-33.48750305,-66.5062561,-57.61875153,-0.058643019,-0.015424336,-0.01084285,0.26979075,9.624531031,0.529412026,18.681220009997556,32,83,18,21
2.91,0.201280244,0.14638567,1.044727236,-0.163857341,9.805272579,-0.012529415,-0.087231492,-0.025809037,-0.053511755,-0.435915887,-0.442547441,0.559022516,0.549202085,3.065188169,-1.554037988,-1.877480805,-17.08125114,-48.33750153,-35.79375076,143.4801816,,,,88.622917516,24.375713296,,,0.580977348,10.43031406,1.464886045,-34.10625076,-64.3500061,-55.29375076,-0.095172732,-0.023823726,-0.05290089,0.580977348,10.43031406,1.464886045,18.68149392754996,32,83,18,21
2.92,0.998781264,0.772633076,1.156123698,-0.15921846,9.805319309,-0.026845417,-0.210015312,-0.044868019,0.024312419,-0.436542585,-0.442159593,0.559117854,0.548919499,2.974802136,-1.554323077,-1.967437267,-15.03750038,-50.86875153,-37.81875229,143.3707675,-0.021148682,991.7737427,,88.622917749,24.375713294,,,0.368016124,10.09579735,-0.008614166,-32.08125305,-66.90000153,-57.31875229,-0.217956552,-0.042882708,0.024923283,0.368016124,10.09579735,-0.008614166,18.71290402242638,32,83,18,21
2.93,0.354539841,-0.333956242,-0.713367254,-0.164891429,9.805181026,-0.040092863,-0.058184871,-0.075747231,0.078496125,-0.437106147,-0.442235321,0.559316605,0.548207164,2.903125763,-1.553494394,-2.037955284,-18.67500114,-48.84375381,-36.58125305,143.1688322,,,,88.622917982,24.375713292,,,-0.084346996,8.989834547,-0.967896789,-35.71875,-64.875,-56.08125305,-0.066126112,-0.073761923,0.079106988,-0.084346996,8.989834547,-0.967896789,18.69440762565644,32,83,18,21
2.94,-0.507733047,-0.215342999,-0.007956773,-0.172236517,9.805036545,-0.044435447,-0.030543238,-0.107542745,0.056443905,-0.43731688,-0.442535594,0.55941385,0.547697276,2.889193654,-1.552656889,-2.0509547,-18.09375,-49.63125229,-35.8125,144.1868553,,,,88.622918215,24.37571329,,,-0.59054864,9.850772476,0.643190738,-35.13750076,-65.6625061,-55.31250381,-0.038484481,-0.105557434,0.057054771,-0.59054864,9.850772476,0.643190738,18.685082420506067,32,83,18,21
2.95,0.208573379,0.685268402,0.722205788,-0.175469458,9.804900169,-0.059209853,-0.19095633,-0.01065959,0.029077164,-0.437704071,-0.442234844,0.559798867,0.547237277,2.816431403,-1.551905036,-2.123555899,-13.57500076,-50.47500229,-36.13125229,144.4039778,,,,88.622918448,24.375713288,,,-0.496271411,10.25180931,0.043549371,-30.61875153,-66.48750305,-55.63125229,-0.198897573,-0.00867428,0.029688029,-0.496271411,10.25180931,0.043549371,18.700889730402185,32,83,18,21
2.96,-0.411246657,-0.80176878,-1.263067782,-0.171075277,9.804893017,-0.072013658,-0.083077612,0.001069013,-0.065209816,-0.438128129,-0.441738144,0.559990883,0.54710266,2.742918491,-1.551866949,-2.19720161,-19.08750153,-51.03750229,-38.38125229,143.0560808,0.021133423,991.7686768,,88.622918681,24.375713286,,,-0.167497586,8.535796642,-1.807179302,-36.13125229,-67.0687561,-57.88125229,-0.09101885,0.003054324,-0.06459895,-0.167497586,8.535796642,-1.807179302,18.710799742123932,32,83,18,21
2.97,-0.31934464,-0.691812515,-1.434582949,-0.16199407,9.805001259,-0.078095496,-0.03384191,-0.014446952,-0.113620849,-0.43848297,-0.441341698,0.559890091,0.547241509,2.692376614,-1.552454591,-2.247821808,-16.96875,-48.63750076,-35.73750305,143.6925736,,,,88.622918914,24.375713284,,,-0.236889446,9.914421463,-0.757089069,-34.01250076,-64.66875458,-55.23750305,-0.04178315,-0.01246164,-0.113009983,-0.236889446,9.914421463,-0.757089069,18.688632841099867,32,83,18,21
2.98,0.607304931,0.132478714,-0.327802978,-0.157800935,9.80498457,-0.088051599,-0.105801781,-0.051587532,-0.01197295,-0.439150199,-0.441265628,0.55975908,0.546901673,2.632643104,-1.552363813,-2.306480765,-13.89375019,-52.10625076,-37.63125229,144.1630986,,,,88.622919147,24.375713282,,,1.991426677,9.325428009,-0.141176533,-30.93750191,-68.13750458,-57.13125229,-0.113743022,-0.04960222,-0.011362085,1.991426677,9.325428009,-0.141176533,18.704915619032757,32,83,18,21
2.99,1.809277475,-0.130074501,-0.039315518,-0.158597574,9.804890633,-0.096633863,-0.061544626,-0.074678219,0.128434321,-0.43970558,-0.44138062,0.559704721,0.546418071,2.594354033,-1.55185771,-2.343560576,-16.875,-51.22500229,-39.28125,142.5176582,,,,88.62291938,24.37571328,,,0.722153866,9.379864693,-0.463250469,-33.91875076,-67.2562561,-58.78125381,-0.069485868,-0.072692909,0.129045181,0.722153866,9.379864693,-0.463250469,18.683413898599746,32,83,18,21
3.0,0.440281451,-0.834470749,-1.019190937,-0.168917768,9.804651737,-0.103138071,-0.03640754,-0.039614581,0.111666082,-0.439913154,-0.441691712,0.559929311,0.545769155,2.593518376,-1.550612152,-2.343446851,-17.0625,-48.61875153,-37.01250076,142.7186941,-0.00793457,991.7720947,,88.622919613,24.375713278,,,-0.73459655,9.420064163,-1.398365545,-34.10625076,-64.6312561,-56.51250076,-0.044348783,-0.03762927,0.112276946,-0.73459655,9.420064163,-1.398365545,18.682067268846737,32,83,18,21
3.01,-1.454661012,-0.234972954,-1.090789914,-0.183545955,9.804264545,-0.114403825,-0.053878275,-0.216887538,0.093706655,-0.440363705,-0.442177951,0.56021145,0.544721514,2.584201217,-1.548737645,-2.351052165,-15.69375038,-50.11875153,-37.29375076,143.3467793,,,,88.622919846,24.375713276,,,-1.027119143,8.939585447,-0.952941611,-32.71875,-66.1312561,-56.79375076,-0.061819515,-0.214902227,0.09431752,-1.027119143,8.939585447,-0.952941611,18.70125418526272,32,83,18,21
3.02,-0.295303784,-0.548270702,0.374708533,-0.188200586,9.8041749,-0.11456738,0.018020511,-0.037262752,0.016187917,-0.440406054,-0.44242467,0.560228497,0.544469416,2.59474957,-1.5483284,-2.339979053,-16.66875076,-49.27500153,-37.80000305,142.5073453,,,,88.622920079,24.375713274,,,-0.771446027,9.736874008,1.005464062,-33.71250153,-65.30625153,-57.30000305,0.010079269,-0.035277441,0.016798781,-0.771446027,9.736874008,1.005464062,18.7016254048644,32,83,18,21
3.03,-0.152770877,0.338062286,1.562378645,-0.190507717,9.804067612,-0.119722329,-0.111543908,0.001191186,0.006475167,-0.440415606,-0.44224526,0.560475051,0.544353664,2.580590844,-1.547849536,-2.354440451,-17.98125076,-49.55625153,-36.84375,143.3701825,,,,88.622920312,24.375713272,,,-0.11964114,10.01013432,0.962393261,-35.00625229,-65.5687561,-56.34375381,-0.119485152,0.003176497,0.007086031,-0.11964114,10.01013432,0.962393261,18.70549719605992,32,83,18,21
3.04,-0.457288891,0.40049839,0.015796416,-0.190819785,9.803913116,-0.131402105,-0.161421016,0.02565632,-0.003817905,-0.440611541,-0.441793442,0.560845494,0.544180453,2.53854537,-1.547168255,-2.396940708,-17.49375153,-51.56250381,-38.56875229,143.2035118,-0.071350098,991.7796021,,88.622920545,24.37571327,,,-1.333400458,9.755537987,-1.339980692,-34.53750229,-67.57500458,-58.06875229,-0.169362258,0.027641631,-0.00320704,-1.333400458,9.755537987,-1.339980692,18.7090436533489,32,83,18,21
3.05,-1.029925942,-0.717684746,-1.74170959,-0.185753062,9.803905487,-0.138901666,-0.003176497,0.003634645,-0.138666305,-0.440901801,-0.441432074,0.560899705,0.544182688,2.499374509,-1.547139406,-2.43624258,-15.28125095,-49.25625229,-35.66250229,144.094717,,,,88.622920778,24.375713268,,,-0.752781999,8.325587082,-1.719482315,-32.32500076,-65.26875305,-55.16250229,-0.011117739,0.005619956,-0.138055441,-0.752781999,8.325587082,-1.719482315,18.71903408317849,32,83,18,21
3.06,-0.264346145,-0.937741756,-0.565034546,-0.169816114,9.804134369,-0.143178903,-0.046792243,-0.079565137,-0.134878942,-0.441450849,-0.441025004,0.560495436,0.544484049,2.441030383,-1.548139632,-2.494336963,-15.30000019,-52.53750229,-38.70000076,143.6240199,,,,88.622921011,24.375713266,,,0.623091039,9.211888695,0.770010313,-32.34375,-68.55000305,-58.20000076,-0.054733487,-0.077579825,-0.13426808,0.623091039,9.211888695,0.770010313,18.70065201393204,32,83,18,21
3.07,1.594324052,-0.67843008,1.283053994,-0.164963789,9.804065228,-0.153199121,-0.147829276,-0.013286309,0.043218685,-0.442086056,-0.440884545,0.560385227,0.544195801,2.393225551,-1.547836304,-2.541242719,-16.44375038,-52.98750305,-37.83750153,144.4699948,,,,88.622921244,24.375713264,,,1.575075522,9.048458815,0.971485987,-33.48750305,-69.0,-57.33750153,-0.155770518,-0.011300999,0.043829548,1.575075522,9.048458815,0.971485987,18.692918258917643,32,83,18,21
3.08,1.057965904,-0.586152554,0.329951838,-0.17571833,9.803710461,-0.163554937,-0.11362085,-0.013713914,0.163345242,-0.442315623,-0.441020876,0.560767084,0.543505013,2.39198935,-1.546313941,-2.541803956,-14.15625095,-51.28125381,-40.33125305,141.8159525,-0.140045166,991.7877197,,88.622921477,24.375713262,,,0.190468699,9.174082184,-0.675733119,-31.18125153,-67.3125,-59.83125305,-0.121562091,-0.011728604,0.163956109,0.190468699,9.174082184,-0.675733119,18.71180744779074,32,83,18,21
3.09,-0.824349254,-0.375503063,-1.510726392,-0.187671475,9.803256035,-0.176953673,-0.087475835,-0.048288861,0.08429934,-0.442521572,-0.44101426,0.561315417,0.542776227,2.385682702,-1.544490039,-2.547730565,-16.48125076,-51.18750381,-38.40000153,143.1233879,,,,88.62292171,24.37571326,,,-1.245224905,9.780901909,-2.062613106,-33.52500153,-67.20000458,-57.90000153,-0.095417079,-0.046303551,0.084910206,-1.245224905,9.780901909,-2.062613106,18.690833290050477,32,83,18,21
3.1,-0.846491605,0.46245718,-2.003596783,-0.189926103,9.802913189,-0.192881189,-0.088728109,-0.042913251,-0.01282816,-0.44298391,-0.440683827,0.561677188,0.542293012,2.348535061,-1.543186367,-2.58462429,-16.65000153,-51.03750229,-37.78125,143.4887685,,,,88.622921943,24.375713258,,,-0.930808008,10.17129064,-2.124228239,-33.67500305,-67.0687561,-57.28125381,-0.096669352,-0.04092794,-0.012217296,-0.930808008,10.17129064,-2.124228239,18.697558856828216,32,83,18,21
3.11,-0.703272283,-0.051054001,-1.658635616,-0.181374565,9.802962303,-0.19856976,0.000733,-0.044257154,-0.150394909,-0.443415642,-0.44041273,0.561501682,0.542342186,2.310968161,-1.543369055,-2.621902943,-14.10000038,-50.94375229,-38.85000229,142.6706455,,,,88.622922176,24.375713256,,,-0.705404115,8.755338097,-1.309831107,-31.14375114,-66.9750061,-58.35000229,-0.007208204,-0.042271843,-0.149784045,-0.705404115,8.755338097,-1.309831107,18.683138255253684,32,83,18,21
3.12,0.085882634,-0.983071327,-0.762210116,-0.167453125,9.803186417,-0.199666329,-0.03469712,0.082802723,-0.129503332,-0.443622306,-0.439925477,0.561251521,0.542827308,2.268585205,-1.544216037,-2.66480267,-16.89375114,-50.98125076,-37.51875305,143.6494449,-0.163818359,991.7905273,,88.622922409,24.375713254,,,0.878644454,10.08335457,-0.449850655,-33.91875076,-67.01250458,-57.01875305,-0.042638359,0.084788032,-0.128892471,0.878644454,10.08335457,-0.449850655,18.68101402973661,32,83,18,21
3.13,0.920663834,0.47026968,-0.362346686,-0.163269199,9.802978516,-0.212925963,-0.13607013,-0.090407987,0.054672399,-0.444250047,-0.439623788,0.561297894,0.542510301,2.225031972,-1.543431222,-2.707758188,-15.63750076,-49.78125381,-35.83125305,144.254641,,,,88.622922642,24.375713252,,,1.051047325,9.226723909,-1.372283757,-32.68125153,-65.79375458,-55.33125305,-0.144011371,-0.088422676,0.055283262,1.051047325,9.226723909,-1.372283757,18.71850593658711,32,83,18,21
3.14,1.216159999,-1.163944721,-1.266059041,-0.162569456,9.802940369,-0.215205327,0.077579826,-0.029352053,0.016493349,-0.444650114,-0.439875096,0.561069191,0.542215407,2.217774034,-1.543291807,-2.71383512,-18.05625153,-51.07500076,-34.42500305,146.0196808,,,,88.622922875,24.37571325,,,0.606819823,8.801280212,-0.846580642,-35.10000229,-67.10625458,-53.92500305,0.069638586,-0.027366742,0.017104214,0.606819823,8.801280212,-0.846580642,18.71343920482048,32,83,18,21
3.15,0.275512606,-0.319075108,0.366021916,-0.162818126,9.803005219,-0.212056339,-0.014660754,-0.112063144,0.038117963,-0.444886208,-0.440311015,0.560738444,0.542009979,2.225582004,-1.543529034,-2.704808235,-16.61250114,-48.58125305,-35.49375153,143.8479143,,,,88.622923108,24.375713248,,,0.208773781,9.832108021,0.602991298,-33.65625,-64.61250305,-54.99375153,-0.022601997,-0.110077833,0.038728826,0.208773781,9.832108021,0.602991298,18.707836826874228,32,83,18,21
3.16,0.129827306,0.065747261,0.378800124,-0.175626203,9.802595139,-0.220582627,-0.10949751,-0.148592856,0.157297682,-0.44523026,-0.440768301,0.560961425,0.541124314,2.243072391,-1.542038918,-2.685848475,-16.38750076,-53.53125381,-40.18125153,143.1076331,-0.161178589,991.7904053,,88.622923341,24.375713246,,,-0.335473728,9.353543854,-0.316331151,-33.43125153,-69.54375458,-59.68125153,-0.117438756,-0.146607544,0.157908544,-0.335473728,9.353543854,-0.316331151,18.69635130506885,32,83,18,21
3.17,-0.407234319,-0.746723175,-1.00626722,-0.184718557,9.802462101,-0.219087757,0.058520846,0.082314029,0.063163419,-0.444798023,-0.440823972,0.561330765,0.541051447,2.271286011,-1.541570723,-2.658313155,-19.20000076,-49.38750076,-34.6875,144.917567,,,,88.622923574,24.375713244,,,-0.753739125,9.756973648,-1.369173098,-36.24375153,-65.40000153,-54.18750381,0.050579603,0.08429934,0.063774282,-0.753739125,9.756973648,-1.369173098,18.68691516927148,32,83,18,21
3.18,-0.836586833,2.149753571,-1.35920608,-0.184092671,9.802283287,-0.227451697,-0.090163641,-0.058429219,-0.075991578,-0.444936126,-0.4404594,0.561588466,0.540967405,2.251222849,-1.540954113,-2.678778648,-16.23750114,-51.71250153,-36.52500153,144.7660975,,,,88.622923807,24.375713242,,,-2.209771693,11.02971601,-2.051845372,-33.28125,-67.7250061,-56.02500153,-0.098104884,-0.056443907,-0.075380715,-2.209771693,11.02971601,-2.051845372,18.68622116187788,32,83,18,21
3.19,-1.209725015,-0.096391201,-2.314056039,-0.169272222,9.802414894,-0.233096115,0.106748617,0.031917685,-0.294742256,-0.445533469,-0.440074071,0.561217636,0.541174054,2.198501587,-1.541412354,-2.731123328,-16.74375153,-51.80625153,-38.28750229,143.5336802,,,,88.62292404,24.37571324,,,0.19764716,7.947999859,-2.360280252,-33.78750229,-67.8187561,-57.78750229,0.098807379,0.033902993,-0.294131398,0.19764716,7.947999859,-2.360280252,18.689935249156147,32,83,18,21
3.2,0.74579674,-1.447243929,-1.013251625,-0.140052915,9.803184986,-0.219783574,0.15955788,0.06582068,-0.194377176,-0.44576329,-0.439730659,0.560158581,0.542359948,2.137992382,-1.544217229,-2.79186821,-17.28750038,-48.86250305,-33.90000153,145.2477225,-0.121551514,991.7855225,,88.622924273,24.375713238,,,2.084148514,9.833543968,0.14835501,-34.33125305,-64.89375305,-53.40000153,0.151616637,0.067805991,-0.193766309,2.084148514,9.833543968,0.14835501,18.7018236873986,32,83,18,21
3.21,2.757644057,0.932287216,0.464859247,-0.130835317,9.803296566,-0.220544308,-0.09300416,0.038789912,0.052381655,-0.446080729,-0.439591885,0.559847921,0.542532206,2.106267214,-1.544644058,-2.82327354,-15.31875038,-49.70625305,-36.22500229,143.9161231,,,,88.622924506,24.375713236,,,2.772085071,11.41974592,-0.690329321,-32.36250305,-65.71875,-55.72500229,-0.100945403,0.040775223,0.052992519,2.772085071,11.41974592,-0.690329321,18.708311805412425,32,83,18,21
3.22,2.270256817,0.447442532,-2.063936651,-0.135403968,9.803105354,-0.226197146,0.026511531,-0.083841189,0.125349455,-0.446676672,-0.440094173,0.559661299,0.541826785,2.110213041,-1.543911338,-2.817326784,-16.36875153,-47.92500305,-34.06875229,144.5918783,,,,88.622924739,24.375713234,,,1.696989822,9.401400185,-3.210689449,-33.41250229,-63.95625305,-53.56875229,0.018570287,-0.081855881,0.125960317,1.696989822,9.401400185,-3.210689449,18.705918527347045,32,83,18,21
3.23,0.129691184,-0.259514809,-2.606524587,-0.145595305,9.803204536,-0.215235554,0.211114866,-0.231914817,0.137444577,-0.446877614,-0.441396192,0.559099734,0.541181147,2.165462732,-1.544286489,-2.759350657,-16.63125038,-52.05000305,-38.64375305,143.408508,,,,88.622924972,24.375713232,,,-0.529770929,9.900543022,-1.854437554,-33.67500305,-68.0625,-58.14375305,0.203173622,-0.229929506,0.138055441,-0.529770929,9.900543022,-1.854437554,18.69034966129733,32,83,18,21
3.24,-0.663736045,0.569495678,-0.034149349,-0.1682612,9.803027153,-0.206618123,0.09422589,-0.24602579,0.225409105,-0.446788549,-0.442840517,0.558991164,0.540186107,2.254086375,-1.543615282,-2.668256283,-17.68125153,-48.30000305,-34.25625229,144.6542423,-0.0052948,991.7719727,,88.622925205,24.37571323,,,-1.741376653,10.0947206,0.541376125,-34.72500229,-64.33125305,-53.75625229,0.08628465,-0.244040482,0.226019967,-1.741376653,10.0947206,0.541376125,18.7167793003908,32,83,18,21
3.25,-1.614819288,0.564987183,1.124823809,-0.174331337,9.803085327,-0.198772252,0.069638585,-0.001496619,-0.021868961,-0.446352035,-0.443116397,0.559049428,0.540260494,2.290780067,-1.543829322,-2.631854534,-15.52500057,-49.91250229,-37.08750153,143.385793,,,,88.622925438,24.375713228,,,-2.050170422,10.09866848,0.981057274,-32.56875229,-65.92500305,-56.58750153,0.061697343,0.000489,-0.021258093,-2.050170422,10.09866848,0.981057274,18.707236675713315,32,83,18,21
3.26,-1.856633246,0.76091814,0.998853594,-0.156821221,9.803542137,-0.190445699,0.04960222,0.167712927,-0.359188497,-0.445984825,-0.442404687,0.558814466,0.54138869,2.259050608,-1.545631826,-2.665567517,-17.23125076,-51.54375076,-37.18125153,144.195082,,,,88.622925671,24.375713226,,,-1.509392512,11.21372395,-0.321116796,-34.27500153,-67.57500458,-56.68125153,0.041660978,0.169698238,-0.358577615,-1.509392512,11.21372395,-0.321116796,18.698631707938272,32,83,18,21
3.27,-1.124317527,1.17361927,-0.761040717,-0.113510497,9.804223537,-0.185810216,0.067805991,0.14278964,-0.50243628,-0.446208954,-0.440909594,0.558019638,0.54324019,2.117415547,-1.548565626,-2.80953908,-16.6875,-51.48750305,-38.34375,143.3242241,,,,88.622925904,24.375713224,,,-0.968494967,9.667601824,-1.679761469,-33.73125076,-67.51875305,-57.84375381,0.059864749,0.144774951,-0.501825407,-0.968494967,9.667601824,-1.679761469,18.6991515711368,32,83,18,21
3.28,-0.277816042,-0.68999958,-1.219027817,-0.061409855,9.804974556,-0.169924289,0.239336812,0.070463253,-0.501764315,-0.446681246,-0.439911708,0.556424707,0.545293063,1.914360583,-1.552340627,-3.013577938,-14.32500076,-51.78750229,-38.32500076,143.4969511,-0.243087769,991.7999878,,88.62292613700001,24.375713222,,,0.53886365,8.620861626,-0.324466759,-31.36875153,-67.8187561,-57.82500076,0.231395584,0.072448562,-0.501153475,0.53886365,8.620861626,-0.324466759,18.68907100823048,32,83,18,21
3.29,1.363897115,-0.737700462,1.248259127,-0.021190814,9.805535793,-0.146173671,0.155281826,0.104793852,-0.275133498,-0.446719632,-0.439463183,0.554934651,0.547138989,1.713682353,-1.555722773,3.068161488,-17.11875153,-51.16875076,-39.01875305,142.6726523,,,,88.62292637,24.37571322,,,2.222453666,9.91537838,1.968335915,-34.16250229,-67.20000458,-58.51875305,0.147340587,0.106779163,-0.274522634,2.222453666,9.91537838,1.968335915,18.679089143793654,32,83,18,21
3.3,3.017314434,0.283860683,1.612460613,-0.020684373,9.805537224,-0.146177933,-0.107970349,-0.021685699,0.15775583,-0.446979359,-0.43970339,0.554721117,0.5469504,1.710727274,-1.555735409,3.066109896,-18.05625153,-50.00625229,-36.01875305,144.2353602,,,,88.622926603,24.375713218,,,3.492922843,9.536594629,0.077766739,-35.10000229,-66.01875305,-55.51875305,-0.115911592,-0.01970039,0.158366696,3.492922843,9.536594629,0.077766739,18.67954712445632,32,83,18,21
3.31,2.525941849,-1.412666321,-1.803688407,-0.054064907,9.805348396,-0.149924695,0.008063416,-0.133809932,0.423084944,-0.447075263,-0.441111565,0.5551368,0.545313597,1.915358484,-1.554506719,-3.009702921,-15.31875038,-49.74375153,-37.76250076,142.7963914,,,,88.622926836,24.375713216,,,1.964028835,8.222217178,-2.455993176,-32.36250305,-65.7562561,-57.26250076,0.000122,-0.13182462,0.423695809,1.964028835,8.222217178,-2.455993176,18.690986810943585,32,83,18,21
3.32,1.30406785,-1.319491386,-2.405515909,-0.092074737,9.805111885,-0.147292733,0.11862994,-0.35543167,0.559552145,-0.447004735,-0.442928702,0.555435598,0.543591976,2.129479408,-1.553082824,-2.7923944,-17.85000038,-51.90000153,-38.00625229,143.7847674,-0.710769653,991.8551636,,88.622927069,24.375713214,,,0.443868606,8.186444402,-1.911267102,-34.875,-67.93125153,-57.50625229,0.110688698,-0.353446364,0.560163009,0.443868606,8.186444402,-1.911267102,18.655916898540784,32,83,18,21
3.33,0.705068871,-1.028321743,-1.323511064,-0.141466133,9.804578781,-0.142485552,0.103847012,-0.468991429,0.691193506,-0.446791366,-0.44525446,0.555842161,0.541446328,2.348835945,-1.55027467,-2.569172144,-19.61250114,-51.28125381,-37.3125,143.9601744,,,,88.62292730200001,24.375713212,,,-0.299102795,9.424849892,-0.096670028,-36.65625,-67.29375458,-56.81250381,0.09590577,-0.467006117,0.691804364,-0.299102795,9.424849892,-0.096670028,18.654091505993588,32,83,18,21
3.34,-0.783595681,-0.091849327,0.973773181,-0.211087286,9.803489208,-0.131096013,0.102014419,-0.31425938,0.589117998,-0.446033001,-0.448337883,0.556556553,0.538787335,2.583882928,-1.545429051,-2.329835534,-15.24375057,-49.25625229,-35.02500153,144.5842324,,,,88.622927535,24.37571321,,,-1.967378831,10.10776138,1.785045695,-32.26875305,-65.2875061,-54.52500153,0.094073175,-0.312274069,0.589728868,-1.967378831,10.10776138,1.785045695,18.64503177195638,32,83,18,21
3.35,-2.746361494,0.982206345,2.13909328,-0.253787868,9.802640915,-0.119026836,0.028405212,-0.085215636,0.23777912,-0.444827229,-0.44975777,0.55736658,0.537763059,2.702818155,-1.542207539,-2.210476756,-15.33750057,-51.58125305,-39.48750305,142.5645055,,,,88.622927768,24.375713208,Pothole,83.0,-3.923032701,11.26540899,1.689931005,-32.38125229,-67.61250305,-58.98750305,0.020463971,-0.083230324,0.23838998,-3.923032701,11.26540899,1.689931005,18.63843748581723,32,83,18,21
3.36,-3.588252068,1.008515358,0.801224984,-0.250209861,9.80280447,-0.112908769,0.02028071,0.094653497,-0.224920413,-0.444140837,-0.449228749,0.557629406,0.538499385,2.717521548,-1.542800665,-2.197996497,-14.98125076,-51.16875076,-38.41875076,143.0998812,-0.599807739,991.8421021,,88.622928001,24.375713206,Pothole,,-3.42604351,10.41212826,-0.023449668,-32.02500153,-67.20000458,-57.91875076,0.012339469,0.096638808,-0.224309551,-3.42604351,10.41212826,-0.023449668,18.66476982298711,32,83,18,21
3.37,-2.257713497,0.169902802,-0.330905572,-0.206923589,9.803901672,-0.104370184,0.094439694,0.144622235,-0.526809788,-0.444169581,-0.447740629,0.556846708,0.540520936,2.673596263,-1.547159374,-2.244628429,-15.03750038,-49.78125381,-35.83125305,144.254641,,,,88.622928234,24.375713204,Pothole,,-1.115533902,9.328179741,-0.44506501,-32.08125305,-65.79375458,-55.33125305,0.086498453,0.146607547,-0.526198906,-1.115533902,9.328179741,-0.44506501,18.65280515537959,32,83,18,21
3.38,0.920515582,-0.932880402,0.012096487,-0.154025294,9.80501318,-0.090767026,0.13881902,0.209068473,-0.508697629,-0.444460481,-0.446373835,0.555520773,0.542772114,2.607997298,-1.552563369,-2.312232375,-13.98750019,-50.26875305,-37.29375076,143.4287487,,,,88.62292846700001,24.375713202,Pothole,,1.453639746,8.926424742,0.218345057,-31.01250076,-66.28125,-56.79375076,0.130877778,0.211053781,-0.508086786,1.453639746,8.926424742,0.218345057,18.63829398663847,32,83,18,21
3.39,2.528151512,-0.460434914,0.671003878,-0.128633678,9.805456161,-0.082989968,0.071837698,0.055802497,-0.207327505,-0.444823056,-0.446018428,0.554640472,0.543667138,2.568623543,-1.555186391,-2.351611137,-18.65625,-52.66875076,-39.90000153,142.8537054,,,0.918234348,88.6229287,24.3757132,Pothole,,3.111626577,9.262137985,0.711625457,-35.70000076,-68.70000458,-59.40000153,0.063896456,0.057787808,-0.206716646,3.111626577,9.262137985,0.711625457,18.61860514911576,32,83,18,21
3.4,3.441814661,-0.569220543,0.785675794,-0.127289061,9.805513382,-0.077994,0.043737918,-0.118538308,0.199386263,-0.445161059,-0.446583942,0.554123282,0.543453455,2.591622353,-1.555570304,-2.3269701,-17.11875153,-48.28125381,-34.89375305,144.143666,-0.417480469,991.8204346,,88.622928924,24.375713195,Pothole,,2.609612346,8.896993256,0.382851613,-34.16250229,-64.3125,-54.39375305,0.035796676,-0.116553001,0.19999713,2.609612346,8.896993256,0.382851613,18.63048473079105,32,83,18,21
3.41,2.025535703,-0.812141895,0.27216205,-0.157987736,9.805114269,-0.070765696,0.065057097,-0.232434046,0.459828474,-0.445087045,-0.448328987,0.554126292,0.542072088,2.718289733,-1.553130388,-2.197237253,-15.97500038,-48.97500229,-37.23750305,142.7529312,,,,88.622929148,24.37571319,Pothole,,0.270987149,9.497113228,0.141176537,-33.0,-65.0062561,-56.73750305,0.057115857,-0.230448734,0.460439324,0.270987149,9.497113228,0.141176537,18.62665186509784,32,83,18,21
3.42,-0.365344591,0.26192379,0.571545243,-0.209150419,9.804194927,-0.065261491,0.038484481,-0.296055621,0.480017555,-0.44461146,-0.450515047,0.554706782,0.540052503,2.837933779,-1.548444629,-2.074434996,-14.08125019,-51.73125076,-39.48750305,142.6447786,,,,88.622929372,24.375713185,Pothole,,-1.286860037,10.35852909,1.131326532,-31.12500191,-67.76250458,-58.98750305,0.030543239,-0.294070309,0.480628407,-1.286860037,10.35852909,1.131326532,18.61224533350895,32,83,18,21
3.43,-1.462047338,0.868860722,1.747836828,-0.240613051,9.803539276,-0.055579916,0.056688251,-0.106809706,0.167499125,-0.443931997,-0.451821446,0.555090278,0.539125681,2.914440393,-1.545608819,-1.996753573,-15.24375057,-52.70625305,-42.24375153,141.2880308,,,,88.622929596,24.37571318,Pothole,,-2.287538409,10.70118122,1.964985967,-32.28750229,-68.73750305,-61.74375153,0.048747009,-0.104824395,0.168109989,-2.287538409,10.70118122,1.964985967,18.620896520131687,32,83,18,21
3.44,-2.476096511,1.009013176,1.827293038,-0.236705229,9.803684235,-0.045933766,0.024587307,0.027183482,-0.160657438,-0.443433434,-0.451673567,0.555031151,0.539720386,2.949962616,-1.546206832,-1.96241802,-12.86250019,-49.72500229,-39.1875,141.7589059,-0.446548462,991.8240967,,88.62292982,24.375713175,Pothole,,-2.588435888,10.72463131,1.374676615,-29.90625191,-65.7562561,-58.68750381,0.016646065,0.029168793,-0.16004657,-2.588435888,10.72463131,1.374676615,18.618219390330395,32,83,18,21
3.45,-1.494998097,0.506031513,0.733265698,-0.213073015,9.804246902,-0.041073948,0.011117739,0.082558376,-0.286862093,-0.443384215,-0.450805187,0.554651529,0.540875793,2.951169729,-1.548667967,-1.962910831,-14.36250019,-50.60625076,-39.41250229,142.0882918,,,,88.622930044,24.37571317,Pothole,,-1.272981691,9.751709366,0.453679168,-31.40625191,-66.61875153,-58.91250229,0.003176497,0.084543687,-0.286251235,-1.272981691,9.751709366,0.453679168,18.6260493147578,32,83,18,21
3.46,-0.495281518,-0.779370308,0.284577608,-0.189470753,9.804757118,-0.035018649,0.070127276,0.112490749,-0.311541033,-0.443439603,-0.450115293,0.554126799,0.541941881,2.958832264,-1.55114913,-1.956427693,-15.22500038,-53.51250076,-40.83750153,142.651318,,,,88.622930268,24.375713165,Pothole,,0.180059895,8.979066849,0.265005104,-32.26875305,-69.52500153,-60.33750153,0.062186036,0.114476061,-0.310930169,0.180059895,8.979066849,0.265005104,18.6262514406152,32,83,18,21
3.47,0.678133309,-0.710604668,0.436452925,-0.169710636,9.80513382,-0.030375088,0.016493349,0.017104215,-0.158366694,-0.443681255,-0.449714422,0.553542912,0.542673081,2.96447885,-1.553213954,-1.951086521,-15.84375095,-51.41250229,-37.98750305,143.5401662,,,,88.62293049200001,24.37571316,Pothole,,1.295952749,9.521041298,0.577627385,-32.88750076,-67.42500305,-57.48750305,0.008552106,0.019089524,-0.15775583,1.295952749,9.521041298,0.577627385,18.60230152811253,32,83,18,21
3.48,1.750859559,-0.123669624,0.565673828,-0.167578109,9.805171967,-0.029903813,-0.006719513,-0.109130995,0.129625509,-0.444092914,-0.450062737,0.553161472,0.542436481,2.964895248,-1.553437471,-1.949286282,-15.30000019,-48.24375153,-38.88750076,141.1289993,-0.08190918,991.7809448,,88.622930716,24.375713155,Pothole,,1.601276922,9.189395905,0.27182465,-32.32500076,-64.2562561,-58.38750076,-0.014660755,-0.107145683,0.13023637,1.601276922,9.189395905,0.27182465,18.615256536080626,32,83,18,21
3.49,1.236449674,-0.520831108,0.165550992,-0.185014516,9.804872036,-0.02456112,0.059253884,-0.111696626,0.2227213,-0.443989545,-0.451062292,0.553150833,0.541701168,3.009247541,-1.551763833,-1.903286219,-14.83125019,-51.03750229,-37.80000305,143.475171,,,,88.62293094,24.37571315,Pothole,,-0.278165638,9.591031313,0.091525469,-31.87500191,-67.05000305,-57.30000305,0.051312642,-0.109711315,0.223332164,-0.278165638,9.591031313,0.091525469,18.625179775818204,32,83,18,21
3.5,-0.91581431,-0.059788227,-0.013894133,-0.203185216,9.804521561,-0.021202962,0.020158538,-0.143400505,0.119271351,-0.443842456,-0.451940328,0.553271621,0.540966064,3.037582994,-1.549962997,-1.873597443,-17.51250076,-49.68750381,-37.48125076,142.9713042,,,,88.62293116400001,24.375713145,Pothole,,-1.429472232,9.588040161,-0.15505491,-34.55625153,-65.71875,-56.98125076,0.012217296,-0.141415197,0.119882213,-1.429472232,9.588040161,-0.15505491,18.620199917113624,32,83,18,21
3.51,-1.540397823,-0.051353931,-0.130079615,-0.207954794,9.804423332,-0.020345408,0.016493349,-0.11352922,-0.017715078,-0.443884179,-0.452251837,0.553236872,0.540707052,3.04407227,-1.549491227,-1.866461158,-12.65625095,-50.85000229,-38.49375153,142.8740638,,,,88.622931388,24.37571314,Pothole,,-1.623290849,9.680881882,0.051684965,-29.70000076,-66.8812561,-57.99375153,0.008552107,-0.111543909,-0.017104214,-1.623290849,9.680881882,0.051684965,18.63429591347648,32,83,18,21
3.52,-0.6562998,-0.00792551,0.600217775,-0.200912453,9.804582596,-0.01311956,0.068722286,-0.028557928,-0.10522146,-0.443858087,-0.452307284,0.552866876,0.541060328,3.076510906,-1.550260901,-1.8339715,-15.05625057,-53.23125076,-38.98125076,143.7846779,0.414825439,991.722168,,88.622931612,24.375713135,Pothole,,-0.650249541,9.845268965,0.911067232,-32.10000229,-69.24375153,-58.48125076,0.060781046,-0.026572618,-0.104610594,-0.650249541,9.845268965,0.911067232,18.626364348796105,32,83,18,21
3.53,-0.196170613,0.567248344,1.133960724,-0.193891615,9.804729462,-0.009405465,0.005253437,-0.007483093,-0.091751888,-0.443898618,-0.452233732,0.552603245,0.541357815,3.09312129,-1.550997972,-1.8174299,-15.91875076,-50.66250229,-37.59375,143.4229999,,,,88.622931836,24.37571313,Pothole,,-0.288574414,10.08431149,0.621655348,-32.96250153,-66.6937561,-57.09375381,-0.002687805,-0.005497783,-0.091141024,-0.288574414,10.08431149,0.621655348,18.606524189790964,32,83,18,21
3.54,-0.097135648,0.227862835,0.127017215,-0.190478295,9.804793358,-0.011289452,-0.02150244,-0.038026333,-0.035430157,-0.444036961,-0.45211117,0.552546084,0.541405082,3.082373738,-1.551336765,-1.82815063,-14.11875057,-48.26250076,-36.99375153,142.5294279,,,,88.62293206,24.375713125,Pothole,,-0.616869676,9.534919739,-0.872901714,-31.16250038,-64.29375458,-56.49375153,-0.029443682,-0.036041022,-0.034819292,-0.616869676,9.534919739,-0.872901714,18.60282489126552,32,83,18,21
3.55,-0.311461397,-0.364559174,-0.923033267,-0.186221726,9.804876328,-0.01024519,0.075136368,-0.061391911,-0.069180436,-0.444283143,-0.452224612,0.552256793,0.541403562,3.086731672,-1.551776469,-1.823141336,-16.03125,-50.11875153,-37.93125153,142.8805606,,,,88.622932284,24.37571312,Pothole,,0.200997101,9.594620705,-0.194416841,-33.07500076,-66.1312561,-57.43125153,0.067195125,-0.0594066,-0.068569572,0.200997101,9.594620705,-0.194416841,18.625696771128247,32,83,18,21
3.56,0.685275197,0.459939957,0.668815188,-0.177902862,9.805035591,-0.004602387,0.024190245,-0.069913473,-0.052167852,-0.444549397,-0.452429533,0.551704645,0.541576684,3.115748048,-1.552648067,-1.793268442,-17.73750114,-50.32500076,-38.77500153,142.3860425,0.317062378,991.7337036,,88.622932508,24.375713115,Pothole,,0.861416137,10.64327507,1.207896864,-34.78125,-66.33750153,-58.27500153,0.016249004,-0.067928163,-0.051556988,0.861416137,10.64327507,1.207896864,18.60106045242166,32,83,18,21
3.57,0.979974777,0.605517387,0.843144685,-0.175354235,9.805080891,-0.005216303,-0.036163195,-0.056596622,0.020647229,-0.44488968,-0.452623948,0.551427335,0.541417181,3.111856461,-1.552903712,-1.796180904,-15.24375057,-49.36875153,-34.10625076,145.3614631,,,,88.622932732,24.37571311,Pothole,,0.209132709,9.830194092,-0.034456643,-32.28750229,-65.40000153,-53.60625076,-0.044104437,-0.054611311,0.021258095,0.209132709,9.830194092,-0.034456643,18.623431023250934,32,83,18,21
3.58,-0.305545196,-0.408063889,-0.646569103,-0.176712766,9.805058002,-0.001899727,0.066584261,-0.079106989,0.00763581,-0.444984853,-0.452970117,0.551205873,0.541275024,3.130841732,-1.552774251,-1.776389956,-12.67500019,-50.60625076,-36.75,144.0130393,,,,88.622932956,24.375713105,Pothole,,-0.528215593,9.320044279,-0.735194758,-29.70000076,-66.63750458,-56.25000381,0.058643018,-0.077121678,0.008246675,-0.528215593,9.320044279,-0.735194758,18.637609209656997,32,83,18,21
3.59,-0.382451728,0.490194798,-0.084829941,-0.173955753,9.805107117,-0.000357,0.021013749,-0.060017464,-0.038240134,-0.445149347,-0.453096882,0.550974131,0.541269571,-0.002087831,-1.553054571,-1.767193675,-15.60000038,-52.10625076,-38.25,143.7184641,,,,88.62293318,24.3757131,Pothole,,-0.524028146,10.48295593,0.221096814,-32.625,-68.11875153,-57.75000381,0.013072506,-0.058032154,-0.037629271,-0.524028146,10.48295593,0.221096814,18.62301896711503,32,83,18,21
3.6,0.294166118,0.81518364,0.346073091,-0.168067098,9.805208206,-0.003445459,-0.041172287,-0.042302386,-0.07354812,-0.445501179,-0.453009248,0.55077368,0.541257501,3.121094942,-1.553657532,-1.785124421,-17.17500114,-50.92500305,-35.86875153,144.8412548,0.129470825,991.7558594,,88.622933404,24.375713095,Pothole,,0.510628349,10.29966583,0.060777692,-34.21875,-66.9375,-55.36875153,-0.049113527,-0.040317076,-0.072937255,0.510628349,10.29966583,0.060777692,18.61552679704825,32,83,18,21
3.61,0.578344285,0.467121601,-0.012203977,-0.162658401,9.805301189,-0.002168258,0.049632763,-0.065362533,-0.042607819,-0.445727661,-0.453061342,0.550480396,0.541325778,3.128341198,-1.554207802,-1.777372539,-14.28750038,-52.51875305,-39.35625076,143.1530204,,,,88.622933628,24.37571309,Pothole,,0.105284194,9.576674461,-0.074775709,-31.33125114,-68.53125,-58.85625076,0.041691521,-0.063377221,-0.041996954,0.105284194,9.576674461,-0.074775709,18.62573152873769,32,83,18,21
3.62,0.387021288,-0.149271965,0.097026311,-0.156979881,9.805392265,0.00446078,0.044959648,-0.023976442,-0.036529714,-0.445828095,-0.453272998,0.550043017,0.541510463,-3.113134503,-1.554783523,-1.735095143,-16.6875,-50.06250381,-37.05000305,143.4957856,,,,88.622933852,24.375713085,Pothole,,0.28618159,10.17188931,0.518763947,-33.73125076,-66.09375,-56.55000305,0.037018405,-0.021991132,-0.035918849,0.28618159,10.17188931,0.518763947,18.618330115619653,32,83,18,21
3.63,0.382823184,0.513653755,0.491606444,-0.153214119,9.805452347,0.002287993,-0.055100003,-0.0490219,-0.028466299,-0.446149334,-0.453303367,0.549843431,0.541423142,-3.126729846,-1.555167913,-1.748048127,-14.64375019,-51.26250076,-37.38750076,143.8954454,,,,88.622934076,24.37571308,Pothole,,0.385842659,9.805189133,-0.00717847,-31.68750191,-67.27500153,-56.88750076,-0.063041245,-0.047036588,-0.027855434,0.385842659,9.805189133,-0.00717847,18.621824671572632,32,83,18,21
3.64,0.568814844,0.045295238,-0.493258461,-0.148220256,9.805530071,0.000821,0.020463971,-0.059559316,-0.023671011,-0.44650121,-0.453347549,0.549575388,0.541368186,-3.136027217,-1.555679321,-1.756623924,-12.50625038,-48.60000229,-36.45000076,143.1301031,0.103042603,991.7592773,,88.6229343,24.375713075,Pothole,,0.123948213,9.683274651,-0.555613416,-29.53125191,-64.6312561,-55.95000076,0.012522728,-0.057574006,-0.023060145,0.123948213,9.683274651,-0.555613416,18.637658592351052,32,83,18,21
3.65,0.524121415,-0.121853828,-0.228712674,-0.146591984,9.805552006,0.006223244,0.066339915,-0.043401943,-0.000977,-0.446608156,-0.453683466,0.549222559,0.541356683,-3.099163771,-1.555835724,-1.718950689,-17.08125114,-48.69375229,-36.61875153,143.0560451,,,,88.622934524,24.37571307,Pothole,,0.454636294,10.08287621,0.225882453,-34.125,-64.70625305,-56.11875153,0.058398673,-0.041416631,-0.000367,0.454636294,10.08287621,0.225882453,18.615444105512022,32,83,18,21
3.66,0.073524266,0.515591621,0.579844251,-0.148227535,9.80552721,0.00740462,-0.01075122,-0.101434097,0.02272417,-0.446811929,-0.454032019,0.549010426,0.541111469,-3.091661334,-1.555665553,-1.710434794,-17.08125114,-51.54375076,-39.22500229,142.7287188,,,,88.622934748,24.375713065,Pothole,,-0.060418773,9.717851162,0.399601392,-34.125,-67.55625153,-58.72500229,-0.018692463,-0.099448786,0.023335035,-0.060418773,9.717851162,0.399601392,18.63844762255295,32,83,18,21
3.67,0.252991408,-1.112034798,-0.244715795,-0.141991049,9.805615425,0.01125427,0.065515248,0.032223116,-0.098960094,-0.446809769,-0.453956813,0.548782945,0.541406989,-3.062498569,-1.556270361,-1.681412816,-14.58750057,-51.80625153,-37.6875,143.9652301,,,,88.622934972,24.37571306,Pothole,,-0.730768012,8.78596611,-0.513499737,-31.63125038,-67.8187561,-57.18750381,0.057574007,0.034208427,-0.09834923,-0.730768012,8.78596611,-0.513499737,18.636214025678235,32,83,18,21
3.68,-0.773312449,-0.761057377,-0.664684832,-0.135968648,9.805697441,0.013936094,0.036529713,-0.060628329,-0.07403681,-0.446947083,-0.453967527,0.54849425,0.54157716,-3.039435267,-1.556857169,-1.658082604,-13.12500095,-49.96875381,-36.73125076,143.6809745,0.042266846,991.7661133,,88.622935196,24.375713055,Pothole,,-0.311545505,9.075976372,-0.842273569,-30.16875076,-65.98125458,-56.23125076,0.028588471,-0.058643018,-0.073425947,-0.311545505,9.075976372,-0.842273569,18.607831645391567,32,83,18,21
3.69,-0.04494939,-0.623712063,-0.840559095,-0.135501213,9.805703163,0.014663757,0.040469791,-0.101403555,0.031612252,-0.447163433,-0.454205707,0.548275292,0.541420549,-3.033840179,-1.556895971,-1.651653647,-14.86875057,-51.37500381,-39.28125,142.5985265,,,,88.62293542,24.37571305,Pothole,,-0.082552382,8.955736876,-0.683749065,-31.91250038,-67.38750458,-58.78125381,0.032528549,-0.099418243,0.032223118,-0.082552382,8.955736876,-0.683749065,18.602774452035,32,83,18,21
3.7,0.252526656,-0.966606617,-0.619047105,-0.137273461,9.805663109,0.022447093,0.105190916,0.006200276,0.004398227,-0.447020814,-0.454578415,0.548048764,0.541454881,-2.979478717,-1.556608737,-1.596868455,-15.20625019,-51.05625153,-36.52500153,144.4205452,,,,88.622935644,24.375713045,Pothole,,-0.302452788,9.0644907,-0.542692184,-32.25,-67.0687561,-56.02500153,0.097249673,0.008185587,0.005009091,-0.302452788,9.0644907,-0.542692184,18.60403112005509,32,83,18,21
3.71,-0.89587146,-0.739681244,-0.873911768,-0.133119389,9.805709362,0.027062924,0.051312642,-0.053786644,-0.075014194,-0.447068781,-0.454692736,0.547760636,0.541610807,-2.940970302,-1.556939065,-1.558060646,-13.57500076,-50.83125305,-36.95625305,143.9814235,,,,88.622935868,24.37571304,Pothole,,-0.643190733,8.635696983,-1.593141294,-30.61875153,-66.84375,-56.45625305,0.043371399,-0.051801334,-0.074403328,-0.643190733,8.635696983,-1.593141294,18.600728873026057,32,83,18,21
3.72,-0.606995337,-1.192487717,-1.949247181,-0.127197117,9.80577898,0.029968117,0.085979218,-0.087964529,-0.067195124,-0.447291836,-0.454806566,0.547390342,0.54170543,-2.910233617,-1.557466507,-1.526711822,-17.4375,-50.08125305,-37.03125,143.5199122,0.08190918,991.7615967,,88.622936092,24.375713035,Pothole,,-0.976271644,8.492725611,-1.717448443,-34.48125076,-66.09375,-56.53125381,0.078037976,-0.085979219,-0.06658426,-0.976271644,8.492725611,-1.717448443,18.60377771843023,32,83,18,21
3.73,0.327389367,-1.3273983,-0.748407006,-0.125062957,9.805765152,0.041441359,0.152105334,-0.079565139,-0.027000223,-0.447293431,-0.455349639,0.546839207,0.541804552,-2.821774602,-1.557359874,-1.437254608,-15.41250038,-49.40625381,-36.28125,143.708476,,,,88.622936316,24.37571303,Pothole,,0.662333294,8.890293121,0.024885344,-32.45625305,-65.41875458,-55.78125381,0.144164088,-0.077579828,-0.026389358,0.662333294,8.890293121,0.024885344,18.627320270936647,32,83,18,21
3.74,0.931509137,0.595645905,1.099913597,-0.127650499,9.805700302,0.048093535,0.03640754,-0.111207932,0.076724617,-0.447345674,-0.45589292,0.54650712,0.541639626,-2.781282902,-1.556886673,-1.395664334,-13.16250038,-50.10000229,-37.98750305,142.8293748,,,,88.62293654,24.375713025,Pothole,,0.928893728,10.31210861,1.284467208,-30.20625114,-66.11250305,-57.48750305,0.028466299,-0.109222621,0.07733548,0.928893728,10.31210861,1.284467208,18.602847545938403,32,83,18,21
3.75,1.186602414,0.592266083,1.025640368,-0.13392885,9.805604935,0.05059794,0.008399391,-0.033139414,0.112093685,-0.44728373,-0.456260547,0.546493143,0.541395217,-2.7803756,-1.556195736,-1.394190848,-15.88125038,-53.36250305,-40.85625076,142.5610329,,,,88.622936764,24.37571302,Pothole,,-0.128614217,10.46800089,0.05024928,-32.92500305,-69.375,-60.35625076,0.000458,-0.031154104,0.112704551,-0.128614217,10.46800089,0.05024928,18.612759025211744,32,83,18,21
3.76,-0.370428115,0.687477589,-0.406451551,-0.141358383,9.805464745,0.057088446,0.108000893,-0.073578663,0.022357651,-0.447178304,-0.456859827,0.546339035,0.54113242,-2.757885337,-1.555247962,-1.370786011,-16.27500153,-50.62500381,-36.69375229,144.0648438,0.126831055,991.7561646,,88.622936988,24.375713015,Pothole,,-0.59581283,9.962277794,-0.604426998,-33.31875229,-66.65625,-56.19375229,0.100059651,-0.071593351,0.022968516,-0.59581283,9.962277794,-0.604426998,18.63379501243877,32,83,18,21
3.77,-0.557819933,0.466659069,-0.253236607,-0.131418295,9.805535316,0.067621376,0.078557211,-0.055619237,-0.157725285,-0.447163388,-0.456971079,0.545781881,0.541612774,-2.665933967,-1.555719912,-1.278659344,-13.63125038,-48.84375381,-35.36250305,144.09575,,,,88.622937212,24.37571301,Pothole,,-0.481435895,10.47721329,0.702054172,-30.67500114,-64.875,-54.86250305,0.070615966,-0.053633926,-0.157114422,-0.481435895,10.47721329,0.702054172,18.600930877429427,32,83,18,21
3.78,0.831592351,0.49045229,0.817928284,-0.112721238,9.805741787,0.071329068,0.003817905,0.048105601,-0.167682383,-0.44755587,-0.456707507,0.545128793,0.542168349,-2.576673627,-1.557189465,-1.189172089,-12.54375076,-47.98125076,-36.54375076,142.7061718,,,,88.622937436,24.375713005,Pothole,,1.722832352,10.2221384,0.81475611,-29.58750153,-64.01250458,-56.04375076,-0.004123337,0.050090911,-0.167071518,1.722832352,10.2221384,0.81475611,18.63257873930355,32,83,18,21
3.79,1.333951056,0.648116589,0.467931643,-0.106779296,9.80578661,0.074377894,0.016493349,-0.071135204,0.022479823,-0.447858706,-0.456906542,0.544683933,0.542197704,-2.533228874,-1.557525873,-1.144806206,-15.67500019,-49.76250076,-36.46875,143.7639491,,,,88.62293766,24.375713,Pothole,,1.20837543,9.88762188,0.105284199,-32.71875,-65.79375458,-55.96875381,0.008552107,-0.069149893,0.023090687,1.20837543,9.88762188,0.105284199,18.61127419099093,32,83,18,21
3.8,1.215618312,-0.042246819,-0.416442007,-0.112439618,9.805678368,0.080152582,0.064262975,-0.003940078,0.093217966,-0.447754696,-0.457384601,0.544547647,0.5420174,-2.522183537,-1.556713521,-1.133065999,-14.49375057,-50.68125153,-36.33750153,144.3601905,0.206100464,991.7469482,,88.622937884,24.375712995,Pothole,,0.56829536,10.34596705,-0.284745889,-31.53750038,-66.71250153,-55.83750153,0.056321731,-0.001954767,0.09382883,0.56829536,10.34596705,-0.284745889,18.60472659310486,32,83,18,21
3.81,-0.883976758,1.076169968,0.035635866,-0.120962672,9.805578232,0.07982076,0.001679878,-0.195171297,0.080176002,-0.447956562,-0.457963616,0.544459999,0.541449487,-2.558302402,-1.556018114,-1.167744398,-12.90000057,-49.78125381,-35.23125076,144.7121465,,,,88.622938108,24.37571299,Pothole,,-0.027756751,10.08431187,0.048335015,-29.92500114,-65.79375458,-54.73125076,-0.006261364,-0.193185985,0.080786867,-0.027756751,10.08431187,0.048335015,18.62786948661456,32,83,18,21
3.82,0.509751737,0.094357014,0.050271213,-0.120144088,9.805546761,0.084841702,0.074892022,-0.05317578,-0.000122,-0.447964326,-0.458212227,0.544212461,0.541481614,-2.526835203,-1.555798233,-1.135804951,-15.76875019,-50.21250153,-37.66875076,143.1232569,,,,88.622938332,24.375712985,Pothole,,-0.619741081,10.16566753,0.864766091,-32.8125,-66.2250061,-57.16875076,0.066950779,-0.051190469,0.000489,-0.619741081,10.16566753,0.864766091,18.62515771387119,32,83,18,21
3.83,-0.635859787,0.256223202,0.964956284,-0.12116928,9.805452824,0.09384479,0.057115858,-0.043218683,-0.010995566,-0.447897568,-0.458692163,0.543856055,0.541488558,-2.482694507,-1.555167913,-1.090896606,-14.40000057,-48.41250229,-35.55000305,143.7096218,,,,88.622938556,24.37571298,Pothole,,0.399601385,9.70887804,0.964307547,-31.44375038,-64.4437561,-55.05000305,0.049174614,-0.041233371,-0.010384701,0.399601385,9.70887804,0.964307547,18.63509888054108,32,83,18,21
3.84,-0.048986107,0.587093353,0.820239365,-0.119385932,9.805453777,0.095957484,-0.029932374,-0.01432478,-0.017470733,-0.447809592,-0.458638385,0.543817818,0.541645229,-2.464577556,-1.555175066,-1.073041737,-13.76250076,-48.46875381,-36.45000076,143.0557031,0.245727539,991.7423096,,88.62293878,24.375712975,Pothole,,-0.574277431,10.28626614,0.571884614,-30.78750038,-64.48125458,-55.95000076,-0.037873616,-0.012339469,-0.016859868,-0.574277431,10.28626614,0.571884614,18.62940284175215,32,83,18,21
3.85,0.636494007,-0.021547794,-0.038355745,-0.108466294,9.805565357,0.097446933,0.036041022,0.04431824,-0.130480716,-0.44800356,-0.45841001,0.543498367,0.541998655,-2.409165621,-1.555923879,-1.017696381,-15.52500057,-50.86875153,-38.45625305,142.9110944,,,,88.622939004,24.37571297,Pothole,,0.761396176,9.942177963,0.25651058,-32.56875229,-66.8812561,-57.95625305,0.02809978,0.046303549,-0.12986985,0.761396176,9.942177963,0.25651058,18.632139237215387,32,83,18,21
3.86,0.890325367,0.664419174,0.709647,-0.099970452,9.805602551,0.102730297,0.031459537,-0.116522459,-0.030848671,-0.448341101,-0.458647743,0.542898983,0.542119145,-2.342615008,-1.556176543,-0.950090051,-15.97500038,-51.13125229,-38.15625,143.2681817,,,,88.62293922799999,24.375712965,Pothole,,1.433300763,10.20658493,1.065404281,-33.01875305,-67.14375305,-57.65625381,0.023518294,-0.114537148,-0.030237806,1.433300763,10.20658493,1.065404281,18.611281382902845,32,83,18,21
3.87,1.268186688,0.215777397,1.15232414,-0.107948814,9.805465221,0.107535984,0.016004658,-0.086406823,0.125471628,-0.448413193,-0.459355474,0.542675167,0.541684121,-2.357754946,-1.555256307,-0.963785052,-13.05000019,-46.83750153,-35.70000076,142.6849967,,,,88.622939452,24.37571296,Pothole,,0.44123649,9.86895771,1.325623727,-30.09375191,-62.85000229,-55.20000076,0.008063415,-0.084421513,0.126082488,0.44123649,9.86895771,1.325623727,18.607097581751184,32,83,18,21
3.88,-0.405967951,-0.409712791,1.198053837,-0.119382411,9.805272102,0.113054737,0.048624836,-0.087750724,0.112521292,-0.448245108,-0.46002236,0.542647421,0.541285038,-2.383411169,-1.554026723,-0.988513529,-14.98125076,-50.10000229,-37.95000076,142.8566169,0.237792969,991.7432861,,88.622939676,24.375712955,Pothole,,-0.445064999,9.234381104,1.35625186,-32.00625229,-66.1312561,-57.45000076,0.040683594,-0.085765413,0.113132157,-0.445064999,9.234381104,1.35625186,18.630024590065627,32,83,18,21
3.89,-0.491300546,-0.201685905,1.408253074,-0.123097941,9.805170536,0.117772941,-0.019089525,-0.089644404,0.03130682,-0.44807063,-0.460280895,0.542602748,0.54125452,-2.378261328,-1.553423226,-0.983204007,-15.48750019,-49.20000076,-36.82500076,143.1860414,,,,88.6229399,24.37571295,Pothole,,-0.771087103,11.12841988,2.210968077,-32.53125,-65.23125458,-56.32500076,-0.027030766,-0.087659098,0.031917684,-0.771087103,11.12841988,2.210968077,18.632273389570685,32,83,18,21
3.9,-0.1173646,1.431678772,2.078173041,-0.129015453,9.805110931,0.116357382,-0.067561645,-0.052442742,0.046059204,-0.448154435,-0.460561141,0.542642951,0.54090631,-2.407719135,-1.553077936,-1.011986077,-14.79375076,-50.32500076,-37.53750229,143.280681,,,,88.622940124,24.375712945,Pothole,,0.14691931,10.94524937,1.858266068,-31.83750153,-66.33750153,-57.03750229,-0.075502888,-0.050457431,0.04667007,0.14691931,10.94524937,1.858266068,18.63962020568002,32,83,18,21
3.91,-0.217101783,1.109246731,1.476211369,-0.13118317,9.805037022,0.12009814,0.02687805,-0.036560257,-0.010873394,-0.448052853,-0.460766867,0.542570144,0.54088828,-2.400341034,-1.552654386,-1.004412889,-13.50000095,-47.19375229,-34.48125076,143.8469522,,,,88.622940348,24.37571294,Pothole,,-0.931765151,10.13599663,1.383051467,-30.54375076,-63.22500229,-53.98125076,0.018936808,-0.034574947,-0.010262529,-0.931765151,10.13599663,1.383051467,18.61650470707645,32,83,18,21
3.92,-0.559180692,0.156272888,1.287891328,-0.12018704,9.805096149,0.126592062,0.012217296,0.058490302,-0.16294818,-0.447988212,-0.460551217,0.542236477,0.541459769,-2.329971194,-1.55299288,-0.934563249,-17.08125114,-50.11875153,-37.93125153,142.8805606,0.288009644,991.7371216,,88.622940572,24.375712935,Pothole,,-0.412163703,10.52183938,1.66600278,-34.125,-66.1312561,-57.43125153,0.004276054,0.060475613,-0.162337314,-0.412163703,10.52183938,1.66600278,18.614880723431707,32,83,18,21
3.93,0.127328649,0.858356476,1.448653936,-0.108853415,9.805300713,0.1208212,-0.110444351,-0.05561924,-0.093462311,-0.448483109,-0.460202143,0.541999966,0.541583717,-2.304083586,-1.554214537,-0.908416122,-14.94375038,-52.72500229,-38.15625,144.1073355,,,,88.622940796,24.37571293,Pothole,,0.621176773,9.799565887,1.136112201,-31.98750114,-68.73750305,-57.65625381,-0.118385597,-0.053633928,-0.092851447,0.621176773,9.799565887,1.136112201,18.631056518429677,32,83,18,21
3.94,0.914743334,-0.702038288,0.483052969,-0.103265077,9.805351734,0.121656239,0.012705988,-0.001985311,-0.01734856,-0.448677778,-0.460184038,0.541752428,0.541685492,-2.274615407,-1.554521382,-0.87862277,-15.48750019,-53.38125229,-39.58125305,143.44372,,,,88.62294102,24.375712925,Pothole,,0.549750999,9.299107075,0.584446914,-32.53125,-69.39375305,-59.08125305,0.004764745,-1.75e-10,-0.016737696,0.549750999,9.299107075,0.584446914,18.613632141610115,32,83,18,21
3.95,-0.038844429,-0.075586319,0.839642346,-0.110204175,9.805258751,0.123046748,-0.020616686,-0.10506874,0.121867524,-0.44870168,-0.460606515,0.541719973,0.54133904,-2.301195145,-1.553952217,-0.904374957,-15.88125038,-51.54375076,-37.20000076,144.181376,,,,88.622941244,24.37571292,Pothole,,0.414915439,10.11302567,1.132283688,-32.92500305,-67.55625153,-56.70000076,-0.028557928,-0.103083433,0.12247839,0.414915439,10.11302567,1.132283688,18.637230293024132,32,83,18,21
3.96,0.474464644,0.544485569,1.118085325,-0.120592669,9.805182457,0.119261693,-0.076480271,-0.114628775,0.134390254,-0.448799819,-0.460977852,0.541892916,0.540768117,-2.361548305,-1.553495586,-0.963858485,-14.36250019,-48.78750229,-35.75625229,143.7623937,0.293289185,991.7368164,,88.622941468,24.375712915,Pothole,,-0.388594398,10.23170948,1.112183964,-31.40625191,-64.80000305,-55.25625229,-0.084421511,-0.112643465,0.135001114,-0.388594398,10.23170948,1.112183964,18.63433651007372,32,83,18,21
3.97,-0.390460692,0.16636467,0.797137111,-0.12764129,9.805101871,0.118597277,0.013194679,-0.011514801,-0.024923283,-0.448841885,-0.461310729,0.541941226,0.540400803,-2.392921209,-1.553024113,-0.99453482,-14.85000038,-48.91875076,-36.99375153,142.9023911,,,,88.622941692,24.37571291,Pothole,,-0.829113066,9.426524639,0.726819873,-31.89375114,-64.93125153,-56.49375153,0.005253437,-0.009529491,-0.024312418,-0.829113066,9.426524639,0.726819873,18.617159761095,32,83,18,21
3.98,-0.909923911,0.347024441,0.740171611,-0.122602295,9.805172443,0.118130215,-0.071165746,-0.071623894,-0.066126112,-0.448941872,-0.461150989,0.541840136,0.540555447,-2.374831676,-1.553433836,-0.976558447,-14.41875076,-48.26250076,-36.99375153,142.5294279,,,,88.622941916,24.375712905,Pothole,,-0.896829937,10.4566349,0.957607615,-31.46250153,-64.29375458,-56.49375153,-0.079106988,-0.069638586,-0.065515248,-0.896829937,10.4566349,0.957607615,18.630032329582704,32,83,18,21
3.99,0.104791358,0.170506477,0.685916513,-0.117932014,9.805301189,0.112035066,-0.058520847,-0.022876886,-0.057176943,-0.449324906,-0.460981116,0.541764945,0.540457428,-2.381739259,-1.554204524,-0.983076364,-13.91250038,-50.73750305,-37.98750305,143.1775601,,,,88.62294213999999,24.3757129,Pothole,,0.395772865,9.379864693,0.838923621,-30.93750191,-66.76875305,-57.48750305,-0.066462087,-0.020891576,-0.056566078,0.395772865,9.379864693,0.838923621,18.63017623264228,32,83,18,21
4.0,0.639808178,0.093266487,0.969200164,-0.112140894,9.805379391,0.111103173,-0.031154104,0.002138026,-0.030237806,-0.449522838,-0.460858881,0.541596413,0.540565997,-2.360867977,-1.554694414,-0.962069571,-13.91250038,-50.73750305,-37.98750305,143.1775601,0.25100708,991.7415161,,88.622942364,24.375712895,Pothole,,0.466002209,10.24726295,1.198205978,-30.93750191,-66.76875305,-57.48750305,-0.039095345,0.004123337,-0.029626942,0.466002209,10.24726295,1.198205978,18.60411346416193,32,83,18,21
4.01,0.550291494,0.415045261,0.58792457,-0.115952838,9.805445671,0.10083973,-0.126449013,-0.055374893,0.054733484,-0.449917763,-0.460865095,0.541770548,0.540057421,-2.425904989,-1.555125594,-1.026368856,-16.66875076,-49.61250305,-37.125,143.1925177,,,,88.622942588,24.37571289,Pothole,,0.308195559,10.15322495,0.29718857,-33.71250153,-65.625,-56.62500381,-0.134390247,-0.053389581,0.055344349,0.308195559,10.15322495,0.29718857,18.63607897705744,32,83,18,21
4.02,-0.299131483,0.193815231,-0.238215446,-0.124638692,9.805415154,0.093269967,-0.060597785,-0.110474895,0.099326614,-0.450181574,-0.461115897,0.541965783,0.539427221,-2.499164343,-1.554921389,-1.098673701,-14.62500095,-47.71875,-34.65000153,144.0154844,,,,88.62294281199999,24.375712885,Pothole,,-0.240239394,9.664132118,-0.084705926,-31.66875076,-63.75000381,-54.15000153,-0.068539029,-0.108489583,0.099937478,-0.240239394,9.664132118,-0.084705926,18.62016532533228,32,83,18,21
4.03,-0.09155881,-0.100833416,0.030597731,-0.125959337,9.805400372,0.092930768,-0.015729768,-0.01206458,-0.029932374,-0.450231776,-0.461209103,0.541948617,0.539322913,-2.50594449,-1.554831743,-1.105188191,-15.71250057,-51.26250076,-37.36875153,143.9091272,,,,88.622943036,24.37571288,Pothole,,-0.462412968,10.49791121,1.201196969,-32.73750305,-67.27500153,-56.86875153,-0.02367101,-0.010079269,-0.029321509,-0.462412968,10.49791121,1.201196969,18.63297507524334,32,83,18,21
4.04,-0.37405327,0.884096622,1.26783365,-0.120501082,9.805548191,0.084104445,-0.15625921,-0.066981323,-0.068661202,-0.450708717,-0.460946262,0.541915447,0.539182514,-2.532575011,-1.555809855,-1.131429672,-15.11250019,-48.43125153,-34.91250229,144.2134018,0.214019775,991.7459717,,88.62294326,24.375712875,Pothole,,-0.034456647,10.01061287,0.807338353,-32.15625,-64.46250153,-54.41250229,-0.164200452,-0.064996012,-0.068050337,-0.034456647,10.01061287,0.807338353,18.612653343848763,32,83,18,21
4.05,0.287336394,-0.097031116,0.118636265,-0.116659604,9.805689812,0.072234433,-0.086742798,-0.032039857,4.66e-10,-0.451209158,-0.460614249,0.542017043,0.538945556,-2.587243795,-1.556801319,-1.185792863,-13.27500057,-50.11875153,-35.28750229,144.8514726,,,,88.622943484,24.37571287,Pothole,,-0.233539489,9.557890511,-0.16893328,-30.31875038,-66.1312561,-54.78750229,-0.094684041,-0.030054547,0.000611,-0.233539489,9.557890511,-0.16893328,18.635565861549598,32,83,18,21
4.06,-0.009449452,-0.083733559,-0.108624253,-0.120437857,9.80568552,0.06640413,-0.046731154,-0.022143849,0.03894263,-0.451401561,-0.460661754,0.542154402,0.538605601,-2.637745619,-1.556771457,-1.235851049,-14.92500019,-50.11875153,-37.3125,143.3329862,,,,88.622943708,24.375712865,Pothole,,-0.014356942,10.04506969,0.382851634,-31.96875191,-66.1312561,-56.81250381,-0.054672398,-0.020158538,0.039553494,-0.014356942,10.04506969,0.382851634,18.61514753178785,32,83,18,21
4.07,-0.214342333,0.771440029,0.541099027,-0.121796653,9.805751324,0.052608663,-0.163223065,-0.072479107,0.005619956,-0.451898232,-0.460462585,0.542387396,0.538124532,-2.734305382,-1.557257175,-1.331862032,-16.40625,-51.80625153,-37.65000153,143.9923592,,,,88.622943932,24.37571286,Pothole,,-0.455593425,10.34130096,0.405344145,-33.43125153,-67.83750153,-57.15000153,-0.171164311,-0.070493796,0.006230821,-0.455593425,10.34130096,0.405344145,18.599767346933263,32,83,18,21
4.08,-0.088207424,-0.07481432,-0.155147705,-0.119657923,9.805838585,0.040030038,-0.100303996,-0.04657844,-0.029810201,-0.452448949,-0.46022211,0.542490989,0.537763029,-2.818867445,-1.557928979,-1.415855348,-13.70625019,-48.75000381,-37.05000305,142.7651659,0.184951782,991.7495117,,88.622944156,24.375712855,Pothole,,-0.338345134,9.621061325,-0.078006016,-30.73125076,-64.78125,-56.55000305,-0.108245239,-0.044593129,-0.029199336,-0.338345134,9.621061325,-0.078006016,18.63520141047716,32,83,18,21
4.09,-0.422634155,-0.147738934,0.561519831,-0.118308809,9.805875301,0.034480548,-0.05100721,-0.072082042,-0.017104214,-0.452740565,-0.460146248,0.542491943,0.537581533,-2.858138084,-1.558229327,-1.454729497,-13.72500038,-48.88125229,-40.35000229,140.4613527,,,,88.62294437999999,24.37571285,Pothole,,-0.129212428,9.605986595,0.893121064,-30.76875114,-64.89375305,-59.85000229,-0.058948452,-0.070096735,-0.016493349,-0.129212428,9.605986595,0.893121064,18.60216890267177,32,83,18,21
4.1,-0.078857698,-0.385584831,1.163543344,-0.112228125,9.805972099,0.026312726,-0.144164087,0.033322673,-0.082588917,-0.453021139,-0.459693134,0.54259032,0.537633538,-2.91129899,-1.559041977,-1.508211613,-14.04375076,-53.92500305,-39.26250076,143.9418413,,,,88.622944604,24.375712845,Pothole,,-0.408694112,9.485627556,0.704925559,-31.08750153,-69.95625305,-58.76250076,-0.15210533,0.035307984,-0.081978054,-0.408694112,9.485627556,0.704925559,18.610689620222445,32,83,18,21
4.11,-0.283821657,-0.382252216,0.176699817,-0.105839241,9.806069374,0.012883121,-0.152471851,-0.009560034,-0.074647676,-0.453529552,-0.459164441,0.542737752,0.537507772,-3.021290541,-1.559913695,-1.618242741,-13.87500095,-51.78750229,-38.32500076,143.4969511,,,,88.622944828,24.37571284,Pothole,,-0.083748788,8.860023975,-0.910469033,-30.91875076,-67.80000305,-57.82500076,-0.160413091,-0.007574723,-0.074036813,-0.083748788,8.860023975,-0.910469033,18.6351883133417,32,83,18,21
4.12,0.00137414,-0.735374928,-1.148896515,-0.105350822,9.806083202,0.000344,-0.063835369,-0.0858265,0.051007208,-0.454017788,-0.458940759,0.542904019,0.537118614,0.003703594,-1.560053706,-1.734353364,-12.75000095,-51.30000305,-39.71250153,142.2557295,0.134750366,991.7553711,,88.62294505199999,24.375712835,Pothole,,-0.294317189,9.328658295,-0.793459976,-29.79375076,-67.3125,-59.21250153,-0.071776613,-0.083841189,0.051618073,-0.294317189,9.328658295,-0.793459976,18.634372289708985,32,83,18,21
4.13,0.029517226,-0.190804482,-0.088263303,-0.115856905,9.805962563,-0.007493384,-0.068416855,-0.074189528,0.100181822,-0.45425491,-0.459238708,0.543145359,0.536419064,3.077313066,-1.558958292,-1.801343441,-16.10625076,-50.08125305,-39.22500229,141.930985,,,,88.622945276,24.37571283,Pothole,,-0.279960241,9.542576599,0.501057054,-33.15000153,-66.11250305,-58.72500229,-0.076358099,-0.072204217,0.100792688,-0.279960241,9.542576599,0.501057054,18.61838219411765,32,83,18,21
4.14,-0.559844047,-0.274866104,0.616983056,-0.116577271,9.805940151,-0.017926153,-0.128403774,0.009010255,-0.044593128,-0.454514384,-0.458957314,0.543416917,0.536164969,2.988694668,-1.558764458,-1.889999688,-15.11250019,-51.31875229,-39.03750229,142.7402274,,,,88.6229455,24.375712825,Pothole,,-0.637089022,9.531809092,0.269790756,-32.15625,-67.33125305,-58.53750229,-0.136345018,0.010995566,-0.043982263,-0.637089022,9.531809092,0.269790756,18.61980813832531,32,83,18,21
4.15,-0.510431677,-0.186851978,-0.547902815,-0.107075613,9.806009769,-0.032791233,-0.137444576,0.011148282,-0.109497512,-0.455043033,-0.45822373,0.543590218,0.536168337,2.843910456,-1.559369564,-2.035165071,-13.40625095,-51.63750076,-41.17500305,141.4316438,,,,88.62294572399999,24.37571282,Pothole,,-0.630748045,9.312865639,-0.945643514,-30.43125153,-67.66875458,-60.67500305,-0.145385817,0.013133593,-0.108886646,-0.630748045,9.312865639,-0.945643514,18.61163069993361,32,83,18,21
4.16,-0.032580167,-0.880794048,-1.094943613,-0.098675076,9.806064129,-0.041905126,-0.05082395,-0.028985535,-0.086620626,-0.455571502,-0.45786038,0.54350245,0.536118954,2.739965558,-1.5598616,-2.138807058,-15.61875057,-49.35000229,-37.42500305,142.8248228,0.07661438,991.762207,,88.622945948,24.375712815,Pothole,,0.023449656,8.942456818,-0.832223704,-32.66250229,-65.36250305,-56.92500305,-0.058765192,-0.027000224,-0.08600976,0.023449656,8.942456818,-0.832223704,18.60471937413135,32,83,18,21
4.17,0.125071526,-0.71758461,-0.061223827,-0.099858001,9.806032181,-0.046266034,-0.049938196,-0.079259705,0.034666576,-0.455850542,-0.457957119,0.543476403,0.535825491,2.707718134,-1.559571147,-2.170360565,-14.83125019,-54.41250229,-41.34375,142.7716755,,,,88.622946172,24.37571281,Pothole,,0.622732095,9.089735031,0.317049002,-31.87500191,-70.4437561,-60.84375381,-0.057879438,-0.077274394,0.035277441,0.622732095,9.089735031,0.317049002,18.60563403370713,32,83,18,21
4.18,0.626660258,-0.520648956,0.468707368,-0.105221011,9.805934906,-0.054139106,-0.127915086,-0.024709481,0.091874063,-0.45601669,-0.4579411,0.543741405,0.535428762,2.66691184,-1.558727443,-2.210880756,-13.25625038,-49.10625076,-37.89375305,142.3437576,,,,88.622946396,24.375712805,Pothole,,-0.12107683,9.65934639,0.046420762,-30.28125191,-65.13750458,-57.39375305,-0.13585633,-0.02272417,0.092484929,-0.12107683,9.65934639,0.046420762,18.61911401653808,32,83,18,21
4.19,-0.426365465,-0.147285461,-0.510239344,-0.114673406,9.805737019,-0.06878883,-0.109344798,-0.054153163,0.064873839,-0.456350729,-0.457912266,0.544208676,0.534693629,2.601549864,-1.557158232,-2.275671959,-14.98125076,-52.59375381,-39.71250153,142.9442692,,,,88.62294662,24.3757128,Pothole,,-0.77096746,9.333922577,-1.381615794,-32.02500153,-68.625,-59.21250153,-0.117286037,-0.052167851,0.065484704,-0.77096746,9.333922577,-1.381615794,18.622256611529814,32,83,18,21
4.2,-0.901771933,-0.207231998,-1.28183341,-0.117860757,9.805636883,-0.077315629,-0.032986697,-0.066584262,-0.005955932,-0.456599474,-0.457842216,0.544416875,0.534329176,2.561090589,-1.556421399,-2.315793753,-13.63125038,-53.66250229,-40.20000076,143.1621476,0.029067993,991.7677002,,88.622946844,24.375712795,Pothole,,-1.214955688,9.932008505,-0.817747131,-30.67500114,-69.67500305,-59.70000076,-0.040927939,-0.064598951,-0.005345067,-1.214955688,9.932008505,-0.817747131,18.623948033297403,32,83,18,21
4.21,-0.580796257,0.116371155,-0.150274433,-0.115786918,9.805599689,-0.08477154,-0.065484704,-0.049388417,-0.046181377,-0.456961066,-0.457699105,0.544440061,0.53411898,2.509611249,-1.556157947,-2.36686337,-14.23125076,-52.48125076,-40.63125229,142.2527806,,,,88.622947068,24.37571279,Pothole,,-0.39816568,9.657910728,0.10336994,-31.27500153,-68.51250458,-60.13125229,-0.073425947,-0.047403107,-0.045570513,-0.39816568,9.657910728,0.10336994,18.624084319385908,32,83,18,21
4.22,-0.113375749,-0.23252058,0.21751228,-0.10746536,9.805604458,-0.09466061,-0.105190913,0.020983205,-0.087842356,-0.457360759,-0.457165599,0.544498682,0.534174025,2.419501424,-1.556186497,-2.457219481,-14.60625076,-49.33125305,-36.03750229,143.8510977,,,,88.62294729199999,24.375712785,Pothole,,-0.050727844,9.406185722,-0.219661121,-31.65000153,-65.36250305,-55.53750229,-0.113132158,0.022968516,-0.08723149,-0.050727844,9.406185722,-0.219661121,18.59634780233716,32,83,18,21
4.23,0.281095624,-0.198263645,-0.839353114,-0.102308791,9.805521488,-0.107959673,-0.115911594,0.018936809,-0.042149669,-0.457848862,-0.456681862,0.544663191,0.534001946,2.329599857,-1.555628419,-2.547112942,-14.36250019,-49.38750076,-36.28125,143.6980981,,,,88.622947516,24.37571278,Pothole,,-0.016151551,9.579665422,-1.248455197,-31.40625191,-65.41875458,-55.78125381,-0.123852832,0.020922117,-0.041538805,-0.016151551,9.579665422,-1.248455197,18.612551109203224,32,83,18,21
4.24,-0.063330829,-0.255170822,-1.529222727,-0.106789492,9.805372238,-0.116857499,-0.065851224,-0.098624119,0.06572905,-0.458194196,-0.456751108,0.544814825,0.533491671,2.311209917,-1.554656982,-2.564734459,-15.11250019,-52.20000076,-35.17500305,146.0259155,0.029067993,991.7677612,,88.62294774,24.375712775,Pothole,,-0.229232413,9.176953125,-1.657747531,-32.15625,-68.21250153,-54.67500305,-0.073792465,-0.096638808,0.066339915,-0.229232413,9.176953125,-1.657747531,18.59493221792293,32,83,18,21
4.25,-0.201667063,-0.685533524,-1.304689735,-0.113035027,9.805260658,-0.120331373,-0.019914192,-0.053786645,0.065851223,-0.458313718,-0.456974804,0.544919461,0.533090383,2.324888229,-1.55396229,-2.550408602,-11.47500038,-49.85625076,-35.625,144.4521324,,,,88.62294796399999,24.37571277,Pothole,,-0.440757948,9.831151009,-0.370408952,-28.51875114,-65.86875153,-55.12500381,-0.027855433,-0.051801334,0.066462089,-0.440757948,9.831151009,-0.370408952,18.614188916347608,32,83,18,21
4.26,-0.471773893,0.401715279,0.146382451,-0.118134338,9.805076122,-0.130029388,-0.129808767,-0.094989472,0.018478659,-0.458639562,-0.457009822,0.545128614,0.532566011,2.308477759,-1.55288142,-2.566140532,-14.90625095,-51.05625153,-36.52500153,144.4205452,,,,88.622948188,24.375712765,Pothole,,-0.235094819,10.01456094,0.037088754,-31.95000076,-67.0687561,-56.02500153,-0.137750005,-0.093004161,0.019089524,-0.235094819,10.01456094,0.037088754,18.60915950998038,32,83,18,21
4.27,-0.017036706,-0.10620451,-0.251005411,-0.115341704,9.80495882,-0.140926592,-0.081733707,0.022082762,-0.044837476,-0.45900321,-0.456644267,0.545304328,0.532386392,2.25672996,-1.552225411,-2.617887855,-15.03750038,-50.77500153,-36.69375229,144.1453548,,,,88.622948412,24.375712760000003,Pothole,,-0.378544545,9.620104218,-0.913101113,-32.0625,-66.7875061,-56.19375229,-0.089674948,0.024068072,-0.044226611,-0.378544545,9.620104218,-0.913101113,18.62605394896522,32,83,18,21
4.28,-0.346034855,0.154615879,-1.182946146,-0.113187671,9.80486536,-0.14893879,-0.05290089,-0.00442877,-0.019914192,-0.459245935,-0.456345454,0.545453757,0.532280177,2.220724344,-1.551719546,-2.65399313,-11.625,-50.10000229,-35.32500076,144.8127265,0.060775757,991.7639771,,88.62294863599999,24.375712755,Pothole,,-0.501296334,9.805787325,-1.60678041,-28.65000153,-66.1312561,-54.82500076,-0.060842132,-0.002443459,-0.019303327,-0.501296334,9.805787325,-1.60678041,18.603480962895915,32,83,18,21
4.29,-0.549846292,-0.618360043,-1.745217323,-0.106508572,9.804795265,-0.158148423,-0.044440413,-0.013591741,-0.09468404,-0.459669843,-0.455951825,0.545470744,0.532234132,2.163507223,-1.551347315,-2.711147189,-14.71875095,-49.83750153,-36.84375,143.525312,,,,88.62294886,24.37571275,Pothole,,-0.57810595,8.914221573,-1.917608047,-31.76250076,-65.86875153,-56.34375381,-0.052381655,-0.011606431,-0.094073176,-0.57810595,8.914221573,-1.917608047,18.59300746562607,32,83,18,21
4.3,0.209666014,-0.828264713,-1.253376245,-0.094995841,9.804796696,-0.165287234,-0.029077164,-0.029596399,-0.116064304,-0.460217267,-0.455571428,0.545250505,0.532312542,2.092466235,-1.551353574,-2.781882644,-14.98125076,-52.46250153,-37.05000305,144.7695442,,,,88.622949084,24.375712745,Pothole,,0.685304396,9.117132759,-1.150947702,-32.02500153,-68.49375153,-56.55000305,-0.037018405,-0.027611088,-0.115453443,0.685304396,9.117132759,-1.150947702,18.593054080197938,32,83,18,21
4.31,1.576848269,-0.002575874,-0.746534228,-0.09395998,9.804680824,-0.172567979,-0.084910206,-0.064660037,0.075869408,-0.460598081,-0.455507755,0.545255244,0.532032669,2.069391012,-1.55075562,-2.804361343,-12.88125038,-49.42500305,-34.38750076,145.171691,,,,88.62294930799999,24.37571274,Pothole,,0.605384149,9.905687809,-1.046261698,-29.92500114,-65.4375,-53.88750076,-0.092851447,-0.062674728,0.07648027,0.605384149,9.905687809,-1.046261698,18.617074268587285,32,83,18,21
4.32,0.459918931,0.108002663,-1.242631406,-0.109420326,9.804386616,-0.179968052,-0.019700389,-0.123394683,0.226478118,-0.460788965,-0.456023932,0.545546502,0.531125754,2.116685152,-1.549310029,-2.755741358,-16.21875,-48.43125153,-35.53125,143.7346251,0.039627075,991.7664795,,88.62294953199999,24.375712735,Pothole,,-0.334995178,9.193224525,-2.100419712,-33.26250076,-64.4437561,-55.03125381,-0.027641632,-0.121409375,0.227088984,-0.334995178,9.193224525,-2.100419712,18.61100316571247,32,83,18,21
4.33,-1.054850757,-0.550065041,-1.951622188,-0.127153791,9.804151058,-0.181197196,0.040561421,-0.06685915,0.086987145,-0.460580215,-0.456581727,0.54590857,0.530455291,2.182638526,-1.548222959,-2.68913126,-16.93125153,-48.93750381,-36.33750153,143.4050533,,,,88.622949756,24.37571273,Pothole,,-2.162154531,9.721559906,-1.510349631,-33.95625305,-64.96875,-55.83750153,0.03262018,-0.064873839,0.087598008,-2.162154531,9.721559906,-1.510349631,18.59042593782678,32,83,18,21
4.34,-1.675128967,-0.005969048,-0.827707291,-0.120828312,9.804162025,-0.184817888,-0.023823727,-0.013286309,-0.180968687,-0.460825711,-0.456332639,0.545821369,0.530546039,2.149572611,-1.548269689,-2.722202301,-15.84375095,-50.11875153,-35.25,144.8801462,,,,88.62294998,24.375712725,Pothole,,-0.671784952,9.66042304,-0.549152799,-32.86875153,-66.15000153,-54.75000381,-0.031764969,-0.011300997,-0.180357823,-0.671784952,9.66042304,-0.549152799,18.590307225473804,32,83,18,21
4.35,0.0805659,0.032608509,-0.17293746,-0.098014671,9.80433321,-0.189249799,-0.037262751,0.031123561,-0.216123959,-0.461363062,-0.455556601,0.545403987,0.531174868,2.048583984,-1.549057961,-2.823643565,-13.48125076,-50.77500153,-36.07500076,144.6066844,,,,88.62295020399999,24.375712720000003,Pothole,,0.646540678,9.841201019,-0.508235526,-30.52500153,-66.80625153,-55.57500076,-0.045203993,0.033108871,-0.215513095,0.646540678,9.841201019,-0.508235526,18.615953808437272,32,83,18,21
4.36,1.297305167,-0.06119442,-0.983350605,-0.09342429,9.804306984,-0.192900419,-0.014416409,0.03857611,0.02028071,-0.461577728,-0.455356419,0.545356601,0.531208694,2.021770835,-1.548938215,-2.850427866,-14.79375076,-52.61250305,-37.03125,144.8602452,0.105682373,991.7587891,,88.622950428,24.375712715,Pothole,,0.727896664,9.621061325,-1.734317851,-31.83750153,-68.64375305,-56.53125381,-0.022357651,0.040561422,0.020891576,0.727896664,9.621061325,-1.734317851,18.59211831219534,32,83,18,21
4.37,-0.29401473,-0.427975178,-2.19760704,-0.103941072,9.80413723,-0.196147032,0.015118903,-0.107206768,0.118507769,-0.461672351,-0.455771625,0.545501351,0.530621439,2.058051467,-1.548156679,-2.813193321,-14.88750076,-51.71250153,-36.54375076,144.7522404,,,,88.622950652,24.37571271,Pothole,,-0.576670248,9.000004053,-2.569891512,-31.93125153,-67.7250061,-56.04375076,0.007177661,-0.10522146,0.119118631,-0.576670248,9.000004053,-2.569891512,18.62357588063862,32,83,18,21
4.38,-0.049666829,-0.60722065,-2.279088974,-0.107127838,9.804115295,-0.195561036,0.059253881,-0.042424559,0.027977607,-0.4616642,-0.455947042,0.545503736,0.530475438,2.07194829,-1.548057914,-2.798986912,-11.92500019,-50.10000229,-35.30625153,144.827051,,,,88.62295087599999,24.375712705,Pothole,,-0.856151921,9.863693237,-1.782652855,-28.96875191,-66.1312561,-54.80625153,0.051312641,-0.040439248,0.028588472,-0.856151921,9.863693237,-1.782652855,18.62052280574789,32,83,18,21
4.39,-0.955659568,0.374153614,-1.194614947,-0.11042393,9.804058075,-0.196558453,0.027855434,-0.127456937,0.016859868,-0.461870715,-0.456260458,0.545395672,0.530137122,2.082635403,-1.54780519,-2.787328362,-15.52500057,-50.98125076,-37.55625153,143.6221173,,,0.929004729,88.6229511,24.3757127,Pothole,,-0.534556574,9.417192841,-0.798724204,-32.56875229,-66.99375153,-57.05625153,0.019914192,-0.125471625,0.017470733,-0.534556574,9.417192841,-0.798724204,18.597060022305904,32,83,18,21
4.4,-0.340230793,-0.564208984,-0.286561541,-0.110908628,9.804171562,-0.190523356,0.092087863,-0.00320704,-0.016493349,-0.461789683,-0.456535771,0.545187891,0.530184418,2.098017216,-1.548313439,-2.771590233,-15.80625057,-51.56250381,-35.90625,145.1480519,0.235153198,991.7436523,,88.62295132,24.375712691,Pothole,,-0.62333031,9.690333128,0.414556526,-32.83125305,-67.59375,-55.40625381,0.084146624,-0.00122173,-0.015882485,-0.62333031,9.690333128,0.414556526,18.59859695317426,32,83,18,21
4.41,-0.148768544,0.444227695,0.886584491,-0.110942073,9.804260731,-0.185882837,-0.002809978,0.038453937,-0.007330377,-0.461575046,-0.456574753,0.545156837,0.530369699,2.108888388,-1.548723042,-2.761050224,-12.73125076,-51.24375153,-36.01875305,144.8969755,,,,88.62295153999999,24.375712682,Pothole,,-0.0363709,10.15609665,0.44219363,-29.77500153,-67.2562561,-55.51875305,-0.01075122,0.040439248,-0.006719513,-0.0363709,10.15609665,0.44219363,18.63586802300476,32,83,18,21
4.42,-0.032591201,0.268202782,-0.311009362,-0.105033364,9.804274559,-0.188531592,-0.024434591,0.068019793,-0.073181601,-0.461568177,-0.456139997,0.545244426,0.530659586,2.079071403,-1.548785329,-2.791688323,-12.54375076,-50.79375076,-35.45625305,145.0832792,,,,88.62295175999999,24.375712673,Pothole,,-0.381655216,9.86919713,-1.349551961,-29.56875038,-66.80625153,-54.95625305,-0.032375832,0.070005104,-0.072570735,-0.381655216,9.86919713,-1.349551961,18.612337945640068,32,83,18,21
4.43,-0.367315382,-0.290944099,-1.709837019,-0.099043511,9.804337502,-0.188554965,0.051618074,-0.017715079,-0.065973397,-0.461714789,-0.456005156,0.545077145,0.530819774,2.05445981,-1.549075723,-2.816280365,-12.71250057,-52.72500229,-40.36875153,142.5606257,,,,88.62295198,24.375712664,Pothole,,-0.241196519,9.54018383,-1.798924065,-29.75625038,-68.7562561,-59.86875153,0.043676832,-0.015729768,-0.065362531,-0.241196519,9.54018383,-1.798924065,18.61291131201264,32,83,18,21
4.44,-0.02066505,0.252313137,-0.577967077,-0.10740447,9.804311752,-0.185238168,0.053389583,-0.10815361,0.097982709,-0.461703181,-0.456574351,0.544991672,0.530428201,2.096245646,-1.548957884,-2.773457766,-14.06250095,-55.78125381,-41.00625229,143.6794252,0.235153198,991.7436523,,88.6229522,24.375712655,Pothole,,-0.09427721,9.716295815,-0.27565316,-31.10625076,-71.79375458,-60.50625229,0.04544834,-0.106168298,0.098593575,-0.09427721,9.716295815,-0.27565316,18.63107413218867,32,83,18,21
4.45,0.216157734,-0.834700584,0.486876756,-0.111685388,9.804397583,-0.178061306,0.075380713,0.059834205,0.021991133,-0.461351901,-0.456815571,0.544989824,0.530528069,2.130997658,-1.549358726,-2.738912106,-12.46875095,-48.97500229,-34.59375,144.7643269,,,,88.62295241999999,24.375712646,Pothole,,-0.024526432,9.502496958,0.754337341,-29.49375153,-65.0062561,-54.09375381,0.067439471,0.061819515,0.022601996,-0.024526432,9.502496958,0.754337341,18.63669841698961,32,83,18,21
4.46,-0.335218668,0.256613731,1.096486747,-0.10823787,9.804463863,-0.176529109,-0.051465358,0.006261364,-0.058643019,-0.461294815,-0.45667854,0.544943392,0.530743331,2.120832682,-1.549678147,-2.749441266,-15.20625019,-51.76875305,-36.15000153,145.0734914,,,,88.62295264,24.375712637,Pothole,,-0.266081881,10.23984509,0.388115843,-32.25,-67.80000305,-55.65000153,-0.059406599,0.008246675,-0.058032153,-0.266081881,10.23984509,0.388115843,18.638277528901256,32,83,18,21
4.47,0.205664158,0.073970795,-0.32511878,-0.103032395,9.804454803,-0.180100054,-0.010873393,0.0720515,-0.029077163,-0.461360782,-0.456300884,0.545016229,0.530936003,2.090437293,-1.549637258,-2.780415654,-14.49375057,-50.66250229,-34.80000305,145.514881,,,,88.62295286,24.375712628,Pothole,,-0.404387023,9.604311371,-1.71708951,-31.53750038,-66.67500305,-54.30000305,-0.018814635,0.074036811,-0.028466299,-0.404387023,9.604311371,-1.71708951,18.62879510245629,32,83,18,21
4.48,-0.973859012,-0.140096188,-1.864523709,-0.109923285,9.804403782,-0.178797118,0.073914638,-0.099723678,0.081245016,-0.461238071,-0.456574142,0.545109659,0.53071171,2.121989608,-1.549389422,-2.748583317,-11.83125019,-51.09375381,-35.40000153,145.2840789,0.198165894,991.7479248,,88.62295307999999,24.375712619,Pothole,,-1.206580833,9.214161873,-1.743171304,-28.87500191,-67.10625458,-54.90000153,0.065973395,-0.097738367,0.081855882,-1.206580833,9.214161873,-1.743171304,18.61333565505015,32,83,18,21
4.49,-0.462065905,-0.165756226,-0.349296972,-0.115925387,9.804471016,-0.171189621,0.093095791,-0.019089525,0.027488915,-0.460944518,-0.456980303,0.545050055,0.530678421,2.166074395,-1.549712479,-2.704291821,-13.89375019,-52.61250305,-39.09375,143.3857845,,,,88.62295329999999,24.37571261,Pothole,,-0.546042132,10.07234745,0.645583561,-30.93750191,-68.625,-58.59375381,0.085154551,-0.017104214,0.02809978,-0.546042132,10.07234745,0.645583561,18.601065294383563,32,83,18,21
4.5,-0.019645005,0.345757008,1.579690874,-0.110841297,9.804597378,-0.167210996,-0.008674279,0.045051278,-0.070005103,-0.460850596,-0.456863925,0.544909775,0.531004131,2.156091332,-1.550338328,-2.71467185,-14.92500019,-50.26875305,-35.88750076,144.4764769,,,,88.62295352,24.375712601,Pothole,,0.273738912,9.892407417,1.014078239,-31.96875191,-66.28125,-55.38750076,-0.016615522,0.047036589,-0.069394239,0.273738912,9.892407417,1.014078239,18.628086312550536,32,83,18,21
4.51,-0.058193475,0.370941639,-0.197360635,-0.107676689,9.8046031,-0.168985292,-0.036193738,0.088117245,-0.018478659,-0.460739627,-0.456501424,0.545065522,0.531252325,2.138100266,-1.550362706,-2.733543158,-13.65000057,-50.85000229,-35.68125153,144.9428083,,,,88.62295374,24.375712592000003,Pothole,,-0.605982326,10.06899786,-1.200000554,-30.69375038,-66.86250305,-55.18125153,-0.044134979,0.090102557,-0.017867794,-0.605982326,10.06899786,-1.200000554,18.618482059184352,32,83,18,21
4.52,-1.090679646,-0.871226311,-2.096292257,-0.108424321,9.804635048,-0.166599646,0.088575393,0.017684535,-0.021746787,-0.460606843,-0.456533253,0.545073867,0.531331599,2.147742987,-1.55052793,-2.724093914,-13.78125095,-49.59375381,-36.52500153,143.6289519,0.182312012,991.7498779,,88.62295395999999,24.375712583,Pothole,,-0.874337399,8.454320908,-2.325823617,-30.80625153,-65.625,-56.02500153,0.08063415,0.019669846,-0.021135922,-0.874337399,8.454320908,-2.325823617,18.61218514407862,32,83,18,21
4.53,-0.603824615,-0.80146122,-1.729277611,-0.104745027,9.804764271,-0.161285013,0.067683817,-0.050121453,-0.048136144,-0.46047172,-0.456515864,0.544916302,0.531625122,2.146769285,-1.551182866,-2.725351691,-15.16875076,-50.71875381,-35.04375076,145.3577505,,,,88.62295418,24.375712574,Pothole,,-0.284745896,10.03549805,-0.124905333,-32.19375229,-66.73125458,-54.54375076,0.059742577,-0.048136145,-0.04752528,-0.284745896,10.03549805,-0.124905333,18.630534471743008,32,83,18,21
4.54,0.48028028,0.06146431,0.513885498,-0.102006122,9.804821968,-0.159482926,0.010690134,-0.012064578,-0.013286309,-0.460684091,-0.456703931,0.544630498,0.531572491,2.139815569,-1.551489472,-2.731564164,-16.125,-50.79375076,-33.22500229,146.8106611,,,,88.6229544,24.375712565,Pothole,,1.409970731,9.381659269,0.650847763,-33.16875076,-66.80625153,-52.72500229,0.002748892,-0.010079268,-0.012675444,1.409970731,9.381659269,0.650847763,18.597872097633683,32,83,18,21
4.55,0.881549135,0.221446991,0.608868971,-0.10995442,9.804801464,-0.155375414,0.023090689,-0.040347618,0.156503554,-0.460492492,-0.457112268,0.544659913,0.531357229,2.186352253,-1.551377892,-2.684622645,-13.23750019,-51.45000076,-36.86250305,144.3794489,,,,88.62295462,24.375712556,Pothole,,-0.234018062,9.977591896,-0.215832594,-30.28125191,-67.46250153,-56.36250305,0.015149446,-0.038362309,0.157114423,-0.234018062,9.977591896,-0.215832594,18.6124401263306,32,83,18,21
4.56,-0.629516199,-0.227815151,-0.916643471,-0.129481591,9.804636002,-0.150705718,0.070249449,0.001191186,0.15198316,-0.459960446,-0.457751513,0.545036942,0.530881017,2.280491948,-1.550531209,-2.590278029,-15.88125038,-49.50000381,-35.36250305,144.4582162,0.013214111,991.7698364,,88.62295483999999,24.375712547000003,Pothole,,-1.749631935,9.571769142,-1.333759332,-32.92500305,-65.53125,-54.86250305,0.062308208,0.003176497,0.152594022,-1.749631935,9.571769142,-1.333759332,18.592740032992896,32,83,18,21
4.57,-2.123763442,-0.09508419,-0.895038247,-0.131242789,9.804685593,-0.14595826,0.067347843,-0.066736978,-0.070402168,-0.459779814,-0.457913488,0.544983238,0.530952901,2.303058624,-1.550778389,-2.567746162,-13.10625076,-52.83750153,-36.63750076,145.2625776,,,,88.62295506,24.375712538,Pothole,,-1.53499572,9.577272415,-0.65922264,-30.15000153,-68.8500061,-56.13750076,0.059406598,-0.064751666,-0.0697913,-1.53499572,9.577272415,-0.65922264,18.61087647746633,32,83,18,21
4.58,-0.322057538,0.156890869,0.280741781,-0.118617449,9.804903507,-0.1420478,0.035430157,0.010231985,-0.147340581,-0.459897563,-0.45765318,0.544611216,0.531456888,2.266515136,-1.551923394,-2.604565382,-10.61250019,-48.97500229,-36.01875305,143.6673108,,,,88.62295528,24.375712529,Pothole,,-0.08949156,10.12738247,0.418743953,-27.65625191,-64.98750305,-55.51875305,0.027488915,0.012217295,-0.146729721,-0.08949156,10.12738247,0.418743953,18.594538018229475,32,83,18,21
4.59,0.395581543,0.368108749,0.71041429,-0.119845212,9.804931641,-0.139065206,0.034330601,-0.025442517,0.069149892,-0.459883004,-0.457862079,0.544493079,0.531410575,2.282094002,-1.552075028,-2.588622093,-14.90625095,-52.12500381,-36.97500229,144.6499206,,,,88.62295549999999,24.37571252,Pothole,,0.669392116,9.623932838,0.223728915,-31.95000076,-68.15625,-56.47500229,0.026389359,-0.023457208,0.069760758,0.669392116,9.623932838,0.223728915,18.597487838809684,32,83,18,21
4.6,0.427971467,-0.261203289,0.221349664,-0.129339196,9.804897308,-0.132832736,0.077732543,-0.009773837,0.123700116,-0.459519029,-0.458285034,0.544581741,0.531269968,2.342793465,-1.551886737,-2.527814269,-14.60625076,-51.76875305,-36.15000153,145.0734914,-0.158538818,991.789917,,88.62295572,24.375712511,Pothole,,-0.496749978,9.563154984,-0.102412809,-31.65000153,-67.80000305,-55.65000153,0.0697913,-0.007788526,0.124310985,-0.496749978,9.563154984,-0.102412809,18.598127516563054,32,83,18,21
4.61,-0.549702078,0.145724297,-0.148782298,-0.136124164,9.804859638,-0.128774345,0.014172063,0.010231984,-0.006230821,-0.459180847,-0.45848532,0.544730783,0.531236798,2.383925676,-1.551689088,-2.486936688,-12.73125076,-51.60000229,-36.84375,144.4721718,,,,88.62295594,24.375712502000003,Pothole,,-0.971007437,9.746445084,-0.658983362,-29.77500153,-67.61250305,-56.34375381,0.006230821,0.012217296,-0.005619955,-0.971007437,9.746445084,-0.658983362,18.62025365676764,32,83,18,21
4.62,-0.558187012,-0.237098217,-0.84969902,-0.127096143,9.804978371,-0.128957935,0.0239459,-0.001374445,-0.112765638,-0.459329322,-0.45819959,0.544548631,0.531541586,2.348791242,-1.55232805,-2.52233088,-14.94375038,-50.68125153,-36.31875229,144.3741925,,,,88.62295616,24.375712493,Pothole,,-0.268594341,9.653842926,-1.077368379,-31.98750114,-66.71250153,-55.81875229,0.016004657,0.000611,-0.112154775,-0.268594341,9.653842926,-1.077368379,18.625068430288817,32,83,18,21
4.63,0.06563215,0.224881172,-0.561229631,-0.130236164,9.804987431,-0.124991365,0.073151059,-0.156534102,0.104916024,-0.459467024,-0.458709672,0.544266045,0.531271905,2.376622677,-1.552380204,-2.493295431,-15.75000095,-51.11250305,-35.34375,145.3365557,,,,88.62295637999999,24.375712484,Pothole,,0.235932309,9.535876846,-0.196690014,-32.79375076,-67.125,-54.84375381,0.065209815,-0.15454879,0.105526893,0.235932309,9.535876846,-0.196690014,18.61950403555671,32,83,18,21
4.64,0.535927296,-0.371880054,0.782296687,-0.145542227,9.804933071,-0.111700103,0.117652557,0.008277218,0.160901785,-0.458856016,-0.459546953,0.544276714,0.531065494,2.486818314,-1.552080452,-2.382679582,-15.24375057,-49.98750305,-34.65000153,145.2713341,-0.17175293,991.7915039,,88.6229566,24.375712475,Pothole,,-0.501057053,9.946006584,1.173918796,-32.28750229,-66.0,-54.15000153,0.109711315,0.01026253,0.161512646,-0.501057053,9.946006584,1.173918796,18.63553322302709,32,83,18,21
4.65,-1.212331176,0.046509743,1.049442798,-0.152222849,9.804863453,-0.108910434,-0.01847866,-0.031612253,0.028863361,-0.458553493,-0.459708512,0.544453174,0.531006098,2.520538092,-1.551709414,-2.349218011,-13.51875019,-49.35000229,-35.41875076,144.3328016,,,,88.62295682,24.375712466,Pothole,,-0.884746149,9.531808853,0.31525438,-30.56250191,-65.36250305,-54.91875076,-0.026419902,-0.029626942,0.029474225,-0.884746149,9.531808853,0.31525438,18.61280668402497,32,83,18,21
4.66,-0.851617336,0.049480438,-0.452898711,-0.148725137,9.804885864,-0.111676171,-0.027855434,0.018661919,-0.052412198,-0.458568841,-0.459404826,0.54454577,0.531160772,2.497523546,-1.551831484,-2.372772694,-15.33750057,-49.42500305,-34.98750305,144.7056755,,,,88.62295703999999,24.375712457,Pothole,,-1.425165153,10.26185913,-0.97244314,-32.38125229,-65.4375,-54.48750305,-0.035796677,0.020647227,-0.051801332,-1.425165153,10.26185913,-0.97244314,18.60987103093797,32,83,18,21
4.67,-1.089725912,0.139148712,-0.923756331,-0.151341885,9.804888248,-0.107860565,0.129747681,-0.003940079,-0.008552107,-0.45852606,-0.459696919,0.544421732,0.53107205,2.522582889,-1.551840723,-2.347247601,-14.66250038,-52.18125153,-35.19375229,146.0022235,,,,88.62295725999999,24.375712448,Pothole,,0.142133665,9.311429977,-0.111026978,-31.70625114,-68.21250153,-54.69375229,0.121806436,-0.001954766,-0.007941242,0.142133665,9.311429977,-0.111026978,18.63367888345705,32,83,18,21
4.68,0.147970051,0.244186878,0.78102633,-0.150030598,9.805037498,-0.095466964,0.051618075,-0.015882484,-0.001069013,-0.45810093,-0.459887236,0.544199556,0.53150174,2.574914813,-1.552662194,-2.295358419,-13.20000076,-49.78125381,-35.21250153,144.726527,-0.155899048,991.7897339,,88.62295748,24.375712439,Pothole,,-0.635294408,10.39143038,1.586441398,-30.22500038,-65.79375458,-54.71250153,0.043676832,-0.013897172,-0.000458,-0.635294408,10.39143038,1.586441398,18.608244025016308,32,83,18,21
4.69,0.33602719,-0.095445156,0.876522727,-0.145179503,9.80510807,-0.095723715,-0.044593129,0.101983874,-0.06572905,-0.458047658,-0.459588721,0.544224471,0.531780273,2.558563948,-1.553063512,-2.312367558,-15.80625057,-51.91875076,-36.75,144.707737,,,,88.6229577,24.37571243,Pothole,,-0.16366905,9.146804047,-0.370887517,-32.85000229,-67.93125153,-56.25000381,-0.052534372,0.103969184,-0.065118186,-0.16366905,9.146804047,-0.370887517,18.63808712390114,32,83,18,21
4.7,-0.647231132,-0.542477131,-1.087905794,-0.145393468,9.80510807,-0.095334522,0.055100004,-0.062094405,0.024678938,-0.458058864,-0.459631905,0.544198006,0.531760365,2.561200023,-1.553062737,-2.309627652,-13.91250038,-52.53750229,-36.03750229,145.5522687,,,,88.62295791999999,24.375712421000003,Pothole,,-0.266560453,8.800801659,-1.295952761,-30.95625114,-68.5687561,-55.53750229,0.04715876,-0.060109095,0.025289802,-0.266560453,8.800801659,-1.295952761,18.600218227282024,32,83,18,21
4.71,0.280933388,-0.372349262,-0.28165552,-0.154809326,9.805049419,-0.086056296,0.110108377,-0.007941242,0.110261092,-0.45768404,-0.460209101,0.544151247,0.531631649,2.634035707,-1.55272752,-2.236412764,-10.5,-54.65625381,-37.65000153,145.4389572,,,,88.62295814,24.375712412,Pothole,,-0.358325198,10.2197454,0.83090768,-27.54375076,-70.66875458,-57.15000153,0.102167133,-0.005955931,0.110871958,-0.358325198,10.2197454,0.83090768,18.638639004680165,32,83,18,21
4.72,0.366467357,0.55974102,1.645853281,-0.165267125,9.804913998,-0.08203762,-0.002809978,-0.030451611,0.101525725,-0.457423076,-0.460660338,0.544259429,0.531354755,2.680823565,-1.551981449,-2.189266562,-13.06875038,-49.91250229,-34.42500305,145.4056983,-0.132110596,991.7868042,,88.62295836,24.375712403,Pothole,,0.285703036,10.17954617,1.515135312,-30.11250114,-65.92500305,-53.92500305,-0.01075122,-0.028466298,0.102136591,0.285703036,10.17954617,1.515135312,18.60163896925056,32,83,18,21
4.73,-0.845989347,0.176786423,1.369900823,-0.170786485,9.8048172,-0.082212597,-0.035430157,0.005100721,0.075380714,-0.457218587,-0.460702717,0.544482052,0.531265914,2.692958117,-1.551467299,-2.177432775,-13.05000019,-50.70000076,-35.0625,145.3335047,,,,88.62295857999999,24.375712394,Pothole,,-0.987278622,10.52746239,0.072741818,-30.09375191,-66.73125458,-54.56250381,-0.043371399,0.007086031,0.075991579,-0.987278622,10.52746239,0.072741818,18.63559869355721,32,83,18,21
4.74,-0.964899547,0.556193352,-0.220473431,-0.177760504,9.804702759,-0.081129499,0.060933763,0.007024944,0.034208427,-0.457012847,-0.4608825,0.544656396,0.53110826,2.713377714,-1.550867736,-2.157054186,-13.74375057,-49.83750153,-34.05000305,145.6583096,,,,88.62295879999999,24.375712385,Pothole,,-1.475175157,9.50847888,-0.892522871,-30.78750038,-65.8500061,-53.55000305,0.052992519,0.009010255,0.034819293,-1.475175157,9.50847888,-0.892522871,18.621083736333134,32,83,18,21
4.75,-1.743592799,-0.370707989,-0.387998417,-0.177702352,9.804765701,-0.073393729,0.077824173,0.001069012,-0.078435036,-0.456661582,-0.460949361,0.544597089,0.531413108,2.749979377,-1.551190972,-2.120983243,-13.44375038,-50.90625381,-34.51875305,145.8594039,,,,88.62295902,24.375712376000003,Pothole,,-1.315095299,9.684231758,0.500578497,-30.48750114,-66.91875458,-54.01875305,0.069882931,0.003054324,-0.077824172,-1.315095299,9.684231758,0.500578497,18.63970652083415,32,83,18,21
4.76,-0.455503486,0.075136662,1.076077312,-0.169299074,9.804931164,-0.071131222,-0.034086255,0.049571676,-0.094073176,-0.456600621,-0.460614651,0.54448691,0.531868428,2.743783116,-1.552071095,-2.127925277,-13.40625095,-48.58125305,-34.91250229,144.2974096,0.023773193,991.7684326,,88.62295924,24.375712367,Pothole,,-0.138783701,9.763912678,1.249651626,-30.45000076,-64.59375,-54.41250229,-0.042027498,0.051556987,-0.093462311,-0.138783701,9.763912678,1.249651626,18.60294373416214,32,83,18,21
4.77,0.658006757,0.167176247,0.919355094,-0.166291632,9.804973125,-0.072342139,-0.02809978,0.039706212,0.012675444,-0.4565842,-0.460388273,0.544537544,0.532026619,2.731244206,-1.55230093,-2.140908599,-14.34375095,-51.61875153,-36.1875,144.9674938,,,,88.62295945999999,24.375712358,Pothole,,0.499142798,9.644989586,0.402951325,-31.38750076,-67.6312561,-55.68750381,-0.036041021,0.041691521,0.013286309,0.499142798,9.644989586,0.402951325,18.622146363001782,32,83,18,21
4.78,0.254368648,0.089356422,-0.167944588,-0.173796013,9.804852962,-0.070895318,0.015027273,0.007299834,0.095172732,-0.456348032,-0.460581958,0.54472506,0.53186965,2.754171848,-1.551655531,-2.118060112,-11.36250019,-50.34375381,-33.61875153,146.2656362,,,,88.62295968,24.375712349,Pothole,,-0.733160865,9.906764221,-0.394815731,-28.38750076,-66.375,-53.11875153,0.007086031,0.009285145,0.095783597,-0.733160865,9.906764221,-0.394815731,18.638761268999676,32,83,18,21
4.79,-1.058763862,-0.226733685,-0.280621171,-0.18541532,9.804651737,-0.069233902,0.030543239,-0.094592411,0.080756322,-0.456220075,-0.461093321,0.544836193,0.531422317,2.784158468,-1.5506109,-2.087350011,-15.09375095,-52.25625229,-38.23125076,143.8103858,,,,88.6229599,24.37571234,Pothole,,-1.268794179,9.215358257,-0.160319122,-32.13750076,-68.2875061,-57.73125076,0.022601997,-0.0926071,0.081367188,-1.268794179,9.215358257,-0.160319122,18.62090209994145,32,83,18,21
4.8,-0.978723168,-0.214081764,0.430521101,-0.191333354,9.80456543,-0.065376796,0.033750279,-0.024892739,0.046883872,-0.45597589,-0.461337656,0.544906259,0.53134799,2.812339306,-1.55017221,-2.059163809,-15.95625019,-51.07500076,-34.46250153,145.9907654,0.177032471,991.7503052,,88.62296012,24.375712331000003,Pothole,,-1.329452252,9.996255875,1.026042354,-33.0,-67.08750153,-53.96250153,0.025809037,-0.022907429,0.047494737,-1.329452252,9.996255875,1.026042354,18.62513374030334,32,83,18,21
4.81,-1.050938219,0.384390831,1.381841004,-0.19377774,9.804524899,-0.064340934,-0.041050113,0.059834205,-0.026878051,-0.455774486,-0.461304456,0.545048714,0.531403512,2.821008086,-1.549973726,-2.05093205,-11.60625076,-51.61875153,-35.58750153,145.4164661,,,,88.62296033999999,24.375712322,Pothole,,-0.747996366,10.34704361,1.214596772,-28.63125038,-67.6312561,-55.08750153,-0.048991356,0.061819515,-0.026267186,-0.747996366,10.34704361,1.214596772,18.627751491088567,32,83,18,21
4.82,-0.658055365,0.611073971,0.952146649,-0.186981782,9.804636002,-0.06727992,-0.055130548,0.050701776,-0.1075122,-0.455738842,-0.460782722,0.545172185,0.531760007,2.796115041,-1.550533354,-2.076867223,-13.18125057,-53.15625381,-38.75625229,143.9041905,,,,88.62296056,24.375712313,Pothole,,-0.777667359,9.88833952,-0.155533461,-30.22500038,-69.1875,-58.25625229,-0.063071788,0.052687087,-0.106901335,-0.777667359,9.88833952,-0.155533461,18.6180415163187,32,83,18,21
4.83,-0.515092686,-0.284963131,-0.65647684,-0.176249415,9.804829597,-0.068074849,0.016737695,0.053359038,-0.112521289,-0.455793634,-0.46028696,0.545089126,0.532227337,2.772967577,-1.551530242,-2.100842834,-15.15000057,-51.71250153,-35.90625,145.2260628,,,,88.62296078,24.375712304,Pothole,,-0.803031301,9.388478851,-0.888215756,-32.19375229,-67.74375153,-55.40625381,0.008796453,0.055344349,-0.111910427,-0.803031301,9.388478851,-0.888215756,18.624861865559023,32,83,18,21
4.84,-0.559439793,-0.40327549,-0.317502052,-0.174016111,9.80488205,-0.066305213,0.035307984,-0.077854715,-0.010629047,-0.4559201,-0.460409194,0.544881374,0.532225996,2.77755177,-1.551806331,-2.095796347,-11.71875,-48.22500229,-33.45000076,145.2539093,0.216659546,991.7457275,,88.62296099999999,24.375712295,Pothole,,0.173718908,9.097033119,0.333080909,-28.76250076,-64.2562561,-52.95000076,0.027366742,-0.075869407,-0.010018183,0.173718908,9.097033119,0.333080909,18.622976124844005,32,83,18,21
4.85,0.779277071,-0.178219318,0.94349134,-0.176618546,9.804848671,-0.064359784,-0.009926553,0.073456489,0.049480047,-0.455728173,-0.460443884,0.54497382,0.532265723,2.792167902,-1.551627636,-2.081470609,-15.16875076,-48.99375153,-36.60000229,143.2390153,,,,88.62296122,24.375712286,Pothole,,-0.056231335,10.10668492,0.951745212,-32.21250153,-65.0062561,-56.10000229,-0.017867794,0.0754418,0.050090912,-0.056231335,10.10668492,0.951745212,18.635418318037924,32,83,18,21
4.86,-0.29082527,0.393701553,-0.354752123,-0.183796659,9.804661751,-0.072167858,-0.089797121,-0.010048725,0.069760757,-0.455779329,-0.460401684,0.545345128,0.531877965,2.767482281,-1.550659895,-2.106131673,-15.37500095,-49.05000305,-34.80000305,144.6450561,,,,88.62296144,24.375712277,Pothole,,-0.80781693,9.703852844,-1.208375445,-32.41875076,-65.08125305,-54.30000305,-0.097738365,-0.008063415,0.070371621,-0.80781693,9.703852844,-1.208375445,18.600862059731856,32,83,18,21
4.87,-1.198034525,-0.697087288,-1.987779617,-0.186371863,9.804617882,-0.071524829,0.095417076,-0.051098839,-0.014660754,-0.455766261,-0.460545897,0.545343757,0.531765759,2.775152206,-1.550439835,-2.098219633,-14.08125019,-49.85625076,-36.22500229,143.9982581,,,,88.62296166,24.375712268,Pothole,,-1.171047401,8.921878433,-1.537627828,-31.10625076,-65.86875153,-55.72500229,0.087475839,-0.049113528,-0.014049891,-1.171047401,8.921878433,-1.537627828,18.60984088258,32,83,18,21
4.88,-0.796054184,-0.66380024,-1.079654247,-0.18349053,9.804729462,-0.063146869,0.091476999,0.024587307,-0.053450669,-0.455559582,-0.460663632,0.54510957,0.532080859,2.810204029,-1.551006138,-2.063333869,-12.88125038,-50.41875076,-35.25,145.0408841,0.264221191,991.7401123,,88.62296187999999,24.375712259,Pothole,,-0.827318447,10.10010433,0.412163693,-29.92500114,-66.45000458,-54.75000381,0.08353576,0.026572618,-0.052839804,-0.827318447,10.10010433,0.412163693,18.63605284138267,32,83,18,21
4.89,-0.73701176,-0.004951477,0.666356534,-0.180294558,9.804788113,-0.063355451,-0.04667007,-0.030329435,-0.043249227,-0.455692723,-0.460637242,0.544982374,0.532119989,2.803661942,-1.551307559,-2.069680929,-15.01875019,-49.85625076,-36.84375,143.5356133,,,,88.6229621,24.37571225,Pothole,,0.159840541,9.077890587,0.029670998,-32.0625,-65.86875153,-56.34375381,-0.054611312,-0.028344125,-0.042638361,0.159840541,9.077890587,0.029670998,18.632959944330096,32,83,18,21
4.9,0.587710731,-0.252146244,-0.442104116,-0.182300448,9.804734707,-0.065667633,0.001832594,0.014508037,0.079534596,-0.45561333,-0.460522264,0.545173347,0.532091826,2.795786381,-1.551034808,-2.077913642,-12.84375095,-51.75000381,-36.82500076,144.5645672,,,,88.62296232,24.375712241,Pothole,,-0.238085841,10.0283196,-0.932602644,-29.88750076,-67.76250458,-56.32500076,-0.006108648,0.016493348,0.080145459,-0.238085841,10.0283196,-0.932602644,18.61478861811208,32,83,18,21
4.91,0.181287721,-0.179284573,-1.147284985,-0.187482722,9.804657936,-0.062517485,0.076510814,0.051007207,0.011606431,-0.455397859,-0.460721746,0.545247108,0.532028019,2.819765925,-1.550640643,-2.053959966,-11.96250057,-50.94375229,-38.25,143.0997491,,,,88.62296253999999,24.375712232,Pothole,,-0.049292146,9.529655266,-1.066720319,-28.98750114,-66.9750061,-57.75000381,0.068569573,0.052992519,0.012217296,-0.049292146,9.529655266,-1.066720319,18.620521725747817,32,83,18,21
4.92,-0.421176165,0.108641624,-0.368249573,-0.180780672,9.804796219,-0.060520453,0.023090689,-0.096302834,-0.079168075,-0.455665559,-0.460789964,0.544875979,0.53211993,2.818523526,-1.551354349,-2.054584026,-14.26875019,-49.70625305,-36.24375153,143.9020105,0.25894165,991.7406006,,88.62296276,24.375712223,Pothole,,-0.058863419,9.525348473,-0.219661123,-31.31250191,-65.71875,-55.74375153,0.015149447,-0.094317523,-0.078557211,-0.058863419,9.525348473,-0.219661123,18.605966873164725,32,83,18,21
4.93,0.833909988,-0.03918314,0.124768689,-0.186384901,9.804692268,-0.060138423,0.003054324,-0.097158045,0.113376507,-0.455835834,-0.461250901,0.544748098,0.531705379,2.829166412,-1.550821662,-2.04276526,-15.01875019,-49.35000229,-35.40000153,144.3471716,,,,88.62296298,24.375712214,Pothole,,0.281156648,10.17787099,0.344566447,-32.0625,-65.36250305,-54.90000153,-0.004886918,-0.095172734,0.113987368,0.281156648,10.17787099,0.344566447,18.60162581196827,32,83,18,21
4.94,-0.071718931,0.523601532,0.64820236,-0.210288852,9.804228783,-0.05712283,0.047189305,-0.078496122,0.311999187,-0.455501139,-0.462207884,0.545055628,0.530845523,2.876351595,-1.548575044,-1.994406581,-12.90000057,-46.98750305,-34.27500153,143.8911447,,,,88.6229632,24.375712205000003,Pothole,,-0.165104762,9.68949604,0.3345166,-29.94375038,-63.00000381,-53.77500153,0.039248062,-0.076510811,0.312610053,-0.165104762,9.68949604,0.3345166,18.612028494911137,32,83,18,21
4.95,-0.52863428,0.12856102,0.347170696,-0.222457625,9.803981781,-0.053250868,-0.012583814,0.017440189,0.053756101,-0.454915047,-0.46239841,0.545463026,0.530763686,2.906636477,-1.547468722,-1.964844882,-13.27500057,-49.74375153,-36.50625229,143.7255689,,,,88.62296341999999,24.375712196,Pothole,,-2.56749866,11.14146099,0.350309236,-30.31875038,-65.77500153,-56.00625229,-0.020525056,0.0194255,0.054366965,-2.56749866,11.14146099,0.350309236,18.607211508100026,32,83,18,21
4.96,-1.99694407,1.328361034,0.120683819,-0.217007898,9.80406189,-0.060336361,-0.076358097,-0.013439027,-0.180052392,-0.455192313,-0.462030634,0.545519888,0.530787736,2.870191455,-1.547824144,-2.001461148,-13.18125057,-50.30625153,-36.15000153,144.2990291,0.214019775,991.7459106,,88.62296364,24.375712187,Pothole,,-0.772881716,10.06540847,-0.766301446,-30.20625114,-66.33750153,-55.65000153,-0.08429934,-0.011453713,-0.17944153,-0.772881716,10.06540847,-0.766301446,18.616283818039943,32,83,18,21
4.97,-0.635015517,-0.020249844,-0.74592188,-0.201503702,9.804401875,-0.058961783,0.061941689,0.037232208,-0.137933269,-0.455356255,-0.46154052,0.545210212,0.531391382,2.856989503,-1.54938513,-2.015282393,-12.39375019,-50.88750076,-34.53750229,145.8351418,,,,88.62296386,24.375712178,Pothole,,-0.507756956,9.667481995,-0.563749006,-29.43750191,-66.91875458,-54.03750229,0.054000446,0.039217519,-0.137322402,-0.507756956,9.667481995,-0.563749006,18.596186804457577,32,83,18,21
4.98,0.128392875,-0.018349648,-0.173583867,-0.196784638,9.804515362,-0.056045184,0.005986475,0.056535536,-0.029688028,-0.4552297,-0.461349428,0.545151293,0.531726122,2.86412394,-1.54992801,-2.008743525,-12.97500038,-50.81250381,-36.97500229,143.9575445,,,,88.62296407999999,24.375712169,Pothole,,-0.147397877,9.663175011,-0.066520471,-30.01875114,-66.84375,-56.47500229,-0.001954767,0.058520846,-0.029077163,-0.147397877,9.663175011,-0.066520471,18.632456351020185,32,83,18,21
4.99,0.380578324,-0.28312397,-0.321603911,-0.190027542,9.804617405,-0.061205156,-0.051312641,0.04138609,-0.074525504,-0.455436721,-0.460954934,0.545168996,0.531872809,2.829906225,-1.550437808,-2.043314338,-12.63750076,-52.96875381,-37.25625229,144.8788715,,,,88.62296429999999,24.375712160000003,Pothole,,0.718444986,9.399007559,-0.848853827,-29.68125153,-69.0,-56.75625229,-0.059253884,0.043371399,-0.073914639,0.718444986,9.399007559,-0.848853827,18.633549395358504,32,83,18,21
5.0,0.661515325,-0.172917843,-1.188500106,-0.186686099,9.804664135,-0.063884176,0.002443459,-0.007483094,-0.012339469,-0.455674037,-0.460891098,0.545066714,0.531829685,2.811859727,-1.550674736,-2.061039686,-14.40000057,-50.64375305,-35.4375,145.0179484,0.150604248,991.753418,,88.62296452,24.375712151,Pothole,,0.401037073,9.716295624,-1.334716487,-31.42500114,-66.65625,-54.93750381,-0.005497783,-0.005497783,-0.011728603,0.401037073,9.716295624,-1.334716487,18.62279809440627,32,83,18,21
5.01,0.498003721,0.17121315,-1.20001626,-0.196000725,9.804495811,-0.061924368,0.071715525,-0.125868689,0.157114422,-0.455714345,-0.461482465,0.545002043,0.531348467,2.835579157,-1.549839616,-2.036143064,-10.33125019,-51.69375229,-35.96250153,145.1742931,,,,88.62296474,24.375712142,Pothole,,-0.259860539,9.440642548,-0.507278398,-27.37500191,-67.70625305,-55.46250153,0.063774282,-0.12388338,0.157725284,-0.259860539,9.440642548,-0.507278398,18.61716027648952,32,83,18,21
5.02,-0.107088767,-0.320340633,-0.137739927,-0.208841465,9.804270267,-0.05504182,0.082466747,-0.002290743,0.12370012,-0.455336928,-0.462086365,0.545090914,0.531055868,2.883741975,-1.548770308,-1.987547517,-14.58750057,-52.80000305,-38.53125,143.8795843,,,,88.62296495999999,24.375712133,Pothole,,-0.636490822,10.06421208,0.769890696,-31.61250114,-68.83125305,-58.03125381,0.074525502,-0.000305,0.124310981,-0.636490822,10.06421208,0.769890696,18.608943452652102,32,83,18,21
5.03,-0.786550403,0.896974087,0.815311104,-0.215663321,9.804131031,-0.053819412,-0.053023063,-0.017623448,0.005864302,-0.455051452,-0.462184682,0.545326591,0.530973077,2.897052526,-1.548127592,-1.974578619,-14.90625095,-51.76875305,-36.15000153,145.0734914,,,,88.62296518,24.375712124,Pothole,,-1.669711626,10.26951637,0.014356923,-31.95000076,-67.80000305,-55.65000153,-0.060964305,-0.015638138,0.006475167,-1.669711626,10.26951637,0.014356923,18.629901193762738,32,83,18,21
5.04,-1.12468338,-0.265730381,-0.763775937,-0.210079394,9.804253101,-0.053511161,0.070493795,0.077671457,-0.116064307,-0.454996839,-0.461881131,0.545322716,0.531287819,2.89226377,-1.548686802,-1.980034769,-13.98750019,-50.13750076,-34.65000153,145.3516687,0.145324707,991.7540894,,88.6229654,24.375712115,Pothole,,-1.301695502,9.268837547,-1.203589785,-31.03125191,-66.15000153,-54.15000153,0.062552552,0.079656767,-0.115453443,-1.301695502,9.268837547,-1.203589785,18.625425628921764,32,83,18,21
5.05,-1.263605833,-0.068527699,-0.710867688,-0.204170369,9.80441761,-0.045589032,0.086895516,-0.03649917,-0.056352275,-0.454807088,-0.461847126,0.545075238,0.531733692,2.921933293,-1.54946208,-1.950790286,-14.38125038,-48.86250305,-35.36250305,144.1061945,,,,88.62296562,24.375712106,Pothole,,-0.879960537,9.690333366,0.040677994,-31.42500114,-64.875,-54.86250305,0.078954271,-0.03451386,-0.055741411,-0.879960537,9.690333366,0.040677994,18.605107032570107,32,83,18,21
5.06,0.187820703,-0.471414089,0.676539883,-0.198340252,9.804563522,-0.039857205,0.037140579,0.067286754,-0.065240359,-0.454655126,-0.461734205,0.544898212,0.532142997,2.943306088,-1.55016458,-1.929917812,-14.92500019,-51.48750305,-34.91250229,145.8596989,,,,88.62296583999999,24.375712097,Pothole,,0.194775765,9.502855873,0.845623505,-31.96875191,-67.5,-54.41250229,0.029199336,0.069272066,-0.064629494,0.194775765,9.502855873,0.845623505,18.63548129189795,32,83,18,21
5.07,0.273416109,-0.045266151,0.513019338,-0.195385829,9.804629326,-0.038079888,-0.005009091,0.045417796,-0.009773837,-0.454546675,-0.461582243,0.544888705,0.532377124,2.94911015,-1.550494134,-1.924599409,-13.05000019,-50.70000076,-35.0625,145.3335047,,,,88.62296606,24.375712088,Pothole,,0.412761897,9.668200016,-0.02811566,-30.09375191,-66.73125458,-54.56250381,-0.012950333,0.047403107,-0.009162971,0.412761897,9.668200016,-0.02811566,18.63227348733521,32,83,18,21
5.08,0.390132725,0.015645027,-0.665241718,-0.198226124,9.80457592,-0.037562717,0.026419902,-0.030848672,0.063835369,-0.454469681,-0.461666435,0.544950306,0.53230685,2.954317331,-1.550224304,-1.919376612,-13.36875057,-46.44375229,-33.33750153,144.3290715,0.113616943,991.7578125,,88.62296628,24.375712079,Pothole,,-0.696311379,9.785687637,-0.854716241,-30.41250038,-62.47500229,-52.83750153,0.01847866,-0.028863361,0.064446235,-0.696311379,9.785687637,-0.854716241,18.63759554889876,32,83,18,21
5.09,-0.660626948,-0.095210075,-0.73478213,-0.205145113,9.804448128,-0.033074628,0.09920444,-0.043035424,0.044104436,-0.454328209,-0.462098241,0.544907957,0.532096207,2.98169601,-1.549602211,-1.891451597,-13.51875019,-49.68750381,-36.24375153,143.8917195,,,,88.62296649999999,24.37571207,Pothole,,-0.598684233,9.505248642,0.089491569,-30.56250191,-65.71875,-55.74375153,0.091263197,-0.041050113,0.044715301,-0.598684233,9.505248642,0.089491569,18.6287883226912,32,83,18,21
5.1,-0.60289894,0.198311806,0.635025427,-0.207860537,9.804413795,-0.025519288,0.009896009,-0.067470014,0.004398227,-0.454069808,-0.462381974,0.544794291,0.532186687,3.0194242,-1.549439669,-1.853675008,-15.05625057,-51.63750076,-35.53125,145.468527,,,,88.62296672,24.375712061,Pothole,,-1.512862116,10.23649526,1.409372538,-32.10000229,-67.65000153,-55.03125381,0.001954768,-0.065484706,0.005009091,-1.512862116,10.23649526,1.409372538,18.62439648156542,32,83,18,21
5.11,-0.353745759,0.295361519,1.261606038,-0.209103324,9.804391861,-0.023729072,-0.009468404,0.101403555,-0.00763581,-0.453914523,-0.462381274,0.544853061,0.532259613,3.028602719,-1.549336553,-1.844787419,-11.71875,-51.33750153,-35.75625229,145.1430272,,,,88.62296694,24.375712052,Pothole,,-0.201475656,10.25898762,0.892044282,-28.76250076,-67.3500061,-55.25625229,-0.017409646,0.103388864,-0.007024945,-0.201475656,10.25898762,0.892044282,18.61665126498081,32,83,18,21
5.12,-0.639772773,0.938624382,0.572227105,-0.209219456,9.804392338,-0.022512971,-0.008429934,0.04101957,-0.011850776,-0.453665525,-0.462199479,0.545012742,0.532466292,3.034400105,-1.549336553,-1.839789987,-15.45000076,-51.95625305,-37.65000153,144.0711051,0.066055298,991.7633667,,88.62296716,24.375712043,Pothole,,-0.636490831,10.72893829,-0.025363916,-32.49375153,-67.98750305,-57.15000153,-0.016371176,0.043004879,-0.011239912,-0.636490831,10.72893829,-0.025363916,18.637266934112088,32,83,18,21
5.13,-0.743724875,0.472388268,-0.40267913,-0.201365985,9.804558277,-0.021474208,0.021074835,0.015271619,-0.109497512,-0.453685254,-0.461906359,0.544893861,0.532825381,3.035374522,-1.550145686,-1.839330077,-11.98125076,-50.98125076,-36.31875229,144.5341451,,,,88.62296737999999,24.375712034000003,Pothole,,-1.280160114,9.759127378,-0.555134855,-29.02500153,-66.99375153,-55.81875229,0.013133592,0.017256931,-0.108886646,-1.280160114,9.759127378,-0.555134855,18.634620741754663,32,83,18,21
5.14,-0.236762479,-0.070484161,-0.4152591,-0.189485185,9.804799557,-0.019890673,0.027977607,0.037232208,-0.12986985,-0.453803882,-0.461554781,0.544635892,0.533292592,3.036982775,-1.551366806,-1.838164985,-9.525000572,-50.62500381,-34.875,145.4374774,,,,88.6229676,24.375712025,Pothole,,-0.210568393,9.835458183,-0.166061892,-26.56875038,-66.65625,-54.37500381,0.020036365,0.039217519,-0.129258989,-0.210568393,9.835458183,-0.166061892,18.601797914379155,32,83,18,21
5.15,0.24422425,0.623630524,0.332566857,-0.188055038,9.804822922,-0.02164478,-0.02480111,-0.043646288,0.009651663,-0.453973204,-0.461562783,0.544562161,0.533216834,3.02699852,-1.551491976,-1.847820997,-12.18750095,-51.78750229,-37.72500229,143.9282472,,,,88.62296782,24.375712016,Pothole,,0.741775024,10.03693371,0.65467627,-29.23125076,-67.8187561,-57.22500229,-0.032742353,-0.041660979,0.010262529,0.741775024,10.03693371,0.65467627,18.601049510679136,32,83,18,21
5.16,1.185736984,0.244647026,0.733159572,-0.189187273,9.804804802,-0.019751122,0.013897174,0.080786867,0.048411034,-0.45388557,-0.461631894,0.544556558,0.533237308,3.037561774,-1.551399529,-1.837288976,-14.43750095,-52.05000305,-37.38750076,144.3103247,-0.018493652,991.7735596,,88.62296803999999,24.375712007,Pothole,,0.661017247,10.69232774,0.682552651,-31.48125076,-68.08125305,-56.88750076,0.005955932,0.082772177,0.049021898,0.661017247,10.69232774,0.682552651,18.61505616549498,32,83,18,21
5.17,0.126035631,0.96013689,0.374075115,-0.193323635,9.80472374,-0.020066638,-0.032498007,-0.023121232,0.046425724,-0.453805655,-0.461727947,0.544668764,0.533107549,3.03820169,-1.550974548,-1.83661747,-12.37500095,-49.25625229,-35.0625,144.5552723,,,,88.62296826,24.375711998,Pothole,,-0.838445067,10.01348419,-0.797767076,-29.41875076,-65.26875305,-54.56250381,-0.040439249,-0.021135922,0.047036587,-0.838445067,10.01348419,-0.797767076,18.632422133231263,32,83,18,21
5.18,-1.164356947,-0.528672218,-1.294172406,-0.192658596,9.804735661,-0.020576953,0.057787809,-0.041202829,-0.063529935,-0.453880921,-0.461745113,0.544623077,0.533075273,3.035221577,-1.55103749,-1.839426041,-11.00625038,-49.18125153,-35.47500229,144.196655,,,,88.62296848,24.375711989000003,Pothole,,-1.328495121,9.114740181,-0.995414189,-28.05000114,-65.1937561,-54.97500229,0.049846567,-0.039217518,-0.062919072,-1.328495121,9.114740181,-0.995414189,18.63949104517259,32,83,18,21
5.19,-0.625718594,-0.122395039,-0.161130071,-0.189561211,9.804803371,-0.016525632,0.037873616,-0.026725334,-0.040011643,-0.453851342,-0.461793706,0.544436872,0.533248544,3.054637074,-1.5513919,-1.819978118,-11.71875,-51.11250305,-37.57500076,143.678793,,,,88.6229687,24.37571198,Pothole,,-0.152542453,10.15334463,0.898504898,-28.76250076,-67.125,-57.07500076,0.029932375,-0.024740023,-0.039400778,-0.152542453,10.15334463,0.898504898,18.60601667564413,32,83,18,21
5.2,0.426000573,0.682628632,1.168150604,-0.189849578,9.804795742,-0.018277159,-0.054611311,0.018906265,0.01734856,-0.453858852,-0.461717725,0.544514805,0.533228397,3.045622945,-1.551347375,-1.829120338,-12.93750095,-52.61250305,-36.41250229,145.3133415,-0.113616943,991.7845459,,88.62296891999999,24.375711971,Pothole,,0.114376917,10.10153999,0.711625457,-29.98125076,-68.64375305,-55.91250229,-0.062552551,0.020891575,0.017959424,0.114376917,10.10153999,0.711625457,18.62376522861408,32,83,18,21
5.21,-0.082528204,-0.311761379,-0.548930231,-0.187148392,9.80484724,-0.018286131,0.013316852,0.090743962,-0.036285368,-0.453711584,-0.461439431,0.544624239,0.53348279,3.044193029,-1.55162096,-1.831339717,-8.8125,-50.60625076,-35.53125,144.926851,,,,88.62296914,24.375711962,Pothole,,-0.735553671,9.488020325,-1.18301152,-25.85625076,-66.63750458,-55.03125381,0.00537561,0.092729272,-0.035674503,-0.735553671,9.488020325,-1.18301152,18.61523563426524,32,83,18,21
5.22,-1.177907944,-0.432178497,-1.285566807,-0.18191912,9.804945946,-0.017679199,0.03130682,-0.088575395,-0.069180437,-0.453891858,-0.461410537,0.544403881,0.53357929,3.044770956,-1.552154481,-1.830484152,-13.29375076,-52.25625229,-38.26875305,143.7836118,,,,88.62296936,24.375711953,Pothole,,-1.191027451,8.758329153,-1.109073266,-30.31875038,-68.26875305,-57.76875305,0.023365578,-0.086590084,-0.068569572,-1.191027451,8.758329153,-1.109073266,18.63879657591258,32,83,18,21
5.23,0.54440701,-1.33071804,-0.544413507,-0.174213544,9.805093765,-0.012721299,0.076602443,0.018539745,-0.094073178,-0.453914046,-0.461345166,0.544098377,0.533928454,3.068702698,-1.552982211,-1.80663836,-14.28750038,-51.56250381,-35.94375229,145.1199979,,,,88.62296957999999,24.375711944000003,Pothole,,0.455593431,9.065926552,0.596769986,-31.33125114,-67.57500458,-55.44375229,0.068661201,0.020525056,-0.093462312,0.455593431,9.065926552,0.596769986,18.633684756925422,32,83,18,21
5.24,0.717979103,-0.140870094,1.131911129,-0.173595078,9.80510664,-0.011670819,-0.053878274,-0.014446952,0.057787808,-0.453944862,-0.461405694,0.54401809,0.533931792,3.074501991,-1.553051412,-1.800673366,-12.33750057,-52.25625229,-35.58750153,145.7443925,-0.195526123,991.7942505,,88.62296979999999,24.375711935,Pothole,,0.849452034,10.01815033,1.137188986,-29.38125038,-68.2875061,-55.08750153,-0.061819514,-0.012461641,0.058398672,0.849452034,10.01815033,1.137188986,18.63353314818844,32,83,18,21
5.25,0.833548009,0.263628006,0.410604671,-0.185865931,9.80487299,-0.016859579,-0.051618073,-0.010690134,0.182801288,-0.453891903,-0.46164225,0.544392258,0.533390641,3.051210403,-1.551764131,-1.823612034,-14.86875057,-53.10000229,-37.72500229,144.6080341,,,,88.62297002,24.375711926,Pothole,,-0.189511561,9.922556877,-0.627398109,-31.91250038,-69.11250305,-57.22500229,-0.059559316,-0.008704823,0.18341215,-0.189511561,9.922556877,-0.627398109,18.618747726391792,32,83,18,21
5.26,-0.901576906,-0.168788433,-1.140888691,-0.199025117,9.804620266,-0.013981651,0.084177168,-0.017867795,0.061819516,-0.453549862,-0.462073743,0.544642359,0.533052593,3.071445823,-1.550448656,-1.803201497,-12.99375057,-51.24375153,-35.36250305,145.3910565,,,,88.62297024,24.375711917,Pothole,,-1.516092396,9.399485779,-0.769053188,-30.03750038,-67.27500153,-54.86250305,0.076235924,-0.015882485,0.062430381,-1.516092396,9.399485779,-0.769053188,18.6165927800935,32,83,18,21
5.27,-1.313820839,-0.241591454,0.309690654,-0.186791308,9.80486536,-0.008732943,0.021013748,0.006200278,-0.203051451,-0.453572005,-0.461810663,0.544292748,0.53361848,3.094810963,-1.551726878,-1.780294716,-9.581250191,-52.29375076,-36.52500153,145.0673086,,,,88.62297045999999,24.375711908,Pothole,,-0.820139994,9.754939556,1.086341485,-26.62500191,-68.30625153,-56.02500153,0.013072507,0.008185588,-0.20244059,-0.820139994,9.754939556,1.086341485,18.610936282877223,32,83,18,21
5.28,0.557503618,-0.24493885,1.358507335,-0.17055203,9.805158615,-0.012389995,-0.078801557,0.036193738,-0.137444575,-0.453944445,-0.461221978,0.544031262,0.534077436,3.069029808,-1.55335784,-1.806486249,-11.60625076,-50.60625076,-36.76875305,143.9991406,-0.274795532,991.8035889,,88.62297068,24.375711899,Pothole,,1.019821006,9.514341354,1.077248746,-28.65000153,-66.61875153,-56.26875305,-0.086742798,0.038179048,-0.13683371,1.019821006,9.514341354,1.077248746,18.602255019866032,32,83,18,21
5.29,1.06460619,0.188784122,0.194838393,-0.183865212,9.804913521,-0.014518522,-0.030787584,0.002657262,0.184969852,-0.453739643,-0.46152249,0.544400066,0.533615738,3.062552452,-1.551988065,-1.812776387,-12.48750019,-52.36875153,-36.73125076,144.9543207,,,,88.6229709,24.37571189,Pothole,,0.506799846,9.821101189,-0.23497519,-29.53125191,-68.3812561,-56.23125076,-0.038728828,0.004642572,0.185580718,0.506799846,9.821101189,-0.23497519,18.6345888950502,32,83,18,21
5.3,0.948579967,0.062232971,-0.94254446,-0.19762373,9.804652214,-0.011793579,0.052228939,0.098043796,0.167071516,-0.453222364,-0.461794645,0.544813454,0.533398032,3.081987619,-1.550604463,-1.793785095,-14.34375095,-51.61875153,-36.1875,144.9674938,,,,88.62297112,24.375711881,Pothole,,-1.091127113,9.899705648,-0.759122983,-31.38750076,-67.6312561,-55.68750381,0.044287697,0.100029107,0.167682383,-1.091127113,9.899705648,-0.759122983,18.6325160403652,32,83,18,21
5.31,-1.487258732,0.409979343,-0.552631363,-0.194776148,9.804704666,-0.014084128,-0.029688029,-0.04780017,-0.122417301,-0.453343749,-0.461657003,0.544796854,0.533430994,3.069253325,-1.55088228,-1.806551874,-9.84375,-53.73750305,-37.18125153,145.3204432,,,,88.62297133999999,24.375711872,Pothole,,-0.963828972,9.907721519,-0.315374032,-26.88750076,-69.75,-56.68125153,-0.03762927,-0.045814858,-0.121806436,-0.963828972,9.907721519,-0.315374032,18.63998870693144,32,83,18,21
5.32,0.068128288,-0.314384937,-0.182282113,-0.17652005,9.805046558,-0.016433255,0.007819069,0.027947064,-0.152838368,-0.453774467,-0.461105481,0.544409513,0.533936977,3.048775911,-1.55271703,-1.827268004,-14.56875038,-50.71875381,-35.04375076,145.3577505,-0.251022339,991.8009644,,88.62297156,24.375711863000003,Pothole,,0.242153656,9.14488945,0.010049853,-31.59375191,-66.73125458,-54.54375076,-0.000122,0.029932375,-0.152227504,0.242153656,9.14488945,0.010049853,18.63986547348295,32,83,18,21
5.33,0.603179216,-0.704208374,0.058008787,-0.178493075,9.805015087,-0.013596436,0.025656321,0.055588695,0.105985039,-0.453600198,-0.461178243,0.544440269,0.53399083,3.065500498,-1.552540004,-1.810729206,-15.09375095,-50.90625381,-36.54375076,144.326807,,,,88.62297178,24.375711854,Pothole,,0.723230641,9.364909649,-0.145962183,-32.13750076,-66.91875458,-56.04375076,0.017715079,0.057574006,0.106595903,0.723230641,9.364909649,-0.145962183,18.622217268224095,32,83,18,21
5.34,-0.335375696,-0.257585049,-0.375277512,-0.194320701,9.804709911,-0.016784386,-0.033964082,-0.001374445,0.149051008,-0.453269303,-0.46140942,0.544985265,0.53351602,3.055479169,-1.5509094,-1.820924699,-9.787500381,-51.95625305,-36.45000076,144.9483526,,,,88.62297199999999,24.375711845,Pothole,,-0.854716252,9.198488808,-0.789152896,-26.83125114,-67.96875,-55.95000076,-0.041905324,0.000611,0.14966187,-0.854716252,9.198488808,-0.789152896,18.63075949660721,32,83,18,21
5.35,-0.422491789,-0.577825069,-1.144372642,-0.18999368,9.804791927,-0.018190765,0.020036365,0.053114691,-0.089430604,-0.453251347,-0.461108938,0.54503718,0.533737987,3.046115875,-1.551334381,-1.830884337,-14.13750076,-52.85625076,-40.20000076,142.7450731,,,,88.62297222,24.375711836,Pothole,,-0.890130014,9.421021461,-0.910229743,-31.18125153,-68.88750458,-59.70000076,0.012095123,0.055100003,-0.088819738,-0.890130014,9.421021461,-0.910229743,18.63779062919529,32,83,18,21
5.36,0.034827501,-0.184466362,-0.278419095,-0.185476296,9.804880142,-0.017459615,0.018478659,-0.068875005,-0.053145236,-0.453481913,-0.461172074,0.544772387,0.533757895,3.04771173,-1.551795721,-1.828744709,-12.99375057,-51.24375153,-35.36250305,145.3910565,-0.184967041,991.7930908,,88.62297244,24.375711827,Pothole,,0.461814772,9.488738298,0.022133607,-30.03750038,-67.27500153,-54.86250305,0.010537418,-0.066889695,-0.052534371,0.461814772,9.488738298,0.022133607,18.63398589562709,32,83,18,21
5.37,0.548542857,-0.274194717,0.528640747,-0.195826754,9.804683685,-0.014769692,0.028466298,-0.03423897,0.160290919,-0.453281701,-0.461605072,0.544890046,0.533433497,3.066310167,-1.550770521,-1.809707046,-12.03750038,-51.03750229,-36.5625,144.3827571,,,,88.62297266,24.375711818000003,Pothole,,-0.210089827,9.220981407,0.668076074,-29.08125114,-67.0687561,-56.06250381,0.020525056,-0.03225366,0.160901779,-0.210089827,9.220981407,0.668076074,18.609893924069723,32,83,18,21
5.38,-0.238457598,-0.612689972,0.648437291,-0.207176842,9.804454803,-0.011553011,-0.000489,0.084879662,0.085887589,-0.452800274,-0.461827248,0.545232654,0.533299923,3.085858583,-1.549637079,-1.790629387,-12.05625057,-50.25000381,-35.92500305,144.4380612,,,,88.62297287999999,24.375711809,Pothole,,-0.920040295,9.755537987,0.339780819,-29.10000038,-66.26250458,-55.42500305,-0.008429934,0.086864972,0.086498452,-0.920040295,9.755537987,0.339780819,18.6180217654124,32,83,18,21
5.39,-1.406067967,0.280649185,-0.008983076,-0.208225161,9.804425716,-0.016020017,-0.062460924,-0.028252497,-0.077274395,-0.452722877,-0.461549103,0.545517117,0.533315539,3.064755559,-1.549495876,-1.81238848,-13.03125095,-51.60000229,-36.84375,144.4721718,,,0.932772934,88.6229731,24.3757118,Pothole,,-1.348594856,9.527741051,-0.734117994,-30.07500076,-67.61250305,-56.34375381,-0.070402167,-0.026267186,-0.076663531,-1.348594856,9.527741051,-0.734117994,18.605166376606054,32,83,18,21
5.4,-0.324943617,-0.438993931,-1.155585229,-0.200092353,9.804593563,-0.017024268,0.038240136,0.049571676,-0.081611536,-0.452766523,-0.461154431,0.545470893,0.533667117,3.056730866,-1.550319016,-1.82107383,-14.96250057,-51.46875381,-35.55000305,145.3667593,-0.108337402,991.7839966,,88.622973359,24.3757118,Pothole,,-0.642712153,9.649775124,-0.787717226,-32.00625229,-67.5,-55.05000305,0.030298893,0.051556987,-0.081000669,-0.642712153,9.649775124,-0.787717226,18.638162041090343,32,83,18,21
5.41,-0.30895377,-0.059765339,0.011720702,-0.202705063,9.804544926,-0.013737201,0.038362309,-0.056230102,0.03347539,-0.45272696,-0.461419985,0.545368403,0.533575863,3.073910117,-1.550077081,-1.803471446,-12.39375019,-52.31250381,-35.83125305,145.590953,,,,88.62297361799999,24.3757118,Pothole,,-0.144167567,9.134600401,0.64307108,-29.43750191,-68.34375,-55.33125305,0.030421067,-0.054244791,0.034086254,-0.144167567,9.134600401,0.64307108,18.62424698537803,32,83,18,21
5.42,0.26457686,-0.277404785,1.174138963,-0.205349132,9.804493427,-0.011312603,-0.013897173,0.05619956,0.035888306,-0.452509016,-0.461456716,0.54546091,0.533634424,3.086566329,-1.549822688,-1.791150153,-14.56875038,-50.41875076,-37.91250229,143.0585751,,,,88.62297387699999,24.3757118,Pothole,,-0.304845589,9.658389282,1.145683515,-31.61250114,-66.43125153,-57.41250229,-0.021838416,0.058184871,0.036499171,-0.304845589,9.658389282,1.145683515,18.609145712220133,32,83,18,21
5.43,-0.212984264,-0.112566948,0.029524833,-0.209256008,9.804404259,-0.016247863,-0.064873839,0.050793407,0.030909757,-0.45239386,-0.461248443,0.545819551,0.533545405,3.064110279,-1.549393535,-1.814200282,-11.28750038,-53.70000076,-40.48125076,142.9895229,,,,88.622974136,24.3757118,Pothole,,-0.490050098,9.560283661,-0.62309103,-28.31250191,-69.73125458,-59.98125076,-0.072815081,0.052778717,0.031520622,-0.490050098,9.560283661,-0.62309103,18.626865525174683,32,83,18,21
5.44,-1.043891072,-0.322216034,-1.286092639,-0.212519869,9.804329872,-0.018615743,0.007941243,-0.007177661,0.023060146,-0.452324659,-0.461199641,0.546013176,0.53344816,3.054221153,-1.54904139,-1.824307084,-9.46875,-51.56250381,-37.53750229,143.9453822,-0.034347534,991.7753906,,88.622974395,24.3757118,Pothole,,-1.079163007,9.747162819,-1.421336666,-26.51250076,-67.57500458,-57.03750229,5.82e-10,-0.005192351,0.023671011,-1.079163007,9.747162819,-1.421336666,18.624719671135036,32,83,18,21
5.45,-0.817579001,-0.434303761,-1.05964002,-0.211514808,9.804358006,-0.014368333,0.082955438,0.011331541,-0.042516187,-0.452267691,-0.461330503,0.545855701,0.533544421,3.073807001,-1.549176276,-1.804585993,-13.50000095,-52.01250076,-39.31875229,142.9126109,,,,88.62297465399999,24.3757118,Pothole,,-0.259860534,9.701460075,-0.067477599,-30.54375076,-68.02500153,-58.81875229,0.075014194,0.013316853,-0.041905325,-0.259860534,9.701460075,-0.067477599,18.61431506809236,32,83,18,21
5.46,-0.280385435,0.541499615,0.594197631,-0.20982255,9.804395676,-0.013803694,-0.046792242,-0.048044514,-0.003787362,-0.452281579,-0.461296365,0.545805484,0.533613533,3.075924516,-1.54935199,-1.802505195,-12.95625019,-51.61875153,-35.56875229,145.4305748,,,,88.622974913,24.3757118,Pothole,,-0.305802739,9.654560661,0.4924429,-30.00000191,-67.6312561,-55.06875229,-0.054733485,-0.046059203,-0.003176497,-0.305802739,9.654560661,0.4924429,18.604519265090456,32,83,18,21
5.47,0.463152945,-0.565320492,-0.033889003,-0.208236821,9.80442667,-0.015521994,0.000305,0.125074564,-0.023212862,-0.452186808,-0.461029053,0.545957267,0.533769548,3.067190886,-1.54949975,-1.81191045,-12.78750038,-49.25625229,-34.42500305,145.0504504,,,,88.622975172,24.3757118,Pothole,,-0.129212424,9.640682459,-0.455832705,-29.83125114,-65.2875061,-53.92500305,-0.00763581,0.127059873,-0.022601996,-0.129212424,9.640682459,-0.455832705,18.626818352921823,32,83,18,21
5.48,-0.281716056,0.431112766,-0.550601453,-0.209931776,9.80439043,-0.015659557,0.010629047,-0.033994626,0.019058982,-0.452154428,-0.461068094,0.546003431,0.533716053,3.067136168,-1.549328208,-1.811952233,-12.78750038,-49.25625229,-34.42500305,145.0504504,0.039627075,991.7664795,,88.622975431,24.3757118,Pothole,,-0.243110785,9.69571743,-0.656111968,-29.83125114,-65.2875061,-53.92500305,0.002687805,-0.032009315,0.019669846,-0.243110785,9.69571743,-0.656111968,18.62072944650108,32,83,18,21
5.49,0.059274852,-0.038133144,-0.504541084,-0.210191473,9.804387569,-0.013850025,0.030787585,-0.016890409,0.008063415,-0.452145174,-0.461171657,0.545928091,0.533711493,3.075790048,-1.549314797,-1.803125381,-15.84375095,-51.41250229,-37.98750305,143.5401662,,,,88.62297568999999,24.3757118,Pothole,,-0.708275515,9.966106224,-0.16845472,-32.88750076,-67.42500305,-57.48750305,0.022846343,-0.014905101,0.00867428,-0.708275515,9.966106224,-0.16845472,18.63074474178336,32,83,18,21
5.5,0.005907863,-0.008623123,0.055375488,-0.217170052,9.804237843,-0.012398936,0.015424336,-0.01771508,0.065362533,-0.452000275,-0.461433068,0.546033084,0.53350085,3.084546566,-1.548612893,-1.794145882,-15.84375095,-51.41250229,-37.98750305,143.5401662,,,,88.622975949,24.3757118,Pothole,,0.150747824,9.662218094,0.066400827,-32.88750076,-67.42500305,-57.48750305,0.007483094,-0.01572977,0.065973396,0.150747824,9.662218094,0.066400827,18.62055258152043,32,83,18,21
5.51,-0.536431968,0.595275879,0.269026488,-0.223296672,9.804100037,-0.012610911,-0.00989601,-0.013225221,0.069272066,-0.451839626,-0.461545616,0.546223938,0.53334415,3.085177183,-1.547987342,-1.793595791,-17.15625,-50.85000229,-36.26250076,144.5063135,,,,88.622976208,24.3757118,Pothole,,-1.182054377,10.44562798,0.107677018,-34.20000076,-66.8812561,-55.76250076,-0.017837252,-0.011239912,0.069882932,-1.182054377,10.44562798,0.107677018,18.633668553192265,32,83,18,21
5.52,-0.748710826,0.325753689,-0.106414974,-0.223959632,9.804084778,-0.011878657,0.02272417,0.087445292,-0.050335258,-0.451714098,-0.461489111,0.546302587,0.533418775,3.088623524,-1.547925115,-1.790487885,-16.23750114,-51.00000381,-36.90000153,144.1131565,0.050201416,991.7653198,,88.622976467,24.3757118,Pothole,,-0.725503802,10.15131073,-0.407258412,-33.28125,-67.01250458,-56.40000153,0.014782928,0.089430603,-0.049724393,-0.725503802,10.15131073,-0.407258412,18.62141301096933,32,83,18,21
5.53,-0.871669382,0.681939125,-0.32397458,-0.217216872,9.804236889,-0.0115838,-0.001527162,-0.035582874,-0.089033542,-0.451721281,-0.461195141,0.546236217,0.533734858,3.088306546,-1.548610508,-1.791341305,-16.23750114,-51.00000381,-36.90000153,144.1131565,,,,88.62297672599999,24.3757118,Pothole,,-0.315254405,9.845268726,-0.443868607,-33.28125,-67.01250458,-56.40000153,-0.009468404,-0.033597563,-0.088422677,-0.315254405,9.845268726,-0.443868607,18.621428058710872,32,83,18,21
5.54,0.443400949,-0.202239037,-0.34490598,-0.206584789,9.804468632,-0.010263904,0.024923283,0.063743739,-0.093095792,-0.451794937,-0.460843369,0.546036899,0.534180164,3.091963291,-1.549704432,-1.788212895,-15.39375019,-49.01250076,-33.26250076,145.8370893,,,,88.622976985,24.3757118,Pothole,,0.228275277,9.952706337,0.083270231,-32.4375,-65.04375458,-52.76250076,0.016982041,0.065729049,-0.092484929,0.228275277,9.952706337,0.083270231,18.63359002608455,32,83,18,21
5.55,0.909412205,0.494657516,0.326440856,-0.206937268,9.804461002,-0.0101832,-0.013439025,0.007788526,0.057665635,-0.45183599,-0.460906416,0.546000093,0.534128606,3.092429876,-1.549666047,-1.787549078,-16.96875,-48.93750381,-36.97500229,142.9269271,,,,88.622977244,24.3757118,Pothole,,1.076171979,10.08036351,0.210568387,-33.99375153,-64.95000458,-56.47500229,-0.021380267,0.009773837,0.058276501,1.076171979,10.08036351,0.210568387,18.61406544619041,32,83,18,21
5.56,0.035715878,0.263484478,-0.057958979,-0.218171097,9.804215908,-0.011033101,-0.007483094,-0.075594515,0.132404942,-0.451740637,-0.461290583,0.546200156,0.533672899,3.091030002,-1.548519015,-1.788406312,-16.96875,-48.93750381,-36.97500229,142.9269271,0.039627075,991.7666016,,88.622977503,24.3757118,Pothole,,-0.655633409,9.772766113,-0.211046957,-33.99375153,-64.95000458,-56.47500229,-0.015424336,-0.073609206,0.13301581,-0.655633409,9.772766113,-0.211046957,18.602561179534124,32,83,18,21
5.57,-0.555838406,0.03204298,-0.194523117,-0.226798177,9.804023266,-0.008930576,0.030543238,0.000702,0.065484704,-0.451480106,-0.461547554,0.546385735,0.53348124,3.102229595,-1.547651529,-1.777206123,-16.6875,-50.79375076,-36.67500305,144.1692958,,,,88.62297776199999,24.3757118,Pothole,,-1.22177524,9.920164108,0.088534436,-33.73125076,-66.80625153,-56.17500305,0.022601997,0.002687805,0.066095569,-1.22177524,9.920164108,0.088534436,18.59752064257373,32,83,18,21
5.58,-1.360751987,0.425175667,0.55727756,-0.227776885,9.804000854,-0.008905546,-0.017470733,-0.007483093,-0.03640754,-0.451426953,-0.46154061,0.546437263,0.533479452,3.102514029,-1.547552347,-1.777031779,-11.85000038,-48.41250229,-35.58750153,143.6808002,,,,88.622978021,24.3757118,Pothole,,-0.622133911,10.29452133,0.776470944,-28.89375114,-64.42500305,-55.08750153,-0.025411975,-0.005497782,-0.035796675,-0.622133911,10.29452133,0.776470944,18.625681403703343,32,83,18,21
5.59,-0.024712071,0.798977375,0.862043023,-0.224741459,9.804068565,-0.010269243,-0.04978548,0.072998341,-0.016493349,-0.451377839,-0.461271271,0.546523035,0.533666015,3.095926762,-1.547853112,-1.784210205,-14.06250095,-49.89375305,-37.74375153,142.893132,,,,88.62297828,24.3757118,Pothole,,-0.272781782,10.73707371,0.608734089,-31.10625076,-65.90625,-57.24375153,-0.057726721,0.074983651,-0.015882484,-0.272781782,10.73707371,0.608734089,18.61939606711582,32,83,18,21
5.6,-0.112512186,0.713502407,0.027316719,-0.223021753,9.804105759,-0.012565447,-0.009407318,0.062033318,-0.034819292,-0.451282278,-0.460964397,0.546701729,0.533828974,3.085305691,-1.548018873,-1.795579731,-16.06875038,-53.25000381,-38.32500076,144.256745,0.055480957,991.7647705,,88.622978539,24.3757118,Pothole,,-1.039442141,9.394700241,-0.778145915,-33.11250305,-69.26250458,-57.82500076,-0.01734856,0.064018628,-0.034208427,-1.039442141,9.394700241,-0.778145915,18.621932945564065,32,83,18,21
5.61,-1.039291352,-0.945044041,-0.936748773,-0.213134669,9.804327488,-0.010883457,0.046731156,0.064751667,-0.149356443,-0.451257408,-0.460567415,0.546575218,0.534321874,3.090580463,-1.549031973,-1.791091383,-13.95000076,-49.78125381,-33.16875076,146.3248767,,,,88.62297879799999,24.3757118,Pothole,,-0.342173636,9.140582561,-0.751944512,-30.99375153,-65.8125,-52.66875076,0.038789914,0.066736978,-0.14874557,-0.342173636,9.140582561,-0.751944512,18.601633080697148,32,83,18,21
5.62,0.175207444,0.093020439,0.074287742,-0.20582284,9.804478168,-0.015049761,-0.053023063,-0.020433427,-0.046547896,-0.451517522,-0.460257277,0.546495467,0.534450978,3.068629622,-1.549750328,-1.813141704,-13.12500095,-48.93750381,-35.73750305,143.8605324,,,,88.622979057,24.3757118,Pothole,,0.63601225,10.01013432,0.434058025,-30.15000153,-64.95000458,-55.23750305,-0.060964306,-0.018448116,-0.045937032,0.63601225,10.01013432,0.434058025,18.59814359859937,32,83,18,21
5.63,1.617033064,0.17647171,0.378235042,-0.213433079,9.804310322,-0.017999562,-0.026755878,0.041263916,0.12852595,-0.451467022,-0.460399151,0.546730906,0.534130543,3.057421207,-1.548953295,-1.824174523,-15.45000076,-50.53125381,-36.33750153,144.2797317,,,,88.622979316,24.3757118,Pothole,,0.859023324,10.18768158,0.152183519,-32.47500229,-66.5625,-55.83750153,-0.034697119,0.043249227,0.129136814,0.859023324,10.18768158,0.152183519,18.593122828944768,32,83,18,21
5.64,-0.2024289,0.548267365,-0.323190883,-0.228380352,9.803974628,-0.017665958,0.009010255,-0.018936808,0.156992244,-0.451129541,-0.460775718,0.547110498,0.533702135,3.064392567,-1.547437429,-1.817116916,-17.45625114,-51.93750381,-36.73125076,144.7312791,0.08454895,991.7612305,,88.62297957499999,24.3757118,Pothole,,-0.772283509,10.12642527,-0.680758037,-34.5,-67.95000458,-56.23125076,0.001069013,-0.016951497,0.157603115,-0.772283509,10.12642527,-0.680758037,18.606712241928168,32,83,18,21
5.65,-1.023285985,0.520659447,-1.004183531,-0.230167627,9.803930283,-0.019114414,0.004764745,-0.023854269,-0.024556765,-0.451114058,-0.460763216,0.547204316,0.533629835,3.058737278,-1.547241569,-1.822822571,-12.69375038,-51.95625305,-37.05000305,144.5073331,,,,88.62297983399999,24.3757118,Pothole,,-1.940579152,9.744052505,-0.693439996,-29.73750114,-67.98750305,-56.55000305,-0.003176497,-0.021868958,-0.0239459,-1.940579152,9.744052505,-0.693439996,18.616711221710972,32,83,18,21
5.66,-1.201480083,-0.131112576,-0.429001048,-0.221813679,9.804124832,-0.017617099,0.03225366,0.055069458,-0.144286261,-0.451169863,-0.460510612,0.547027707,0.533981621,3.062384486,-1.548105121,-1.819546819,-15.33750057,-50.49375153,-35.45625305,144.9238184,,,,88.622980093,24.3757118,Pothole,,-0.103848506,9.963235092,0.431665209,-32.38125229,-66.5062561,-54.95625305,0.024312419,0.05705477,-0.143675396,-0.103848506,9.963235092,0.431665209,18.609459516644083,32,83,18,21
5.67,0.191424191,0.516047001,0.714056581,-0.21485579,9.804282188,-0.016899538,-0.037415468,0.017104213,0.007941241,-0.451177478,-0.460231036,0.546938747,0.534307301,3.063110113,-1.548817933,-1.81933254,-15.73125076,-50.79375076,-36.03750229,144.6447973,,,,88.622980352,24.3757118,Pothole,,0.211166594,10.13121104,0.435493722,-32.77500153,-66.80625153,-55.53750229,-0.04535671,0.019089524,0.008552107,0.211166594,10.13121104,0.435493722,18.61208268194263,32,83,18,21
5.68,0.539534017,0.162704468,-0.203166127,-0.221776776,9.804123402,-0.019011698,-0.012705988,0.073028884,0.090285814,-0.45094721,-0.460202917,0.547284901,0.534171462,3.056083679,-1.548098266,-1.826831281,-12.31875038,-51.58125305,-37.5,143.9825365,0.158538818,991.7524414,,88.62298061099999,24.3757118,Pothole,,-0.292402935,9.99434166,-0.810688305,-29.36250114,-67.59375,-57.00000381,-0.020647229,0.075014195,0.090896679,-0.292402935,9.99434166,-0.810688305,18.631642261256147,32,83,18,21
5.69,-0.711783648,0.294632912,-0.913438976,-0.225261711,9.804044247,-0.018926683,0.030909758,-0.029596398,-0.014416408,-0.450855643,-0.460277796,0.547384232,0.534082413,3.057778239,-1.547742009,-1.825161815,-14.66250038,-52.33125305,-37.85625076,144.1181505,,,,88.62298086999999,24.3757118,Pothole,,-0.9241081,9.647860909,-0.614476845,-31.68750191,-68.34375,-57.35625076,0.022968516,-0.027611088,-0.013805543,-0.9241081,9.647860909,-0.614476845,18.610299554202133,32,83,18,21
5.7,-0.234173208,-0.172818184,0.030509636,-0.216601476,9.804243565,-0.016257963,0.031001388,0.028405212,-0.107970349,-0.450933009,-0.460098669,0.547131449,0.534430385,3.066671252,-1.548646986,-1.816467166,-14.77500057,-50.62500381,-36.73125076,144.0370309,,,,88.622981129,24.3757118,Pothole,,0.061016984,10.05105162,0.511465836,-31.81875038,-66.63750458,-56.23125076,0.023060146,0.030390523,-0.107359484,0.061016984,10.05105162,0.511465836,18.61776014996249,32,83,18,21
5.71,0.267657526,0.099086285,0.744729966,-0.21737086,9.804225445,-0.017424001,-0.033964082,-0.005161807,0.021624613,-0.450944737,-0.460081771,0.547181487,0.534383774,3.06161654,-1.548557103,-1.821529388,-15.30000019,-49.78125381,-35.19375229,144.7409126,,,,88.622981388,24.3757118,Pothole,,0.202911353,9.652167892,0.486221556,-32.34375,-65.8125,-54.69375229,-0.041905324,-0.003176497,0.022235478,0.202911353,9.652167892,0.486221556,18.62927225205156,32,83,18,21
5.72,0.242763519,-0.215291977,-0.018345477,-0.225076661,9.804050446,-0.018142769,-0.00537561,0.032467463,0.110077834,-0.450712472,-0.460166126,0.547469497,0.534212053,3.061158657,-1.547766209,-1.822251678,-13.61250019,-47.00625229,-33.61875153,144.4277469,0.229873657,991.7440186,,88.62298164699999,24.3757118,Pothole,,-0.909272596,9.659825087,-0.492323257,-30.65625191,-63.01875305,-53.11875153,-0.013316852,0.034452773,0.110688698,-0.909272596,9.659825087,-0.492323257,18.614385593271063,32,83,18,21
5.73,-1.008301049,-0.206812382,-0.646023959,-0.230764307,9.803918839,-0.017860944,0.025809037,0.011911863,-0.01084285,-0.450511932,-0.460243851,0.547668964,0.534109831,3.064349174,-1.547193587,-1.819285572,-14.79375076,-51.54375076,-36.5625,144.6500603,,,,88.62298190599999,24.3757118,Pothole,,-1.334237921,9.464092064,-0.570448926,-31.81875038,-67.57500458,-56.06250381,0.017867795,0.013897174,-0.010231985,-1.334237921,9.464092064,-0.570448926,18.62387400785857,32,83,18,21
5.74,-1.048145354,0.06709528,-0.135600552,-0.226792611,9.804008007,-0.019100228,-0.023212862,-0.031551166,-0.074281158,-0.450568944,-0.460046262,0.547650099,0.534251273,3.057552338,-1.547586083,-1.826344252,-13.93125057,-50.41875076,-35.23125076,145.0551979,,,,88.622982165,24.3757118,Pothole,,-0.68243302,9.901021385,0.425922433,-30.97500038,-66.45000458,-54.73125076,-0.031154104,-0.029565855,-0.073670293,-0.68243302,9.901021385,0.425922433,18.633831285768224,32,83,18,21
5.75,0.216344364,-0.086297989,0.515435994,-0.223058134,9.804092407,-0.020253335,-0.017104214,0.090255272,-0.014172063,-0.450546607,-0.45978336,0.547697037,0.534448266,3.051042557,-1.547953367,-1.833383739,-10.72500038,-51.03750229,-35.17500305,145.4254217,,,,88.622982424,24.3757118,Pothole,,-0.011365907,9.65264678,0.396610349,-27.76875114,-67.05000305,-54.67500305,-0.025045456,0.092240582,-0.013561199,-0.011365907,9.65264678,0.396610349,18.63756211812583,32,83,18,21
5.76,-0.284569256,-0.092796326,0.055821575,-0.223206922,9.804085255,-0.021986823,-0.026725334,0.04535671,-0.003665188,-0.45040606,-0.459549457,0.547900259,0.534559637,3.043399692,-1.547924697,-1.841720939,-14.66250038,-52.33125305,-37.85625076,144.1181505,0.280075073,991.7380981,,88.62298268299999,24.3757118,Pothole,,-0.516371131,9.351629639,-0.363709047,-31.68750191,-68.34375,-57.35625076,-0.034666576,0.047342021,-0.003054324,-0.516371131,9.351629639,-0.363709047,18.60562898071311,32,83,18,21
5.77,-0.166247986,-0.257624149,-0.623404264,-0.218525544,9.804180145,-0.026180734,-0.029810201,0.033444846,-0.055955215,-0.450491086,-0.459182248,0.547990292,0.534711212,3.022325277,-1.548351109,-1.863318384,-15.18750095,-50.62500381,-36.07500076,144.5266106,,,,88.622982942,24.3757118,Pothole,,-0.345045024,9.658867836,-0.514456862,-32.23125076,-66.65625,-55.57500076,-0.037751444,0.035430157,-0.055344349,-0.345045024,9.658867836,-0.514456862,18.63691551112039,32,83,18,21
5.78,0.715483338,0.047708988,-0.262243524,-0.217779294,9.804187298,-0.029396472,-0.019700389,0.024740024,0.00198531,-0.450608999,-0.459088296,0.548034281,0.534647435,3.0074296,-1.54838568,-1.878169119,-13.36875057,-50.86875153,-37.85625076,143.3435758,,,,88.622983201,24.3757118,Pothole,,0.72502525,9.932606697,-0.200398896,-30.41250038,-66.8812561,-57.35625076,-0.027641631,0.026725334,0.002596175,0.72502525,9.932606697,-0.200398896,18.619601790188103,32,83,18,21
5.79,-0.106709585,0.152348518,0.02943711,-0.22497876,9.804021835,-0.03059534,-0.010262528,-0.031551165,0.102625284,-0.450569093,-0.459318697,0.54817611,0.534337699,3.006429672,-1.54764235,-1.878811717,-16.57500076,-50.26875305,-35.85000229,144.5047979,,,,88.62298346,24.3757118,Pothole,,-0.370408946,9.566026306,-0.205304177,-33.61875153,-66.30000305,-55.35000229,-0.01820377,-0.029565855,0.103236149,-0.370408946,9.566026306,-0.205304177,18.61028520063007,32,83,18,21
5.8,-0.240080573,-0.337994099,-0.24954848,-0.230440013,9.80389452,-0.030614679,-0.006963859,0.037476554,0.03555233,-0.450341105,-0.459340394,0.548411846,0.534269303,3.009514809,-1.547087967,-1.87610054,-14.79375076,-50.55000305,-35.71875,144.7548835,0.272155762,991.7391357,,88.62298371899999,24.3757118,Pothole,,-1.250967681,9.867521858,-0.087577308,-31.83750153,-66.5625,-55.21875381,-0.014905101,0.039461866,0.036163194,-1.250967681,9.867521858,-0.087577308,18.618342391652003,32,83,18,21
5.81,-1.118532121,0.198745728,0.017911149,-0.231591806,9.803855419,-0.034409529,-0.041844238,-0.007483094,-0.042149669,-0.450350791,-0.459192187,0.548589468,0.534206212,2.994082808,-1.54691875,-1.891789317,-13.85625076,-48.26250076,-35.58750153,143.5959107,,,,88.622983978,24.3757118,Pothole,,-0.412163704,9.675976515,-0.143569357,-30.90000153,-64.27500153,-55.08750153,-0.04978548,-0.005497784,-0.041538805,-0.412163704,9.675976515,-0.143569357,18.63918986238246,32,83,18,21
5.82,-0.025439218,0.191703796,-0.133888818,-0.227783628,9.803936958,-0.036239898,-0.008796453,0.079381878,-0.036285368,-0.450253874,-0.458811253,0.548731238,0.534469545,2.983813524,-1.54727459,-1.902943969,-16.08750153,-50.41875076,-35.85000229,144.5854593,,,,88.622984237,24.3757118,Pothole,,-0.493400026,9.88140049,-0.273738909,-33.11250305,-66.45000458,-55.35000229,-0.016737695,0.081367188,-0.035674503,-0.493400026,9.88140049,-0.273738909,18.619699265276434,32,83,18,21
5.83,-0.065247849,-0.174020767,-0.598038882,-0.221915036,9.804066181,-0.03774309,-0.00989601,0.092943079,-0.072082043,-0.450177431,-0.45837301,0.548824817,0.534813762,2.973072648,-1.547839761,-1.914640069,-14.13750076,-53.00625229,-38.77500153,143.8138764,,,,88.622984496,24.3757118,Pothole,,-0.426400995,9.518648338,-0.837487924,-31.18125153,-69.0375061,-58.27500153,-0.017837252,0.09492839,-0.071471179,-0.426400995,9.518648338,-0.837487924,18.61314756220995,32,83,18,21
5.84,-0.054389626,-0.252987862,-0.80532524,-0.216479063,9.804170132,-0.042012846,-0.02489274,0.000916,-0.047036587,-0.45036447,-0.458070725,0.548824698,0.534915388,2.949888229,-1.54830724,-1.938040793,-14.58750057,-51.00000381,-34.875,145.6347629,0.235153198,991.7433472,,88.62298475499999,24.3757118,Pothole,,0.357726987,9.292526722,-0.797408149,-31.63125038,-67.01250458,-54.37500381,-0.032833982,0.002901608,-0.046425722,0.357726987,9.292526722,-0.797408149,18.625336034172665,32,83,18,21
5.85,0.645883635,-0.358664513,-0.366781875,-0.218562804,9.804123402,-0.042196605,0.014538582,0.007177661,0.041050113,-0.450359315,-0.458152965,0.548852831,0.534820408,2.950843334,-1.548094392,-1.936940968,-13.36875057,-50.56875229,-34.44375229,145.7401584,,,,88.622985014,24.3757118,Pothole,,0.218703987,9.447821045,-0.198604278,-30.39375114,-66.58125305,-53.94375229,0.00659734,0.009162972,0.041660978,0.218703987,9.447821045,-0.198604278,18.60960582475112,32,83,18,21
5.86,0.456001282,-0.291448593,-0.011919972,-0.22687389,9.803936005,-0.041964237,-0.005497783,0.031367906,0.119973843,-0.450140893,-0.458331972,0.549089372,0.534608126,2.958692074,-1.54726696,-1.929158688,-15.58125019,-49.25625229,-35.66250229,144.094717,,,,88.622985273,24.3757118,Pothole,,0.1154537,9.803992748,-0.095712903,-32.625,-65.26875305,-55.16250229,-0.013439025,0.033353217,0.120584705,0.1154537,9.803992748,-0.095712903,18.60303453312434,32,83,18,21
5.87,-0.169593945,0.234335899,-0.089310467,-0.234944239,9.803733826,-0.044509653,-0.032681265,-0.005955932,0.077427112,-0.450001135,-0.458424896,0.549386382,0.534340858,2.954389691,-1.546407521,-1.933537364,-16.44375038,-48.80625153,-35.08125305,144.2919465,,,,88.622985532,24.3757118,Pothole,,-0.872901702,9.91154995,-0.443150741,-33.46875,-64.8187561,-54.58125305,-0.040622508,-0.003970621,0.078037976,-0.872901702,9.91154995,-0.443150741,18.60515518887642,32,83,18,21
5.88,-0.513406128,0.001467228,-0.621200502,-0.236659244,9.803687096,-0.045747293,0.015149446,0.066920237,-0.037018405,-0.449838594,-0.45826897,0.549596012,0.534395874,2.950642705,-1.546213984,-1.937869132,-12.18750095,-51.54375076,-35.96250153,145.0961996,0.142684937,991.7542725,,88.62298579099999,24.3757118,Pothole,,-0.785802948,9.969456482,-0.556570542,-29.23125076,-67.57500458,-55.46250153,0.007208204,0.068905547,-0.036407541,-0.785802948,9.969456482,-0.556570542,18.605121833558304,32,83,18,21
5.89,-0.468657285,0.316080093,-0.286134467,-0.231588207,9.803805828,-0.046297401,-0.009040799,0.049571676,-0.060597786,-0.449794739,-0.457954869,0.549622625,0.534674644,2.944264889,-1.546711326,-1.944914043,-15.33750057,-51.13125229,-37.51875305,143.7297692,,,,88.62298605,24.3757118,Pothole,,-0.008374878,10.01815033,-0.229112767,-32.36250305,-67.14375305,-57.01875305,-0.016982041,0.051556987,-0.059986921,-0.008374878,10.01815033,-0.229112767,18.606076107740485,32,83,18,21
5.9,0.255391479,0.068677425,-0.176353641,-0.228187047,9.803875923,-0.048413392,-0.015882484,0.043065966,-0.014202606,-0.449790329,-0.457672074,0.549700439,0.534840494,2.932529092,-1.547007442,-1.957183003,-14.19375038,-51.75000381,-36.80625153,144.5783501,,,,88.622986309,24.3757118,Pothole,,0.121076825,9.653125191,-0.331166658,-31.23750114,-67.78125,-56.30625153,-0.023823727,0.045051278,-0.013591742,0.121076825,9.653125191,-0.331166658,18.60555308690597,32,83,18,21
5.91,0.540709421,0.070727348,-0.439523712,-0.231173001,9.803797722,-0.049899638,-0.006108648,0.050915579,0.051190468,-0.449656591,-0.457591355,0.549906075,0.534810632,2.929007053,-1.546679616,-1.961098731,-13.12500095,-51.31875229,-36.375,144.6707863,,,,88.62298656799999,24.3757118,Pothole,,0.007657033,9.878529167,-0.509192657,-30.16875076,-67.3500061,-55.87500381,-0.01404989,0.05290089,0.051801333,0.007657033,9.878529167,-0.509192657,18.62563498979212,32,83,18,21
5.92,0.026956506,-0.176961899,-0.681882441,-0.236219414,9.803668976,-0.051620645,-0.00122173,0.034208427,0.047189304,-0.449512392,-0.457583338,0.550146669,0.534691274,2.926450133,-1.546138883,-1.96393007,-13.61250019,-49.50000381,-35.38125229,144.44385,0.031707764,991.767395,,88.62298682699999,24.3757118,Pothole,,-0.305084892,9.421738863,-0.866201788,-30.65625191,-65.51250458,-54.88125229,-0.009162972,0.036193738,0.047800169,-0.305084892,9.421738863,-0.866201788,18.60727520337596,32,83,18,21
5.93,-0.497786313,0.087430954,-0.818244159,-0.239838779,9.803566933,-0.054059461,-0.013439025,-0.008216131,0.039950557,-0.449474484,-0.457577348,0.550319314,0.534550548,2.919898272,-1.545721531,-1.970556617,-14.98125076,-50.79375076,-36.05625153,144.6307318,,,,88.622987086,24.3757118,Pothole,,-0.91788677,9.840722275,-0.679083073,-32.02500153,-66.80625153,-55.55625153,-0.021380268,-0.00623082,0.040561421,-0.91788677,9.840722275,-0.679083073,18.613824539547373,32,83,18,21
5.94,-0.471723527,-0.029299259,-0.488168851,-0.244394496,9.803447723,-0.0553692,0.009040799,0.039675667,0.036163194,-0.449385062,-0.457625642,0.550490171,0.53440845,2.918791056,-1.545240164,-1.971735716,-16.61250114,-50.19375229,-34.85625076,145.2225704,,,,88.622987345,24.3757118,Pothole,,-0.359880519,9.75984478,-0.065084777,-33.63750076,-66.2250061,-54.35625076,0.001099556,0.041660978,0.036774059,-0.359880519,9.75984478,-0.065084777,18.635866842335684,32,83,18,21
5.95,-0.202548712,0.336610317,0.161448475,-0.247982681,9.803359509,-0.055092441,-0.017867795,0.067653273,0.026572618,-0.449079156,-0.457494482,0.550765276,0.53449446,2.922985315,-1.544891536,-1.968343616,-13.44375038,-50.28750229,-33.97500229,145.9564406,,,,88.62298760399999,24.3757118,Pothole,,-0.753739126,10.0707922,0.039481572,-30.48750114,-66.3187561,-53.47500229,-0.025809037,0.069638585,0.027183483,-0.753739126,10.0707922,0.039481572,18.618948627162293,32,83,18,21
5.96,-0.556682497,-0.317802906,-0.277431503,-0.243166342,9.803462982,-0.057945767,-0.026389359,0.10015128,-0.089186258,-0.448979855,-0.457005858,0.550947964,0.534807473,2.907610059,-1.545302808,-1.984806299,-14.81250095,-51.61875153,-36.16875076,144.9814497,0.010559082,991.7700195,,88.62298786299999,24.3757118,Pothole,,-0.662333316,9.417671394,-0.733639413,-31.83750153,-67.6312561,-55.66875076,-0.034330601,0.102136591,-0.088575393,-0.662333316,9.417671394,-0.733639413,18.62668249733911,32,83,18,21
5.97,-0.322521828,-0.099620819,-0.735565692,-0.239949957,9.803520203,-0.06165392,-0.013683371,0.011942406,-0.005864302,-0.449037224,-0.45670566,0.55104807,0.534912616,2.89009285,-1.545530021,-2.002773166,-16.35000038,-50.86875153,-35.64375305,144.9810569,,,,88.622988122,24.3757118,Pothole,,0.030628133,9.418149948,-0.627398098,-33.39375305,-66.8812561,-55.14375305,-0.021624613,0.013927717,-0.005253438,0.030628133,9.418149948,-0.627398098,18.606854462352032,32,83,18,21
5.98,0.682069242,-0.147222519,-0.130185544,-0.244867623,9.803395271,-0.062135521,0.005345067,0.079106988,0.066889694,-0.448810682,-0.456675753,0.551300317,0.534868389,2.893085241,-1.545033216,-2.000247955,-12.41250038,-51.67500305,-37.85625076,143.7741129,,,,88.622988381,24.3757118,Pothole,,0.201595305,10.180264,0.23868406,-29.45625114,-67.6875,-57.35625076,-0.002596175,0.0810923,0.067500558,0.201595305,10.180264,0.23868406,18.60762030340057,32,83,18,21
5.99,-0.017039105,-0.045917034,0.267454602,-0.249271601,9.803266525,-0.064977162,-0.038240135,0.040408704,0.039095346,-0.448655635,-0.456562594,0.551597565,0.534788549,2.886601925,-1.544525802,-2.00722003,-16.5,-50.55000305,-36.31875229,144.3038197,,,,88.62298863999999,24.3757118,Pothole,,-0.162233373,9.452127838,-0.115334049,-33.54375076,-66.5625,-55.81875229,-0.046181377,0.042394015,0.039706211,-0.162233373,9.452127838,-0.115334049,18.601507476281917,32,83,18,21
6.0,-0.17341648,0.05202961,-0.504127741,-0.25035581,9.803206444,-0.069659598,-0.057665634,0.027091852,0.037018406,-0.448610932,-0.456303805,0.551861823,0.534774363,2.870214939,-1.544293046,-2.024165154,-15.33750057,-50.85000229,-36.30000305,144.4783122,0.010559082,991.7701416,,88.62298889899999,24.3757118,Pothole,,-1.138026422,10.15848923,-0.863808954,-32.38125229,-66.86250305,-55.80000305,-0.065606878,0.029077163,0.037629271,-1.138026422,10.15848923,-0.863808954,18.606539009128785,32,83,18,21
6.01,-0.811814725,0.189768314,-0.884747505,-0.257569164,9.802999973,-0.072382491,0.040317074,0.031154105,0.040775224,-0.448533893,-0.456409335,0.552107662,0.534495056,2.867624044,-1.543509722,-2.02669096,-14.17500019,-47.23125076,-33.20625305,144.8906029,,,,88.622989158,24.3757118,Pothole,,-0.416949344,9.007781029,-0.839282542,-31.21875191,-63.24375153,-52.70625305,0.032375834,0.033139417,0.04138609,-0.416949344,9.007781029,-0.839282542,18.61078354372705,32,83,18,21
6.02,-0.612569891,-0.336552143,-0.337848447,-0.257760808,9.803022385,-0.068435196,0.019669846,0.080481433,-0.047647454,-0.448105425,-0.456198156,0.552291036,0.534845203,2.882077217,-1.543598413,-2.013418555,-15.67500019,-51.11250305,-38.15625,143.2581089,,,,88.622989417,24.3757118,Pothole,,-1.370130238,9.627282524,0.189032985,-32.71875,-67.14375305,-57.65625381,0.011728603,0.082466744,-0.047036589,-1.370130238,9.627282524,0.189032985,18.60651004211389,32,83,18,21
6.03,-0.321902603,-0.179993153,0.119080406,-0.248311147,9.803217411,-0.075081632,-0.099326614,0.106504273,-0.106168298,-0.448185995,-0.45546402,0.5524607,0.535227925,2.847859144,-1.544336557,-2.04884398,-15.84375095,-52.40625381,-38.85000229,143.4495804,,,,88.62298967599999,24.3757118,Pothole,,-0.041874398,9.683753252,-0.287138712,-32.86875153,-68.41875458,-58.35000229,-0.107267855,0.108489585,-0.105557434,-0.041874398,9.683753252,-0.287138712,18.602680009092666,32,83,18,21
6.04,0.487709887,0.15246582,-0.592042208,-0.249149837,9.803147316,-0.081368003,-0.014355322,-0.000611,0.07498365,-0.448288336,-0.455254644,0.552671969,0.535102278,2.825896859,-1.54406637,-2.071000457,-14.47500038,-52.70625305,-36.0,145.6657163,0.010559082,991.7701416,,88.62298993499999,24.3757118,Pothole,,0.426879551,9.377950478,-0.829352343,-31.50000191,-68.71875,-55.50000381,-0.022296565,0.001374446,0.075594516,0.426879551,9.377950478,-0.829352343,18.6035560369135,32,83,18,21
6.05,0.36439763,-0.284209251,-0.416797437,-0.259452596,9.802921295,-0.076166525,0.064629493,0.071074114,0.115209098,-0.447781384,-0.455506861,0.552939326,0.535035878,2.856010556,-1.54321754,-2.041345716,-14.94375038,-49.98750305,-34.65000153,145.2713341,,,,88.622990194,24.3757118,Pothole,,-0.974357405,9.840722466,-0.044985063,-31.98750114,-66.0,-54.15000153,0.056688251,0.073059425,0.115819964,-0.974357405,9.840722466,-0.044985063,18.61664771315736,32,83,18,21
6.06,-1.085339576,-0.272911072,-0.040062517,-0.263626933,9.802773952,-0.080609865,-0.060719958,0.048594293,-0.012583814,-0.447630689,-0.455295905,0.553305387,0.534963131,2.844820261,-1.54268229,-2.053197145,-14.98125076,-52.46250153,-37.05000305,144.7695442,,,,88.622990453,24.3757118,Pothole,,-0.85184484,9.340383053,-0.444466826,-32.02500153,-68.49375153,-56.55000305,-0.068661202,0.050579604,-0.011972949,-0.85184484,9.340383053,-0.444466826,18.60584595983277,32,83,18,21
6.07,-1.46391511,-0.535845757,-0.442013085,-0.260725617,9.802806854,-0.085961238,-0.044898562,0.021074835,-0.055283263,-0.447672129,-0.454900742,0.553496718,0.535066724,2.823115349,-1.542801142,-2.075552702,-17.17500114,-50.21250153,-34.20000076,145.7410154,,,,88.62299071199999,24.3757118,Pothole,,-1.015513903,9.619625664,-0.58193447,-34.20000076,-66.24375153,-53.70000076,-0.052839804,0.023060146,-0.054672398,-1.015513903,9.619625664,-0.58193447,18.61144857934272,32,83,18,21
6.08,-0.281583145,-0.214702606,-0.368331876,-0.260042697,9.802833557,-0.084979981,0.035918849,0.08610139,0.006352993,-0.447554663,-0.454802692,0.553545833,0.535197437,2.825742483,-1.5428949,-2.073321104,-11.34375,-53.38125229,-36.31875229,145.7699877,0.071334839,991.7628784,,88.622990971,24.3757118,Pothole,,-0.057906306,9.908678436,0.205782749,-28.38750076,-69.4125061,-55.81875229,0.027977607,0.088086701,0.006963858,-0.057906306,9.908678436,0.205782749,18.61624617125119,32,83,18,21
6.09,-0.075872213,0.515636444,0.474807248,-0.264774561,9.802711487,-0.084401134,-0.041996952,0.054825115,0.053908817,-0.447190493,-0.454680145,0.55386433,0.535276502,2.833021522,-1.542455792,-2.066931486,-14.11875057,-50.51250076,-37.01250076,143.7682969,,,,88.62299123,24.3757118,Pothole,,-0.656231601,9.872786045,-0.086141609,-31.16250038,-66.54375458,-56.51250076,-0.049938196,0.056810424,0.054519682,-0.656231601,9.872786045,-0.086141609,18.62295799554884,32,83,18,21
6.1,-0.542651832,-0.356712818,-0.782077655,-0.261224091,9.802761555,-0.089527339,-0.035307984,0.132282768,-0.088453222,-0.447026014,-0.454054132,0.554214329,0.53558287,2.81136167,-1.542633057,-2.090043545,-17.77500153,-47.32500076,-34.16250229,144.175609,,,,88.622991489,24.3757118,Pothole,,-1.254796195,9.106126022,-1.552463317,-34.81875229,-63.33750153,-53.66250229,-0.043249227,0.13426808,-0.087842356,-1.254796195,9.106126022,-1.552463317,18.5962147430582,32,83,18,21
6.11,-0.558077052,-0.655539989,-1.627847791,-0.249103874,9.803051472,-0.092285536,0.021746786,0.067164582,-0.132191138,-0.447121352,-0.453430325,0.554167539,0.536079943,2.786757469,-1.543701649,-2.115628839,-12.20625019,-50.90625381,-35.94375229,144.7749512,,,,88.62299174799999,24.3757118,Pothole,,-0.010528418,9.194181824,-1.287817132,-29.23125076,-66.91875458,-55.44375229,0.013805544,0.069149894,-0.131580272,-0.010528418,9.194181824,-1.287817132,18.62605519471965,32,83,18,21
6.12,0.620748043,-0.18563652,-0.457273018,-0.248766951,9.803055286,-0.092782129,0.008399391,-0.012675445,0.047494738,-0.447146565,-0.453412578,0.554166615,0.536074936,2.784573078,-1.543720007,-2.11780262,-14.47500038,-52.29375076,-39.76875305,142.7474586,0.134750366,991.7554932,,88.622992007,24.3757118,Pothole,,0.530010216,9.454042196,-0.071186475,-31.51875114,-68.30625153,-59.26875305,0.000458,-0.010690134,0.0481056,0.530010216,9.454042196,-0.071186475,18.61882864647032,32,83,18,21
6.13,0.972387433,-0.017920971,0.061211016,-0.261202782,9.802729607,-0.092985753,-0.004764745,0.086223564,0.148562315,-0.446742088,-0.453563675,0.554614812,0.535820723,2.799566984,-1.542517781,-2.103256583,-16.25625038,-52.74375153,-37.5,144.5877556,,,,88.622992266,24.3757118,Pothole,,0.057906334,9.835936928,-0.137348022,-33.30000305,-68.7562561,-57.00000381,-0.012705987,0.088208875,0.149173184,0.057906334,9.835936928,-0.137348022,18.59685597888739,32,83,18,21
6.14,-0.732899129,0.025575638,-0.479979008,-0.268263817,9.802519798,-0.094978213,-0.012705987,0.065454162,0.03762927,-0.446479052,-0.453508556,0.554984331,0.535704017,2.801316977,-1.541772366,-2.102080822,-13.78125095,-51.24375153,-36.0,144.9110121,,,,88.62299252499999,24.3757118,Pothole,,-1.104048383,9.517213058,-1.442393494,-30.82500076,-67.2562561,-55.50000381,-0.020647229,0.06743947,0.038240135,-1.104048383,9.517213058,-1.442393494,18.62865577585496,32,83,18,21
6.15,-0.929301441,-0.142180443,-1.49208796,-0.266150624,9.802557945,-0.096964262,0.009773836,0.020311254,-0.043065966,-0.446434796,-0.453251481,0.555097282,0.535841465,2.792217374,-1.541908205,-2.111736894,-13.12500095,-48.90000153,-34.21875,145.0168283,,,,88.62299278399999,24.3757118,Pothole,,-0.996610627,10.26461077,-1.231107265,-30.16875076,-64.9125061,-53.71875381,0.001832594,0.022296564,-0.042455102,-0.996610627,10.26461077,-1.231107265,18.63091367478457,32,83,18,21
6.16,-0.361381501,0.206438065,-0.67885536,-0.264548779,9.802609921,-0.096146069,0.046303551,0.043096511,-0.02357938,-0.446389228,-0.453175798,0.55508551,0.535955578,2.793012857,-1.542088449,-2.111164451,-17.00625038,-52.74375153,-37.5,144.5877556,0.113616943,991.7579346,,88.622993043,24.3757118,Pothole,,0.239760829,9.973763466,0.124426787,-34.05000305,-68.7562561,-57.00000381,0.038362308,0.04508182,-0.022968516,0.239760829,9.973763466,0.124426787,18.59708537585875,32,83,18,21
6.17,0.324077606,0.580303669,0.676405504,-0.266126961,9.802600384,-0.092729822,-0.003909534,0.081092301,0.038484481,-0.446055517,-0.453097358,0.555222005,0.536158353,2.806299567,-1.542055309,-2.098633885,-17.88750076,-50.23125076,-33.54375076,146.2655361,,,,88.622993302,24.3757118,Pothole,,0.016271186,10.11685429,0.280438812,-34.91250229,-66.24375153,-53.04375076,-0.011850777,0.083077609,0.039095345,0.016271186,10.11685429,0.280438812,18.606417308329554,32,83,18,21
6.18,0.082930267,0.162267208,-0.303307068,-0.265674397,9.802585602,-0.095522571,-0.040775225,0.138055438,-0.024587307,-0.445766509,-0.452618703,0.555591524,0.536420166,2.796436429,-1.542003334,-2.109903574,-14.70000076,-52.18125153,-35.83125305,145.5238169,,,,88.62299356099999,24.3757118,Pothole,,-1.212562904,9.969097376,-1.171286687,-31.74375153,-68.1937561,-55.33125305,-0.048716467,0.14004075,-0.023976442,-1.212562904,9.969097376,-1.171286687,18.62835753160872,32,83,18,21
6.19,-0.659409955,0.096224785,-1.568063855,-0.2660546,9.802535534,-0.099462405,0.007574723,-0.001618792,-0.008796453,-0.445796311,-0.452443972,0.555751264,0.536377341,2.783839107,-1.541828871,-2.122763872,-16.25625038,-52.12500381,-36.95625305,144.6636333,,,,88.62299381999999,24.3757118,Pothole,,-0.451286355,9.545926476,-1.519920957,-33.30000305,-68.15625,-56.45625305,-0.000367,0.000367,-0.008185588,-0.451286355,9.545926476,-1.519920957,18.626808172516142,32,83,18,21
6.2,-0.128207527,0.34354353,-0.288841128,-0.272308394,9.802406311,-0.095143113,0.058398673,-0.008826996,0.076480271,-0.445530921,-0.452705622,0.555825025,0.5363006,2.805400968,-1.541378617,-2.101204753,-17.15625,-49.18125153,-33.22500229,145.9585204,0.116256714,991.7575073,,88.622994079,24.3757118,Pothole,,-0.732203756,10.35194874,0.277567424,-34.18125153,-65.21250153,-52.72500229,0.050457432,-0.006841686,0.077091136,-0.732203756,10.35194874,0.277567424,18.60497345187079,32,83,18,21
6.21,-0.993760049,-0.426869392,0.934056342,-0.277298301,9.802302361,-0.091453992,0.019394957,0.115148014,0.007788525,-0.445173383,-0.452777028,0.555995703,0.536360323,2.823021889,-1.541018128,-2.084101915,-13.35000038,-54.31875229,-36.76875305,145.9056469,,,,88.622994338,24.3757118,Pothole,,-0.569013214,9.250173759,0.669511783,-30.39375114,-70.33125305,-56.26875305,0.011453715,0.117133326,0.008399391,-0.569013214,9.250173759,0.669511783,18.60659053536952,32,83,18,21
6.22,-0.460051566,0.035759449,0.634883463,-0.274046391,9.802366257,-0.094278492,-0.091751889,0.105526888,-0.054611312,-0.444903836,-0.452185765,0.556327671,0.536738396,2.810259342,-1.541238129,-2.098442793,-15.03750038,-54.22500229,-39.82500076,143.7049577,,,,88.62299459699999,24.3757118,Pothole,,-1.131805095,10.30875874,-0.364187607,-32.08125305,-70.2562561,-59.32500076,-0.099693131,0.1075122,-0.054000446,-1.131805095,10.30875874,-0.364187607,18.61354948618113,32,83,18,21
6.23,-0.279561833,0.072350502,-0.8831065,-0.266377941,9.802510738,-0.101030875,0.008674279,0.15476259,-0.102258763,-0.444911167,-0.451452926,0.556571394,0.537096381,2.77903378,-1.541742206,-2.131002069,-14.75625038,-53.34375381,-38.0625,144.4909101,,,,88.62299485599999,24.3757118,Pothole,,0.054436715,9.656235695,-1.56191498,-31.80000114,-69.35625458,-57.56250381,0.000733,0.156747901,-0.101647899,0.054436715,9.656235695,-1.56191498,18.61851282715002,32,83,18,21
6.24,-0.068785757,0.522542,-1.122818619,-0.262718797,9.802624226,-0.099629246,0.045051278,-0.019547673,0.017867794,-0.444811448,-0.451258853,0.556561232,0.537352622,2.779117703,-1.542141318,-2.131460786,-14.56875038,-54.16875076,-38.19375229,144.8127841,0.137390137,991.755188,,88.622995115,24.3757118,Pothole,,-0.200997104,9.803872871,-0.747996354,-31.61250114,-70.18125153,-57.69375229,0.037110035,-0.017562362,0.01847866,-0.200997104,9.803872871,-0.747996354,18.624159813604034,32,83,18,21
6.25,0.459835261,-0.481963634,-0.2828032,-0.262057066,9.802670002,-0.096879136,0.02150244,0.110535981,-0.007086031,-0.444549769,-0.451113224,0.55664894,0.537600517,2.787488103,-1.542302966,-2.123836398,-15.99375057,-52.12500381,-37.61250305,144.186434,,,,88.622995374,24.3757118,Pothole,,-0.3981657,9.620104027,-0.066999029,-33.03750229,-68.13750458,-57.11250305,0.013561198,0.112521292,-0.006475167,-0.3981657,9.620104027,-0.066999029,18.614396475748563,32,83,18,21
6.26,-0.087351531,-0.052912712,-0.241544902,-0.262837365,9.802613258,-0.100356564,-0.042913251,0.077579828,0.005650499,-0.444400534,-0.450797424,0.556940407,0.537686855,2.776857495,-1.542102873,-2.1353122,-17.4375,-51.15000153,-37.5,143.753448,,,,88.62299563299999,24.3757118,Pothole,,0.272781789,9.474381208,-0.929013394,-34.48125076,-67.1625061,-57.00000381,-0.050854493,0.079565139,0.006261364,0.272781789,9.474381208,-0.929013394,18.618282995251224,32,83,18,21
6.27,-0.345817298,-0.089194298,-1.149915934,-0.265700087,9.802517414,-0.102233067,0.008185588,0.047739083,0.026389359,-0.444228277,-0.450645402,0.557194442,0.537693501,2.774264336,-1.541761816,-2.138495564,-17.30625153,-51.07500076,-36.48750305,144.4583412,,,,88.62299589199999,24.3757118,Pothole,,-0.68913293,9.863215065,-1.201196957,-34.35000229,-67.08750153,-55.98750305,0.000244,0.049724392,0.027000224,-0.68913293,9.863215065,-1.201196957,18.62977156915661,32,83,18,21
6.28,0.163817137,0.184262276,-0.833677948,-0.270952523,9.802393913,-0.100207411,0.045692686,0.077549283,0.060842131,-0.443946987,-0.450713128,0.557379961,0.537676811,2.787360191,-1.541334033,-2.125786781,-17.45625114,-49.78125381,-35.79375076,144.283084,0.108322144,991.7584839,,88.622996151,24.3757118,Pothole,,-0.160319115,10.2508522,-0.293838622,-34.48125076,-65.8125,-55.29375076,0.037751444,0.079534594,0.061452996,-0.160319115,10.2508522,-0.293838622,18.601396070763844,32,83,18,21
6.29,-0.111383647,0.674177647,0.004783839,-0.273303211,9.802339077,-0.099248953,-0.005497783,0.039248062,0.002596176,-0.443719998,-0.450641543,0.557545304,0.537752718,2.793254733,-1.54114145,-2.120431781,-17.70000076,-51.03750229,-37.76250076,143.5023681,,,,88.62299641,24.3757118,Pothole,,-0.512064025,10.08215809,0.018544376,-34.74375153,-67.0687561,-57.26250076,-0.013439025,0.041233373,0.00320704,-0.512064025,10.08215809,0.018544376,18.61005914527773,32,83,18,21
6.3,0.080691963,0.141448021,-0.106205702,-0.267188311,9.802511692,-0.098795976,0.005009091,0.144011373,-0.090285815,-0.443484887,-0.450139701,0.5576711,0.53823632,2.787394285,-1.541744947,-2.127648473,-17.55000114,-51.61875153,-36.76875305,144.5372017,,,,88.62299666899999,24.3757118,Pothole,,-0.429750955,9.983813286,-0.38380875,-34.59375,-67.6312561,-56.26875305,-0.002932151,0.145996685,-0.08967495,-0.429750955,9.983813286,-0.38380875,18.62851417123365,32,83,18,21
6.31,-0.10682863,0.398571968,-0.283161297,-0.26387313,9.802595615,-0.099384215,0.00415388,0.019394957,0.014660755,-0.443432152,-0.449897751,0.55771479,0.538436741,2.781384468,-1.54203856,-2.134194255,-15.22500038,-48.24375153,-34.03125,144.8007716,,,,88.62299692799999,24.3757118,Pothole,,0.195732889,9.749795151,-0.294795752,-32.26875305,-64.2562561,-53.53125381,-0.003787361,0.021380267,0.01527162,0.195732889,9.749795151,-0.294795752,18.635798435059268,32,83,18,21
6.32,0.583605826,0.03156662,-0.075118899,-0.271923512,9.802405834,-0.096358541,0.036041022,0.111940971,0.115758875,-0.442984566,-0.449979618,0.558016628,0.538424015,2.800991297,-1.541372657,-2.115247846,-19.875,-53.60625076,-39.73125076,143.4553319,0.097763062,991.7596436,,88.622997187,24.3757118,Pothole,,-0.259023063,10.11805058,-0.020937198,-36.91875076,-69.63750458,-59.23125076,0.02809978,0.11392628,0.116369741,-0.259023063,10.11805058,-0.020937198,18.62046240362407,32,83,18,21
6.33,-0.664909005,0.178524017,-0.151720315,-0.277747244,9.802237511,-0.096802868,-0.015760312,0.095875228,0.023335035,-0.442562073,-0.449786395,0.558438301,0.538495719,2.806229353,-1.540797651,-2.111126661,-17.17500114,-51.99375153,-36.33750153,145.0509901,,,,88.622997446,24.3757118,Pothole,,-1.083470094,9.872307587,-0.59868423,-34.21875,-68.02500153,-55.83750153,-0.023701553,0.097860538,0.0239459,-1.083470094,9.872307587,-0.59868423,18.62128238762503,32,83,18,21
6.34,-0.749009848,0.084783554,-0.769028515,-0.273048833,9.802340984,-0.099730045,-0.008429934,0.0720515,-0.07232639,-0.442471847,-0.449308291,0.558608681,0.538792223,2.791395903,-1.541149616,-2.127001286,-14.40000057,-51.00000381,-36.28125,144.572067,,,,88.62299770499999,24.3757118,Pothole,,-0.455832697,9.941580057,-0.896710277,-31.42500114,-67.01250458,-55.78125381,-0.016371176,0.074036811,-0.071715526,-0.455832697,9.941580057,-0.896710277,18.604286880453586,32,83,18,21
6.35,0.533848464,0.488907814,-0.516678929,-0.270447999,9.802426338,-0.098425381,0.032070401,0.095142189,-0.006566796,-0.442315489,-0.449100077,0.558657408,0.539043605,2.792556524,-1.541443467,-2.126505375,-16.65000153,-52.10625076,-38.23125076,143.7318636,,,,88.62299796399999,24.3757118,Pothole,,0.137348014,10.21448135,-0.341695079,-33.69375229,-68.13750458,-57.73125076,0.024129159,0.097127499,-0.005955932,0.137348014,10.21448135,-0.341695079,18.617896494672934,32,83,18,21
6.36,0.256613076,0.342822075,-0.247151695,-0.272690445,9.802377701,-0.097070057,0.019669846,0.10015128,0.018448116,-0.442024231,-0.448979288,0.558856815,0.539176434,2.799607873,-1.541275442,-2.120204449,-17.25,-51.26250076,-37.98750305,143.4601184,0.121536255,991.7568359,,88.622998223,24.3757118,Pothole,,-0.508714072,9.326265335,-0.83509509,-34.29375076,-67.27500153,-57.48750305,0.011728604,0.10213659,0.019058981,-0.508714072,9.326265335,-0.83509509,18.6213046906582,32,83,18,21
6.37,-0.339330301,-0.445491791,-0.96801275,-0.27258271,9.802381992,-0.096934736,0.009040799,0.080481433,-0.01857029,-0.441694334,-0.448640093,0.559124231,0.539451838,2.799921513,-1.541292608,-2.121110797,-16.23750114,-51.60000229,-37.44375229,144.0333313,,,,88.622998482,24.3757118,Pothole,,-1.167697445,9.293125153,-1.125224859,-33.28125,-67.61250305,-56.94375229,0.001099557,0.082466744,-0.017959425,-1.167697445,9.293125153,-1.125224859,18.609698820145383,32,83,18,21
6.38,-0.369901076,-0.460844517,-0.931765795,-0.272665784,9.802371025,-0.097782336,0.024892739,0.073609206,0.00122173,-0.441536635,-0.448432133,0.55929485,0.539576977,2.797263384,-1.541255295,-2.124434233,-15.50625038,-52.98750305,-37.21875,144.9155579,,,,88.62299874099999,24.3757118,Pothole,,0.195254329,9.604311562,-0.652283442,-32.55000305,-69.01875305,-56.71875381,0.016951498,0.075594517,0.001832594,0.195254329,9.604311562,-0.652283442,18.61076972923797,32,83,18,21
6.39,0.60083431,0.33154583,-0.011340059,-0.277202696,9.802266121,-0.095518883,0.022601997,0.083657932,0.069272065,-0.44116886,-0.448389754,0.559535563,0.539663434,2.809740186,-1.540894389,-2.112698674,-17.58750153,-48.86250305,-35.94375229,143.6614235,,,0.854750752,88.622999,24.3757118,Pothole,,0.087577312,9.905328751,0.044506498,-34.63125229,-64.875,-55.44375229,0.014660755,0.085643243,0.06988293,0.087577312,9.905328751,0.044506498,18.61509136652418,32,83,18,21
6.4,0.203082003,-0.010258675,-0.172180217,-0.280022159,9.802200794,-0.0940294,0.008857539,0.136528278,0.02046397,-0.440765843,-0.448187172,0.559826225,0.539859533,2.817632914,-1.540671945,-2.105904341,-16.27500153,-50.26875305,-35.86875153,144.4906349,0.108322144,991.7584229,,88.622999274,24.375711826,Pothole,,-0.311665152,10.15214849,-0.561715111,-33.31875229,-66.30000305,-55.36875153,0.000916,0.138513587,0.021074834,-0.311665152,10.15214849,-0.561715111,18.60080026455291,32,83,18,21
6.41,-0.318368599,0.132726669,-0.789060861,-0.283559889,9.802098751,-0.094011687,0.012705988,0.049327331,0.030054548,-0.44049117,-0.448066711,0.560083687,0.539916605,2.821463704,-1.540327489,-2.102786303,-15.84375095,-51.56250381,-36.5625,144.6598951,,,,88.622999548,24.375711852,Pothole,,-0.365144741,9.415278435,-0.993021393,-32.88750076,-67.57500458,-56.06250381,0.004764746,0.051312642,0.030665412,-0.365144741,9.415278435,-0.993021393,18.61287753109907,32,83,18,21
6.42,-0.293425992,-0.288512707,-0.497572348,-0.281237036,9.802206039,-0.089728814,0.05864302,0.100029107,-0.032986698,-0.440141857,-0.447841957,0.560157716,0.540311038,2.832750201,-1.540689588,-2.092548728,-15.48750019,-52.66875076,-39.95625305,142.8148454,,,,88.622999822,24.375711878,Pothole,,-0.714018261,9.748837852,-0.270867525,-32.53125,-68.68125153,-59.45625305,0.050701776,0.102014419,-0.032375834,-0.714018261,9.748837852,-0.270867525,18.60844610858444,32,83,18,21
6.43,-0.0062491,0.157801628,0.13509728,-0.284638733,9.802099228,-0.090696864,-0.021227551,0.034513861,0.052992519,-0.440011531,-0.447808444,0.560339332,0.540256679,2.833125353,-1.540329337,-2.092467785,-14.41875076,-51.73125076,-40.125,142.201294,,,,88.623000096,24.375711904000003,Pothole,,0.203389923,9.799206972,0.017347963,-31.46250153,-67.74375153,-59.62500381,-0.029168793,0.03649917,0.053603384,0.203389923,9.799206972,0.017347963,18.61307610825349,32,83,18,21
6.44,0.203998879,-0.152863503,0.046105925,-0.29299131,9.801860809,-0.089756809,0.025167628,0.08597922,0.104457878,-0.439645618,-0.447867885,0.560671687,0.540160447,2.844277501,-1.539543033,-2.08186233,-12.86250019,-52.48125076,-40.66875076,142.2271932,0.079269409,991.7618408,,88.62300037,24.37571193,Pothole,,-0.599162775,9.246823692,-0.267039011,-29.90625191,-68.49375153,-60.16875076,0.017226387,0.08796453,0.105068742,-0.599162775,9.246823692,-0.267039011,18.60474446462421,32,83,18,21
6.45,-0.441013247,-0.084990978,-0.296923503,-0.299368218,9.801693916,-0.08697506,0.002932151,0.113956823,0.01612683,-0.439014897,-0.447666392,0.561122388,0.540372461,2.858850956,-1.539001405,-2.068795323,-16.76250076,-50.04375076,-38.32500076,142.5540277,,,,88.62300064399999,24.375711956,Pothole,,-1.42181524,9.949835205,-0.435493723,-33.80625153,-66.05625153,-57.82500076,-0.005009091,0.115942134,0.016737695,-1.42181524,9.949835205,-0.435493723,18.63553554215549,32,83,18,21
6.46,-0.885660946,-0.17181921,-0.578488797,-0.296411946,9.801758766,-0.089693535,-0.012064579,0.096363919,-0.077732543,-0.43885617,-0.447209701,0.561352193,0.540640771,2.847738743,-1.539211869,-2.081027389,-16.91250038,-50.90625381,-36.52500153,144.3407354,,,,88.62300091799999,24.375711982,Pothole,,-0.5611169,9.050851345,-0.90747799,-33.95625305,-66.9375,-56.02500153,-0.020005822,0.098349228,-0.077121681,-0.5611169,9.050851345,-0.90747799,18.623590904208097,32,83,18,21
6.47,-0.081258096,-0.362188339,-0.642669261,-0.29397355,9.801850319,-0.087723933,0.038362307,0.096119574,-0.009407318,-0.438550785,-0.44689317,0.561493486,0.541003436,2.851592064,-1.539506972,-2.078302503,-17.60625076,-49.80000305,-33.75,145.8740825,,,,88.62300119199999,24.375712008,Pothole,,-0.324945309,9.46217804,-0.482393047,-34.63125229,-65.8125,-53.25000381,0.030421066,0.098104884,-0.008796453,-0.324945309,9.46217804,-0.482393047,18.62690189732643,32,83,18,21
6.48,0.166072249,-0.503670692,-0.207053468,-0.298733875,9.801722527,-0.085928608,0.016371176,0.11334596,0.048013972,-0.43810609,-0.446753502,0.561820716,0.541139394,2.861509085,-1.539093435,-2.069443345,-16.125,-49.35000229,-36.01875305,143.8756676,0.07661438,991.762207,,88.62300146599999,24.375712034000003,Pothole,,-0.314895469,9.221938515,-0.333080912,-33.15000153,-65.36250305,-55.51875305,0.008429934,0.115331271,0.048624837,-0.314895469,9.221938515,-0.333080912,18.63113456234636,32,83,18,21
6.49,-0.424507558,-0.476521969,-0.608626425,-0.302593499,9.801591396,-0.087326918,-0.010384701,0.096211202,0.02932151,-0.437759519,-0.446490943,0.562204421,0.54123807,2.860633731,-1.538676858,-2.071417928,-16.70625114,-51.80625153,-37.65000153,143.9923592,,,,88.62300173999999,24.37571206,Pothole,,-0.631106965,9.308678389,-0.975673437,-33.75,-67.83750153,-57.15000153,-0.018325943,0.098196514,0.029932374,-0.631106965,9.308678389,-0.975673437,18.619252913052872,32,83,18,21
6.5,-0.688314438,-0.757263184,-1.002226353,-0.304435909,9.801532745,-0.087596923,0.024068072,0.061422454,0.009651663,-0.437561452,-0.446354449,0.562396348,0.541311443,2.861427069,-1.538490772,-2.071230412,-17.98125076,-51.54375076,-37.16250229,144.2087927,,,,88.623002014,24.375712086,Pothole,,-0.653719139,9.258309174,-0.864766097,-35.02500153,-67.57500458,-56.66250229,0.01612683,0.063407764,0.010262528,-0.653719139,9.258309174,-0.864766097,18.602434610444924,32,83,18,21
6.51,-0.165876135,-0.292384148,-0.529283851,-0.307673007,9.801455021,-0.084832232,0.042516189,0.079870571,0.045937031,-0.437259257,-0.446347907,0.56254822,0.541403174,2.872540116,-1.538246512,-2.060671806,-13.50000095,-53.73750305,-37.76250076,144.9034608,,,,88.623002288,24.375712112,Pothole,,-0.457627334,9.592826128,-0.093320082,-30.54375076,-69.76875305,-57.26250076,0.034574947,0.08185588,0.046547896,-0.457627334,9.592826128,-0.093320082,18.619960267096456,32,83,18,21
6.52,-0.310240135,-0.090910912,-0.008876413,-0.31314832,9.801296234,-0.083116442,-0.007177661,0.109802943,0.036957319,-0.436768919,-0.446188435,0.562922686,0.5415411,2.88215363,-1.537751138,-2.052225471,-17.28750038,-51.90000153,-38.64375305,143.3293321,0.066055298,991.7635498,,88.623002562,24.375712138,Pothole,,-1.09064858,9.506684113,-0.387158696,-34.3125,-67.9125061,-58.14375305,-0.015118903,0.111788254,0.037568184,-1.09064858,9.506684113,-0.387158696,18.62133251221285,32,83,18,21
6.53,-0.889170408,-0.340982914,-0.707799911,-0.314748302,9.801230907,-0.084829029,0.000122,0.101983875,-0.021868959,-0.436423138,-0.44580406,0.563299596,0.54174453,2.878333688,-1.537549555,-2.057367802,-17.28750038,-51.00000381,-36.88125229,144.1269849,,,,88.623002836,24.375712164,Pothole,,-0.945164955,9.472706413,-0.866680372,-34.33125305,-67.01250458,-56.38125229,-0.007819069,0.103969185,-0.021258094,-0.945164955,9.472706413,-0.866680372,18.626927352393285,32,83,18,21
6.54,-0.367611334,-0.000982,-0.424488366,-0.313716292,9.801280499,-0.082904622,0.036285368,0.071929328,-0.017470733,-0.436116159,-0.445548132,0.563455343,0.542040259,2.883237243,-1.537701428,-2.053484797,-14.86875057,-52.36875153,-40.14375305,142.5276953,,,,88.62300311,24.37571219,Pothole,,-0.542572521,9.707083464,-0.05623132,-31.91250038,-68.40000153,-59.64375305,0.028344126,0.073914639,-0.016859868,-0.542572521,9.707083464,-0.05623132,18.61351796004797,32,83,18,21
6.55,0.271406308,0.124792099,0.536505342,-0.314812139,9.801272392,-0.079566158,0.01404989,0.129808765,0.022601997,-0.435692281,-0.445349753,0.563661724,0.54232949,2.894032955,-1.537678897,-2.043812633,-17.41875076,-50.81250381,-40.23750305,141.6249339,,,,88.623003384,24.375712216,Pothole,,-0.093798642,10.0153986,0.604426998,-34.46250153,-66.82500458,-59.73750305,0.006108648,0.131794076,0.023212862,-0.093798642,10.0153986,0.604426998,18.60043239092891,32,83,18,21
6.56,-0.008946359,0.129136086,0.450718686,-0.317291871,9.801190376,-0.079919342,-0.024068072,0.121409375,0.023090689,-0.435283214,-0.445017859,0.564035863,0.542541355,2.894845247,-1.53742516,-2.044335365,-16.65000153,-51.39375305,-38.60625076,143.0866494,0.029067993,991.7678833,,88.62300365799999,24.375712242,Pothole,,-0.238803697,9.853165054,0.058384873,-33.67500305,-67.40625,-58.10625076,-0.032009315,0.123394685,0.023701554,-0.238803697,9.853165054,0.058384873,18.60575904801173,32,83,18,21
6.57,-0.527144074,0.002186775,-0.229066491,-0.318338364,9.801141739,-0.081620634,-0.022907429,0.129045185,0.009010255,-0.434994638,-0.444667816,0.564359188,0.542723596,2.890603065,-1.537277222,-2.049731493,-17.51250076,-51.26250076,-37.35000229,143.9228138,,,,88.62300393199999,24.375712268,Pothole,,-0.527019181,10.40877819,-0.808774047,-34.55625153,-67.29375458,-56.85000229,-0.030848671,0.131030496,0.00962112,-0.527019181,10.40877819,-0.808774047,18.608090974322707,32,83,18,21
6.58,-0.464373186,0.310365677,-0.817923456,-0.319348484,9.801102161,-0.082351871,0.024678938,0.090255272,-0.013439025,-0.434810609,-0.444480553,0.564552277,0.542823613,2.889218807,-1.537160039,-2.0517838,-16.51875114,-48.07500076,-34.6875,144.1884645,,,,88.62300420599999,24.375712294,Pothole,,-0.530728078,9.58899765,-0.798245633,-33.5625,-64.08750153,-54.18750381,0.016737695,0.092240583,-0.01282816,-0.530728078,9.58899765,-0.798245633,18.6187278793797,32,83,18,21
6.59,-0.227212235,0.136063576,-0.223552614,-0.317211717,9.801188469,-0.080417611,0.007208204,0.0571464,-0.013561198,-0.43453297,-0.444205523,0.564672232,0.543146193,2.89330864,-1.537419796,-2.04869473,-16.53750038,-52.66875076,-37.89375305,144.2659973,,,,88.62300447999999,24.37571232,Pothole,,-0.254596341,10.22835979,0.521635333,-33.58125305,-68.70000458,-57.39375305,-0.000733,0.059131711,-0.012950333,-0.254596341,10.22835979,0.521635333,18.61528273763583,32,83,18,21
6.6,0.706693619,0.426968575,0.727023065,-0.318850219,9.801130295,-0.081038143,-0.030085091,0.171958435,0.030543239,-0.434168234,-0.443865448,0.565013528,0.543360889,2.892705202,-1.537243366,-2.050568342,-18.54375076,-49.06875229,-34.74375153,144.6991147,0.034347534,991.7672119,,88.623004754,24.375712346,Pothole,,-0.008374877,9.884750366,0.389431875,-35.58750153,-65.1000061,-54.24375153,-0.038026332,0.173943747,0.031154103,-0.008374877,9.884750366,0.389431875,18.606542986800008,32,83,18,21
6.61,-0.264862053,0.294219971,-0.418374481,-0.320682764,9.80104351,-0.084210768,-0.035918849,0.149509151,0.01404989,-0.433756426,-0.443337843,0.565510213,0.543603808,2.884794235,-1.536980569,-2.060172915,-13.65000057,-50.85000229,-35.68125153,144.9428083,,,,88.623005028,24.375712372,Pothole,,-0.800159898,9.870871925,-1.194975615,-30.69375038,-66.86250305,-55.18125153,-0.043860091,0.151494463,0.014660754,-0.800159898,9.870871925,-1.194975615,18.631912215400792,32,83,18,21
6.62,-0.421409458,0.385961533,-1.476359844,-0.321085319,9.80099535,-0.088180967,-0.003420843,0.054947287,-0.003420843,-0.43362534,-0.44299072,0.565800339,0.543689489,2.873569727,-1.536835551,-2.07225728,-17.38125038,-52.05000305,-38.625,143.421818,,,,88.623005302,24.375712398,Pothole,,-0.909751174,10.1249897,-1.172004557,-34.42500305,-68.0625,-58.12500381,-0.011362085,0.056932597,-0.002809978,-0.909751174,10.1249897,-1.172004557,18.61712218250071,32,83,18,21
6.63,0.248221189,-0.06942749,-0.14647685,-0.324084699,9.800935268,-0.083793763,0.06627883,0.082772179,0.025503605,-0.433232591,-0.442972168,0.565949976,0.543861866,2.888584733,-1.536655128,-2.057979345,-17.49375153,-51.20625305,-37.74375153,143.6063464,,,,88.623005576,24.375712424,Pothole,,0.462412989,9.744172335,0.279960261,-34.53750229,-67.21875,-57.24375153,0.058337585,0.08475749,0.026114469,0.462412989,9.744172335,0.279960261,18.6030567541362,32,83,18,21
6.64,0.006098121,0.721386909,1.097907543,-0.326978654,9.800847054,-0.082940593,-0.032009315,0.125807602,0.043249227,-0.432838619,-0.442743391,0.566259265,0.544039965,2.89317584,-1.53639245,-2.054509401,-14.28750038,-51.91875076,-36.76875305,144.693952,0.050201416,991.7653198,,88.62300585,24.37571245,Pothole,,-0.827916634,10.61647568,0.723589554,-31.33125114,-67.93125153,-56.26875305,-0.039950555,0.127792913,0.04386009,-0.827916634,10.61647568,0.723589554,18.5984793106846,32,83,18,21
6.65,-0.481375992,0.434014797,0.29479599,-0.32808359,9.800764084,-0.088147495,-0.052900889,0.176998069,-0.022357651,-0.43266812,-0.44231531,0.566643357,0.544123739,2.87911272,-1.536146462,-2.069643736,-20.45625114,-48.88125229,-35.90625,143.7004564,,,,88.623006124,24.375712476,Pothole,,-0.456550562,9.847422218,-1.150947702,-37.48125076,-64.89375305,-55.40625381,-0.060842131,0.178983381,-0.021746786,-0.456550562,9.847422218,-1.150947702,18.60144354438446,32,83,18,21
6.66,-0.540334053,0.390893459,-1.235191941,-0.327007711,9.800778866,-0.090533841,0.021380267,0.044440413,-0.006566796,-0.432360873,-0.441808313,0.566990465,0.544418335,2.871501446,-1.536189497,-2.078723907,-17.55000114,-52.61250305,-37.63125229,144.4256399,,,,88.623006398,24.375712502000003,Pothole,,-1.107278675,9.898509026,-1.104287639,-34.57500076,-68.64375305,-57.13125229,0.013439025,0.046425724,-0.005955932,-1.107278675,9.898509026,-1.104287639,18.606089887334168,32,83,18,21
6.67,-0.016605884,-0.210426807,-0.614184216,-0.324293494,9.800900459,-0.086991049,0.051312641,0.150975235,-0.048258317,-0.431994185,-0.44150801,0.567102313,0.544836342,2.879522204,-1.536552668,-2.071908236,-17.70000076,-49.72500229,-35.55000305,144.4378043,,,,88.62300667199999,24.375712528,Pothole,,-0.311545515,9.757930756,0.003349949,-34.72500229,-65.7562561,-55.05000305,0.0433714,0.152960546,-0.047647453,-0.311545515,9.757930756,0.003349949,18.603537028356296,32,83,18,21
6.68,-0.164315522,0.528764248,0.394245014,-0.323956907,9.80088377,-0.089968894,-0.065484706,0.078648838,0.013927717,-0.431767017,-0.441083848,0.567417145,0.545032144,2.870716572,-1.536504626,-2.081882358,-15.80625057,-50.56875229,-35.0625,145.2639939,0.023773193,991.7684326,,88.62300694599999,24.375712554,Pothole,,-0.302093856,9.957133055,0.06819544,-32.85000229,-66.58125305,-54.56250381,-0.073425945,0.08063415,0.014538582,-0.302093856,9.957133055,0.06819544,18.605321548454068,32,83,18,21
6.69,0.213431641,-0.298113823,-0.509955116,-0.327983946,9.800720215,-0.093151148,-0.013133592,0.164017193,0.043218683,-0.431386143,-0.440685868,0.567907095,0.545145363,2.864864826,-1.536021531,-2.089128137,-17.83125114,-51.18750381,-38.38125229,143.1368193,,,,88.62300721999999,24.37571258,Pothole,,-0.379023108,9.701460075,-0.759003341,-34.875,-67.21875,-57.88125229,-0.021074835,0.166002505,0.043829548,-0.379023108,9.701460075,-0.759003341,18.609879812171467,32,83,18,21
6.7,-0.65013662,0.019061565,-0.607936054,-0.333033159,9.800559044,-0.09231079,0.022357651,0.089522234,0.037751443,-0.430930346,-0.440489009,0.568286359,0.545269668,2.871201277,-1.535548627,-2.083956957,-15.86250019,-51.26250076,-35.32500076,145.4292645,,,,88.62300749399999,24.375712606,Pothole,,-0.90209415,9.460742188,-0.587198687,-32.88750076,-67.29375458,-54.82500076,0.014416409,0.091507543,0.038362308,-0.90209415,9.460742188,-0.587198687,18.60589274273321,32,83,18,21
6.71,-0.77172339,-0.558901787,-0.153509915,-0.328211904,9.800723076,-0.092106752,-0.019058981,0.127518022,-0.07440333,-0.430676103,-0.440017134,0.568435609,0.545695841,2.867998838,-1.536027074,-2.088469744,-14.51250076,-52.18125153,-37.23750305,144.4876462,,,,88.623007768,24.375712632,Pothole,,-0.970289573,10.03669453,-0.015553348,-31.55625153,-68.1937561,-56.73750305,-0.027000224,0.129503334,-0.073792465,-0.970289573,10.03669453,-0.015553348,18.63518584208077,32,83,18,21
6.72,-0.439365745,0.349621773,0.134549279,-0.327939108,9.800686359,-0.096878633,-0.050854492,0.072387476,0.008093958,-0.430640325,-0.43969065,0.568675995,0.54573682,2.854352117,-1.535920978,-2.102767348,-20.11875153,-52.48125076,-39.01875305,143.3699405,0.031707764,991.7674561,,88.623008042,24.375712658,Pothole,,-0.016271192,9.541141129,-0.059820568,-37.14375305,-68.51250458,-58.51875305,-0.058795735,0.074372786,0.008704823,-0.016271192,9.541141129,-0.059820568,18.602777062628533,32,83,18,21
6.73,0.338881761,-0.312980652,0.037183434,-0.331913292,9.800554752,-0.09666552,0.011117739,0.157939087,0.053878273,-0.430138171,-0.439359784,0.569109678,0.545947134,2.858184099,-1.53553772,-2.100422263,-18.95625114,-50.86875153,-36.24375153,144.5303026,,,,88.623008316,24.375712684,Pothole,,-0.663290444,9.757930946,0.048813583,-36.0,-66.8812561,-55.74375153,0.003176497,0.159924397,0.054489139,-0.663290444,9.757930946,0.048813583,18.62071826014346,32,83,18,21
6.74,-0.476894066,0.16933918,0.042737298,-0.334974006,9.800423622,-0.099363189,-0.05742129,0.146149399,-0.00198531,-0.429692298,-0.438876778,0.569619209,0.546155304,2.853231788,-1.535158277,-2.10703671,-14.62500095,-51.11250305,-38.17500305,143.2446124,,,,88.62300859,24.37571271,Pothole,,-1.080957636,9.806983471,-0.315852586,-31.65000153,-67.14375305,-57.67500305,-0.065362531,0.14813471,-0.001374447,-1.080957636,9.806983471,-0.315852586,18.61626307914552,32,83,18,21
6.75,-0.632606968,-0.206844807,-0.538520604,-0.329979315,9.800525665,-0.105824519,-0.048869183,0.105404718,-0.073303772,-0.429614872,-0.438194379,0.569920957,0.546449244,2.831239462,-1.535450935,-2.130392313,-17.25,-53.32500076,-39.31875229,143.5970967,,,,88.623008864,24.375712736,Pothole,,-0.690568602,9.180303383,-0.68769722,-34.29375076,-69.35625458,-58.81875229,-0.056810426,0.107390027,-0.072692908,-0.690568602,9.180303383,-0.68769722,18.63920959560224,32,83,18,21
6.76,0.189157009,-0.299093723,-0.109641798,-0.327678874,9.800601959,-0.105922509,0.004764745,0.124219352,-0.004276053,-0.429316223,-0.437773198,0.570141703,0.546791196,2.828942895,-1.535672545,-2.13398242,-19.66875076,-52.55625153,-36.60000229,145.1467726,0.071334839,991.7628174,,88.623009138,24.375712762,Pothole,,-0.185683021,9.849815178,0.282353068,-36.71250153,-68.58750153,-56.10000229,-0.003176497,0.126204661,-0.003665188,-0.185683021,9.849815178,0.282353068,18.60443553543816,32,83,18,21
6.77,0.129594088,0.169894218,0.538322091,-0.33659631,9.800245762,-0.110722791,-0.068722288,0.108123065,0.093462313,-0.428921416,-0.437484801,0.570761442,0.546685249,2.823821902,-1.534655333,-2.140313268,-16.08750153,-49.70625305,-36.20625305,143.9302408,,,,88.623009412,24.375712788,Pothole,,-0.055633128,9.951749563,0.165702965,-33.11250305,-65.73750305,-55.70625305,-0.07666353,0.110108376,0.094073178,-0.055633128,9.951749563,0.165702965,18.615890438128204,32,83,18,21
6.78,-1.106985807,-0.088848114,-0.05647286,-0.342403948,9.799978256,-0.116562895,-0.075014195,0.128861926,0.049235701,-0.428651303,-0.437124789,0.571296453,0.546626329,2.813472986,-1.533905506,-2.15177846,-17.28750038,-48.86250305,-33.90000153,145.2477225,,,,88.62300968599999,24.375712814,Pothole,,-1.40985111,9.694281578,-0.845623517,-34.33125305,-64.89375305,-53.40000153,-0.082955437,0.130847238,0.049846566,-1.40985111,9.694281578,-0.845623517,18.638767005635597,32,83,18,21
6.79,-1.091034651,-0.226653099,-1.041451603,-0.339675844,9.800032616,-0.119842052,-0.007330377,0.159649509,-0.106779163,-0.428397745,-0.436545447,0.571617603,0.546952188,2.802391887,-1.534058511,-2.164352298,-19.29375076,-53.68125153,-37.3125,145.1977991,,,,88.62300995999999,24.37571284,Pothole,,-1.440957808,9.385607719,-1.129412282,-36.31875229,-69.71250153,-56.81250381,-0.015271619,0.161634821,-0.106168301,-1.440957808,9.385607719,-1.129412282,18.6346146495115,32,83,18,21
6.8,-0.771423668,-0.07473278,-0.737886861,-0.329026535,9.800352573,-0.123376362,-0.029626942,0.100945406,-0.12079851,-0.428283125,-0.435739234,0.571757793,0.547537982,2.782807946,-1.534953892,-2.185593486,-18.28125,-54.01875305,-38.79375076,144.3158542,0.121536255,991.756958,,88.62301023399999,24.375712866,Pothole,,-0.507278405,9.275777102,-0.179461693,-35.30625153,-70.05000305,-58.29375076,-0.037568184,0.102930713,-0.120187648,-0.507278405,9.275777102,-0.179461693,18.632680299479773,32,83,18,21
6.81,0.533488154,-0.469256878,0.057274245,-0.321698189,9.800542355,-0.127509736,-0.047891798,0.156228669,-0.036163196,-0.428151563,-0.435030654,0.571970612,0.547981918,2.764226437,-1.535502076,-2.205684781,-16.80000114,-51.41250229,-36.5625,144.5810956,,,,88.623010508,24.375712892,Pothole,,0.174197482,9.425328445,-0.071784681,-33.82500076,-67.42500305,-56.06250381,-0.05583304,0.158213975,-0.035552331,0.174197482,9.425328445,-0.071784681,18.61031611308179,32,83,18,21
6.82,0.530167222,-0.074099541,-0.368471581,-0.328489348,9.800237179,-0.133475602,-0.055466522,0.159893857,0.099570958,-0.427779645,-0.434599429,0.572600722,0.547956437,2.755652785,-1.534632087,-2.21567893,-18.09375,-49.63125229,-35.8125,144.1868553,,,,88.623010782,24.375712918,Pothole,,-0.188554431,9.545448112,-1.19545418,-35.13750076,-65.6625061,-55.31250381,-0.063407765,0.161879168,0.100181824,-0.188554431,9.545448112,-1.19545418,18.6068355034956,32,83,18,21
6.83,-0.75498265,-0.33890152,-1.6570189,-0.332639903,9.800021172,-0.139011972,-0.018936808,0.131335925,0.009315687,-0.427441016,-0.434108526,0.573157638,0.548027605,2.745746136,-1.534025371,-2.227058411,-17.19375038,-51.20625305,-35.70000076,145.1165435,,,,88.623011056,24.375712944,Pothole,,-1.408176139,9.434899569,-2.04586333,-34.23750305,-67.21875,-55.20000076,-0.02687805,0.133321237,0.009926553,-1.408176139,9.434899569,-2.04586333,18.626745728796973,32,83,18,21
6.84,-0.755359158,-0.368395805,-1.403663039,-0.32650651,9.800182819,-0.142111339,0.009407318,0.082924894,-0.093217966,-0.427370727,-0.433578044,0.573286355,0.54836762,2.731062174,-1.534475863,-2.242819071,-17.36250114,-51.05625153,-37.125,143.9776322,0.182312012,991.7496338,,88.62301133,24.37571297,Pothole,,-0.616391119,9.584211731,-1.100698406,-34.38750076,-67.0687561,-56.62500381,0.001466075,0.084910206,-0.0926071,-0.616391119,9.584211731,-1.100698406,18.637175039565097,32,83,18,21
6.85,-0.145432025,-0.04060173,-0.133282259,-0.323855013,9.80026722,-0.142384544,0.001710421,0.107848176,-0.018081598,-0.427256703,-0.433323771,0.573360741,0.548579693,2.727374792,-1.534714341,-2.247166157,-17.71875,-52.53750229,-38.66250229,143.6505391,,,,88.623011604,24.375712996,Pothole,,0.030508496,9.431908846,0.002392822,-34.76250076,-68.5687561,-58.16250229,-0.006230821,0.109833488,-0.017470733,0.030508496,9.431908846,0.002392822,18.62227051572055,32,83,18,21
6.86,0.598382175,-0.178377628,0.067116342,-0.324960575,9.800217628,-0.143234588,-0.038789914,0.205250565,0.035124725,-0.426831126,-0.432878762,0.573745847,0.548859537,2.726440787,-1.53457433,-2.24965024,-19.61250114,-52.89375305,-38.71875,143.7955036,,,,88.623011878,24.375713022,Pothole,,-0.350787797,9.898628998,-0.605384126,-36.65625,-68.90625,-58.21875381,-0.046731156,0.207235873,0.03573559,-0.350787797,9.898628998,-0.605384126,18.62286450757879,32,83,18,21
6.87,-0.542727232,0.021123886,-1.11607784,-0.327149451,9.800055027,-0.149311624,-0.029443682,0.124219352,-0.015393793,-0.426533893,-0.432310224,0.57427159,0.548988938,2.713429093,-1.534119546,-2.264199615,-17.75625038,-50.36250305,-34.80000305,145.3559016,,,,88.623012152,24.375713048,Pothole,,-0.781017303,9.299944496,-2.039163446,-34.80000305,-66.375,-54.30000305,-0.037384926,0.126204664,-0.014782928,-0.781017303,9.299944496,-2.039163446,18.61119916374641,32,83,18,21
6.88,-0.312640592,-0.127207279,-1.737331808,-0.324173465,9.800117493,-0.151651978,0.027794347,0.090407987,-0.033750279,-0.426347136,-0.431844324,0.574489951,0.54927212,2.704026222,-1.534292161,-2.274764657,-18.07500076,-51.07500076,-36.46875,144.4722722,0.243087769,991.7424927,,88.623012426,24.375713074,Pothole,,-0.567098968,10.2783699,-1.04327067,-35.10000229,-67.08750153,-55.96875381,0.019853105,0.092393298,-0.033139414,-0.567098968,10.2783699,-1.04327067,18.63077971732767,32,83,18,21
6.89,0.168632343,0.135264397,-0.023329169,-0.32591112,9.800085545,-0.149977408,0.027000223,0.067164582,0.021624613,-0.426106736,-0.431768879,0.574623764,0.549378008,2.710308433,-1.5342049,-2.269044161,-20.02500153,-52.29375076,-37.51875305,144.3420165,,,,88.6230127,24.3757131,Pothole,,0.232103795,9.568419266,0.259860538,-37.06875229,-68.32500458,-57.01875305,0.019058981,0.069149893,0.022235478,0.232103795,9.568419266,0.259860538,18.60748174994229,32,83,18,21
6.9,0.228109807,0.284543037,0.512023151,-0.327490196,9.800034523,-0.14981357,-0.034208428,0.197034433,0.023579381,-0.425527409,-0.431243151,0.575088382,0.549753636,2.712568045,-1.534064591,-2.268746614,-21.50625038,-51.67500305,-34.80000305,146.042107,,,,88.62301297399999,24.375713126,Pothole,,-0.734596553,10.26951637,-0.054077786,-38.53125,-67.70625305,-54.30000305,-0.042149669,0.199019745,0.024190246,-0.734596553,10.26951637,-0.054077786,18.612947169456163,32,83,18,21
6.91,-0.561778873,0.063257694,-1.042763889,-0.326723799,9.799939632,-0.157580517,-0.072234761,0.122020239,-0.030695955,-0.425338298,-0.430555075,0.575569779,0.54993549,2.692196012,-1.533799112,-2.290675402,-17.86875153,-51.48750305,-36.15000153,144.9268407,,,,88.62301324799999,24.375713152,Pothole,,-0.585045133,9.571888685,-1.689332783,-34.91250229,-67.5,-55.65000153,-0.080176002,0.124005551,-0.03008509,-0.585045133,9.571888685,-1.689332783,18.61701745754465,32,83,18,21
6.92,-0.22829017,0.00771904,-1.546905756,-0.323282719,9.800048828,-0.157848805,0.038484481,0.122386757,-0.047769625,-0.425160676,-0.430199713,0.575683117,0.550232291,2.687375069,-1.534103274,-2.296448708,-16.80000114,-52.83750153,-37.85625076,144.3797056,0.266860962,991.7397461,,88.623013522,24.375713178,Pothole,,-0.423051043,9.834501076,-1.107876909,-33.84375,-68.8500061,-57.35625076,0.030543239,0.124372068,-0.047158761,-0.423051043,9.834501076,-1.107876909,18.620304415147373,32,83,18,21
6.93,0.01991263,0.079677105,-0.526836,-0.321656689,9.800137043,-0.155686654,0.009162971,0.11627811,-0.002443459,-0.424896017,-0.429977283,0.575777262,0.550511986,2.690814137,-1.534349442,-2.29387641,-19.42500114,-53.11875153,-38.28750229,144.2162873,,,,88.623013796,24.375713204,Pothole,,-0.252203505,9.970892143,-0.074656067,-36.46875,-69.1312561,-57.78750229,0.001221729,0.11826342,-0.001832595,-0.252203505,9.970892143,-0.074656067,18.6096963892966,32,83,18,21
6.94,0.046875596,0.233384609,-0.036567017,-0.325174704,9.799955368,-0.159752093,-0.061697342,0.14645483,0.045509426,-0.424558088,-0.429541692,0.576257914,0.550609767,2.684956193,-1.53384304,-2.301100135,-19.35000038,-50.23125076,-36.97500229,143.6433793,,,,88.62301407,24.37571323,Pothole,,-0.533001252,9.466604471,-0.960718304,-36.39375305,-66.26250458,-56.47500229,-0.069638584,0.148440141,0.046120291,-0.533001252,9.466604471,-0.960718304,18.604593472989563,32,83,18,21
6.95,-0.541641414,-0.482222557,-1.190205991,-0.325317875,9.799899578,-0.162836663,0.00867428,0.153907382,-0.035185811,-0.424170524,-0.428961009,0.576696634,0.550901771,2.677505493,-1.533690572,-2.310267091,-18.99375153,-51.35625076,-38.32500076,143.2675743,,,,88.623014344,24.375713256,Pothole,,-0.809252614,9.411928368,-1.367258883,-36.03750229,-67.36875153,-57.82500076,0.000733,0.155892688,-0.034574947,-0.809252614,9.411928368,-1.367258883,18.62442480169766,32,83,18,21
6.96,0.114002824,0.425310135,-0.779658258,-0.320504561,9.800019264,-0.165181346,-0.020158537,0.12776237,-0.043493573,-0.423928931,-0.428355798,0.576933682,0.551310331,2.665715575,-1.534019649,-2.323562264,-20.75625038,-50.66250229,-36.0,144.6029805,0.25100708,991.7418213,,88.623014618,24.375713282,Pothole,,-0.116291184,10.22165966,-0.497228551,-37.80000305,-66.67500305,-55.50000381,-0.028099779,0.12974768,-0.042882708,-0.116291184,10.22165966,-0.497228551,18.611545222129603,32,83,18,21
6.97,0.373184919,-0.246462822,-0.300854519,-0.317884803,9.800076008,-0.166862711,-0.001679878,0.114537145,-0.0216857,-0.423754066,-0.427957311,0.577113628,0.551565796,2.658212543,-1.534178078,-2.332083583,-19.3125,-50.92500305,-36.48750305,144.3785967,,,,88.623014892,24.375713308,Pothole,,0.340379018,9.271589756,-0.513260454,-36.35625076,-66.9375,-55.98750305,-0.00962112,0.116522457,-0.021074836,0.340379018,9.271589756,-0.513260454,18.6232495288569,32,83,18,21
6.98,0.295279108,0.233458042,-0.053916141,-0.324736774,9.799859047,-0.16638314,0.003909535,0.125929773,0.085276722,-0.423244625,-0.42775692,0.577564687,0.551640272,2.668089986,-1.533580661,-2.323455453,-20.11875153,-52.48125076,-39.01875305,143.3699405,,,,88.623015166,24.375713334,Pothole,,-0.274217467,10.01539841,-0.151226389,-37.14375305,-68.51250458,-58.51875305,-0.004031708,0.127915084,0.085887587,-0.274217467,10.01539841,-0.151226389,18.60617450861096,32,83,18,21
6.99,-0.400863379,-0.16751194,-0.028267577,-0.330682486,9.799613953,-0.169075653,-0.042760535,0.112735096,0.053267409,-0.42289871,-0.427500099,0.578017116,0.551630795,2.668951273,-1.532915235,-2.323652267,-22.20000076,-51.93750381,-37.93125153,143.8584144,,,,88.62301544,24.37571336,Pothole,,-0.85543409,10.08814025,-0.354735959,-39.24375153,-67.95000458,-57.43125153,-0.050701777,0.114720407,0.053878273,-0.85543409,10.08814025,-0.354735959,18.619245604074187,32,83,18,21
7.0,-0.557071924,0.282580376,-0.211561672,-0.3319031,9.799540997,-0.17098505,0.001374445,0.171653004,-0.03130682,-0.422646284,-0.427177146,0.578309596,0.551767826,2.665887117,-1.532715917,-2.327733517,-22.20000076,-51.93750381,-37.93125153,143.8584144,0.232513428,991.7438354,,88.623015714,24.375713386,Pothole,,-0.428315252,9.81870842,-0.473778886,-39.24375153,-67.95000458,-57.43125153,-0.006566797,0.173638316,-0.030695955,-0.428315252,9.81870842,-0.473778886,18.621303577302054,32,83,18,21
7.01,-0.292731956,0.202950478,-0.223961018,-0.325317457,9.799768925,-0.170539238,-0.008307761,0.132160595,-0.077946346,-0.422245055,-0.426490858,0.578525782,0.552378982,2.658747792,-1.533331573,-2.336803436,-18.61875153,-52.55625153,-36.60000229,145.1467726,,,,88.62301598799999,24.375713412,Pothole,,-0.691047168,10.04124107,-0.160319117,-35.66250229,-68.5687561,-56.10000229,-0.016249003,0.134145905,-0.077335482,-0.691047168,10.04124107,-0.160319117,18.60207294147289,32,83,18,21
7.02,0.518393397,0.314089775,-0.016264908,-0.321877971,9.79984045,-0.172933221,-0.025900666,0.16795727,-0.004764746,-0.421970665,-0.425909743,0.578802258,0.55274725,2.648580909,-1.533526123,-2.348485947,-18.01875114,-51.73125076,-35.85000229,145.277857,,,,88.623016262,24.375713438,Pothole,,0.41635114,9.937990904,-0.21415763,-35.04375076,-67.74375153,-55.35000229,-0.033841908,0.169942582,-0.004153881,0.41635114,9.937990904,-0.21415763,18.613464171127752,32,83,18,21
7.03,0.017522119,-0.133206367,-0.151962958,-0.324957043,9.799734592,-0.173149884,0.00641408,0.111177389,0.043218683,-0.421550706,-0.425593406,0.579170465,0.552925646,2.652012348,-1.533240259,-2.346351624,-19.01250076,-51.91875076,-37.35000229,144.2690121,,,,88.623016536,24.375713464,Pothole,,-0.324466746,9.287023163,-0.567098963,-36.03750229,-67.95000458,-56.85000229,-0.001527162,0.1131627,0.043829549,-0.324466746,9.287023163,-0.567098963,18.605376587077554,32,83,18,21
7.04,-0.103463635,-0.097907543,-0.687080592,-0.328925356,9.799577713,-0.174524195,-0.013072507,0.171988977,0.033597563,-0.421006009,-0.425116971,0.579694808,0.553157687,2.653784156,-1.532818317,-2.346378684,-21.31875038,-48.75000381,-34.63125229,144.6106,0.216659546,991.7457886,,88.62301681,24.37571349,Pothole,,-1.105005503,9.90150013,-0.901615584,-38.36250305,-64.76250458,-54.13125229,-0.021013749,0.173974288,0.034208427,-1.105005503,9.90150013,-0.901615584,18.602534998818903,32,83,18,21
7.05,-0.575059436,-0.488983154,-0.848074794,-0.32920742,9.799529076,-0.176741309,-0.003359756,0.080023287,-0.028405212,-0.420716077,-0.424694449,0.580016822,0.553365171,2.648886442,-1.532684982,-2.352531314,-18.0,-50.30625153,-34.55625153,145.5141408,,,,88.623017084,24.375713516,Pothole,,-0.138185509,9.024530888,-1.041476056,-35.04375076,-66.3187561,-54.05625153,-0.011300998,0.082008598,-0.027794347,-0.138185509,9.024530888,-1.041476056,18.63959840929559,32,83,18,21
7.06,0.32791698,0.037848473,-0.36264205,-0.327222019,9.799618721,-0.175474405,0.015515965,0.154151731,-0.00867428,-0.420375377,-0.424324691,0.580200195,0.553715527,2.649363995,-1.532924771,-2.3533113,-21.35625076,-52.83750153,-38.4375,143.9653745,,,,88.623017358,24.375713542,Pothole,,-0.431186642,10.35230789,-0.055513484,-38.40000153,-68.86875153,-57.93750381,0.007574723,0.156137041,-0.008063415,-0.431186642,10.35230789,-0.055513484,18.612894153798983,32,83,18,21
7.07,0.046279788,0.435025692,0.141901813,-0.330313846,9.799495697,-0.176555648,-0.00867428,0.161604278,0.022846343,-0.420094609,-0.424102828,0.580498159,0.553786218,2.650720596,-1.532595515,-2.352836728,-20.36250114,-52.65000153,-36.95625305,144.934096,,,,88.623017632,24.375713568,Pothole,,-0.152183518,9.364072227,-0.625962406,-37.40625,-68.6625061,-56.45625305,-0.016615522,0.163589586,0.023457207,-0.152183518,9.364072227,-0.625962406,18.632394977834178,32,83,18,21
7.08,-0.234799445,-0.183148384,-0.702826053,-0.33257775,9.799419403,-0.17650345,0.007330377,0.113468132,0.029626942,-0.41957131,-0.423657149,0.580922842,0.554078668,2.653673172,-1.532393515,-2.351587772,-19.06875038,-51.28125381,-35.92500305,144.9868953,0.203445435,991.7473755,,88.623017906,24.375713594,Pothole,,-1.366899937,9.619745493,-1.15094769,-36.09375,-67.29375458,-55.42500305,-0.000611,0.115453443,0.030237807,-1.366899937,9.619745493,-1.15094769,18.610185626190543,32,83,18,21
7.09,-0.679775029,-0.610643387,-0.923211515,-0.334621608,9.799379826,-0.174824819,0.046914415,0.131183214,-0.016982041,-0.419130713,-0.423384786,0.58121103,0.554318011,2.660147071,-1.532289445,-2.346369743,-19.42500114,-53.81250381,-39.95625305,143.4057917,,,,88.62301818,24.37571362,Pothole,,-0.597248536,9.258787918,-0.628355233,-36.46875,-69.84375,-59.45625305,0.038973173,0.133168524,-0.016371176,-0.597248536,9.258787918,-0.628355233,18.62726010888895,32,83,18,21
7.1,-0.241349831,0.193634033,0.146716602,-0.334211394,9.799413681,-0.173723899,-0.011606431,0.111391191,-0.006963858,-0.41869244,-0.42297253,0.581493109,0.554668009,2.662230015,-1.53237766,-2.345784187,-18.84375,-50.77500153,-39.31875229,142.2467933,,,,88.623018454,24.375713646,Pothole,,-0.510628346,9.722995567,0.169411843,-35.86875153,-66.7875061,-58.81875229,-0.019547673,0.113376503,-0.006352994,-0.510628346,9.722995567,0.169411843,18.630409114395583,32,83,18,21
7.11,0.223050728,-0.301296711,0.063956887,-0.333455756,9.79943037,-0.174245007,-0.009315688,0.182954002,-0.013591742,-0.418253362,-0.422448069,0.581841141,0.555033863,2.660073638,-1.532421172,-2.349637747,-20.55000114,-49.03125381,-33.82500076,145.3995215,,,,88.623018728,24.375713672,Pothole,,0.00837489,9.713663578,-0.414556522,-37.59375,-65.0625,-53.32500076,-0.01725693,0.18493931,-0.012980876,0.00837489,9.713663578,-0.414556522,18.623825549624307,32,83,18,21
7.12,-0.299785197,0.299048901,-0.618380845,-0.338976428,9.799221516,-0.175296322,-0.006108648,0.108214696,0.058520845,-0.417804301,-0.422157213,0.582293987,0.555118531,2.664327383,-1.531872928,-2.346677899,-19.5,-48.67500305,-35.0625,144.2333252,0.203445435,991.7472534,,88.62301900199999,24.375713698,Pothole,,-0.88821578,9.663653564,-0.954257679,-36.54375076,-64.6875,-54.56250381,-0.01404989,0.110200008,0.05913171,-0.88821578,9.663653564,-0.954257679,18.618863047542,32,83,18,21
7.13,-0.645090878,-0.959615707,-0.920068085,-0.340191305,9.799217224,-0.173192546,0.045937032,0.14804308,-0.020036365,-0.417376786,-0.421887159,0.582542837,0.555384278,2.670688868,-1.531859756,-2.341542006,-19.23750114,-50.79375076,-36.63750076,144.1971119,,,,88.623019276,24.375713724,Pothole,,-0.906401208,9.501898575,-0.717846799,-36.28125,-66.82500458,-56.13750076,0.037995789,0.15002839,-0.0194255,-0.906401208,9.501898575,-0.717846799,18.616473636565885,32,83,18,21
7.14,-0.598420188,-0.002617359,-0.349977106,-0.338031977,9.799298763,-0.172831245,-0.011453715,0.09590577,-0.041538806,-0.417149499,-0.421575576,0.582673877,0.555654079,2.668956995,-1.5320732,-2.344224811,-22.125,-51.60000229,-35.8125,145.2377794,,,,88.62301955,24.37571375,Pothole,,-0.394217527,9.744171858,-0.101096754,-39.16875076,-67.61250305,-55.31250381,-0.019394957,0.097891081,-0.04092794,-0.394217527,9.744171858,-0.101096754,18.613954730661717,32,83,18,21
7.15,0.13242428,-0.152312279,0.072613213,-0.335705206,9.799361229,-0.173815675,-0.008307761,0.134237534,-0.005986475,-0.416846216,-0.42109704,0.582918048,0.555988342,2.663835049,-1.53223753,-2.350721598,-20.51250076,-51.78750229,-36.71250153,144.6669211,,,,88.623019824,24.375713776,Pothole,,-0.240239394,9.525348282,-0.224925332,-37.55625153,-67.8187561,-56.21250153,-0.016249003,0.136222845,-0.00537561,-0.240239394,9.525348282,-0.224925332,18.637181165769903,32,83,18,21
7.16,0.110673152,-0.107261658,-0.331854232,-0.33983925,9.799237251,-0.172778487,0.013561198,0.158061263,0.045814857,-0.416286051,-0.420752347,0.583347589,0.556218386,2.671230912,-1.531910539,-2.344907522,-22.93125153,-52.51875305,-38.34375,143.8669546,0.216659546,991.7457275,,88.623020098,24.375713802,Pothole,,-0.64666032,9.591031313,-0.895513862,-39.97500229,-68.53125,-57.84375381,0.005619956,0.160046574,0.046425723,-0.64666032,9.591031313,-0.895513862,18.633224776311504,32,83,18,21
7.17,-0.841005147,-0.351559639,-1.009656131,-0.341495767,9.799164772,-0.173598409,0.005039634,0.137139143,-0.028557928,-0.415830463,-0.420298129,0.583747268,0.556483209,2.671287894,-1.531721473,-2.34644556,-21.5625,-50.36250305,-35.38125229,144.9107447,,,,88.623020372,24.375713828,Pothole,,-0.979143029,9.46361351,-1.369651675,-38.60625076,-66.39375305,-54.88125229,-0.002901608,0.139124453,-0.027947064,-0.979143029,9.46361351,-1.369651675,18.638601076426653,32,83,18,21
7.18,-0.413241923,0.129790306,-1.156655133,-0.338529512,9.799226284,-0.17592708,0.00207694,0.102106049,-0.039950556,-0.415599212,-0.419787213,0.583985329,0.556791782,2.662323713,-1.531882763,-2.356713057,-18.30000114,-51.61875153,-36.76875305,144.5372017,,,,88.623020646,24.375713854,Pothole,,-0.656111968,9.667481995,-1.17726872,-35.34375,-67.65000153,-56.26875305,-0.005864302,0.10409136,-0.039339692,-0.656111968,9.667481995,-1.17726872,18.604971888939417,32,83,18,21
7.19,0.384180292,-0.445869923,-0.784251481,-0.334833905,9.79941988,-0.172165699,0.061575169,0.173088537,-0.035918849,-0.415157825,-0.419387355,0.584111303,0.557290018,2.666669488,-1.532393456,-2.353850007,-20.625,-52.55625153,-37.21875,144.6950264,,,,88.62302092,24.37571388,Pothole,,0.230907392,9.434899569,-0.787836865,-37.66875076,-68.5687561,-56.71875381,0.053633928,0.175073847,-0.035307984,0.230907392,9.434899569,-0.787836865,18.62923469900814,32,83,18,21
7.2,-0.241598815,-0.000679,-0.227100194,-0.334060341,9.799461365,-0.171307743,-0.006261365,0.104457878,0.000305,-0.414868325,-0.419101357,0.584282815,0.557540953,2.667753935,-1.532503605,-2.353774548,-20.88750076,-52.20000076,-37.78125,144.1037805,0.198165894,991.7479248,,88.623021194,24.375713906,Pothole,,-0.268474704,9.866564751,-0.58767724,-37.91250229,-68.23125458,-57.28125381,-0.014202606,0.106443185,0.000916,-0.268474704,9.866564751,-0.58767724,18.63753361827284,32,83,18,21
7.21,0.063290298,-0.134689331,-0.548332006,-0.335065633,9.799404621,-0.172636494,0.020280711,0.089277887,0.023457207,-0.41473864,-0.418929994,0.58444953,0.557591468,2.665832162,-1.532351315,-2.356221557,-20.02500153,-49.50000381,-36.58125305,143.5350373,,,,88.623021468,24.375713932,Pothole,,0.040199423,9.429635429,-0.819302475,-37.06875229,-65.53125,-56.08125305,0.012339468,0.091263199,0.024068073,0.040199423,9.429635429,-0.819302475,18.60724932264662,32,83,18,21
7.22,0.393637523,0.019538403,-0.480831243,-0.340522885,9.799290657,-0.168331005,0.053450667,0.115911594,0.076510813,-0.414178044,-0.418836832,0.584754258,0.557758659,2.682472467,-1.532053411,-2.340723634,-18.73125076,-53.36250305,-40.81875229,142.5864245,,,,88.623021742,24.375713958,Pothole,,-0.577866681,10.3393867,-0.192622224,-35.77500153,-69.39375305,-60.31875229,0.045509426,0.117896905,0.077121679,-0.577866681,10.3393867,-0.192622224,18.602659850694664,32,83,18,21
7.23,-0.491354734,0.487407684,-0.044146828,-0.346614257,9.799098015,-0.167097747,-0.000611,0.092943075,0.027855434,-0.413722947,-0.41869837,0.58511886,0.557817996,2.69237864,-1.531548679,-2.331848025,-22.95000076,-53.53125381,-43.40625,140.9628529,,,,88.623022016,24.375713984,Pothole,,-0.866680372,9.938349724,-0.404387018,-39.99375153,-69.54375458,-62.90625381,-0.008552107,0.094928387,0.028466299,-0.866680372,9.938349724,-0.404387018,18.6296448259716,32,83,18,21
7.24,-0.516252175,0.336313725,-0.273172244,-0.345130339,9.799188137,-0.164884277,0.035063639,0.111635542,-0.039339692,-0.413302064,-0.418324634,0.585321486,0.558197677,2.695914865,-1.531783521,-2.329705,-20.51250076,-52.74375153,-42.16875076,141.3575838,0.155883789,991.7530518,,88.62302229,24.37571401,Pothole,,-0.862373284,9.973284721,-0.251724944,-37.55625153,-68.7562561,-61.66875076,0.027122396,0.113620853,-0.038728827,-0.862373284,9.973284721,-0.251724944,18.62297892452719,32,83,18,21
7.25,-0.141203493,0.105875969,0.074984044,-0.340148643,9.799453735,-0.159335904,0.04932733,0.176539924,-0.059864748,-0.412768289,-0.417880267,0.58542189,0.558819771,2.703520656,-1.532484472,-2.323817611,-18.13125038,-54.93750381,-42.73125076,142.123664,,,,88.623022564,24.375714036,Pothole,,-0.45284168,9.945767403,0.072382886,-35.17500305,-70.95000458,-62.23125076,0.041386088,0.178525236,-0.059253884,-0.45284168,9.945767403,0.072382886,18.63367315107033,32,83,18,21
7.26,-0.039019585,0.402021885,0.048857488,-0.336032256,9.799592972,-0.159516864,-0.018081598,0.140712701,-0.038851,-0.41241315,-0.41731894,0.585643023,0.559269607,2.698376894,-1.53285569,-2.330568552,-18.69375038,-51.71250153,-39.16875076,142.8585136,,,,88.623022838,24.375714062,Pothole,,-0.306759867,9.855079269,-0.376630275,-35.73750305,-67.7250061,-58.66875076,-0.026022839,0.142698011,-0.038240135,-0.306759867,9.855079269,-0.376630275,18.605590895065045,32,83,18,21
7.27,0.028053343,-0.579601288,-0.672939181,-0.331789106,9.799747467,-0.158921838,0.025656321,0.15341869,-0.048991356,-0.41215691,-0.416902453,0.585754991,0.559651792,2.694899082,-1.533274174,-2.335229158,-20.21250153,-50.36250305,-35.41875076,144.8821914,,,,88.623023112,24.375714088,Pothole,,-0.016271193,9.627282715,-0.912143993,-37.25625229,-66.375,-54.91875076,0.017715079,0.155404001,-0.048380491,-0.016271193,9.627282715,-0.912143993,18.63180828990373,32,83,18,21
7.28,0.361908913,0.156338215,-0.679457635,-0.332084373,9.799757957,-0.157657735,0.021074835,0.080786866,0.042607818,-0.41189526,-0.416716948,0.5858998,0.559830934,2.698341489,-1.533301413,-2.332566738,-17.26875114,-53.40000153,-38.90625,143.9236137,0.124176025,991.7565308,,88.623023386,24.375714114,Pothole,,0.008374879,10.04447126,-0.459421948,-34.29375076,-69.4125061,-58.40625381,0.013133593,0.082772178,0.043218684,0.008374879,10.04447126,-0.459421948,18.608059851660656,32,83,18,21
7.29,0.423649192,0.133794308,-0.257331945,-0.335922927,9.799664974,-0.155270725,0.031642796,0.117011148,0.036896233,-0.41149193,-0.416603565,0.586147368,0.559952736,2.708619833,-1.533049285,-2.323185921,-20.17500114,-52.53750229,-39.26250076,143.2283804,,,,88.62302366,24.37571414,Pothole,,-0.308674115,9.883792877,-0.270388955,-37.20000076,-68.5687561,-58.76250076,0.023701553,0.118996458,0.037507097,-0.308674115,9.883792877,-0.270388955,18.606535252620542,32,83,18,21
7.3,-0.297901869,0.252058506,-0.0852101,-0.338440716,9.799618721,-0.152692035,0.019303327,0.092698731,0.009651664,-0.411058843,-0.416413337,0.586392015,0.560156167,2.717771173,-1.532926261,-2.315121174,-22.46250153,-50.86875153,-36.82500076,144.0983994,,,,88.623023934,24.375714166,Pothole,,-0.838445055,9.708638573,-0.357487702,-39.50625229,-66.90000153,-56.32500076,0.011362085,0.094684042,0.010262528,-0.838445055,9.708638573,-0.357487702,18.60654851065429,32,83,18,21
7.31,-0.586034834,-0.360295296,-0.268637672,-0.336968869,9.799724102,-0.149186186,0.043982264,0.153021628,-0.047647452,-0.410562351,-0.416039973,0.586593002,0.560587049,2.724805474,-1.533209264,-2.309607148,-21.88125038,-50.58750153,-35.60625076,144.8600212,,,,88.623024208,24.375714192,Pothole,,-0.424726031,9.77886796,-0.45882374,-38.92500305,-66.6000061,-55.10625076,0.036041022,0.155006938,-0.047036587,-0.424726031,9.77886796,-0.45882374,18.632540188759283,32,83,18,21
7.32,-0.231073335,0.7560606,-0.163679503,-0.336316049,9.799751282,-0.148841754,-0.006841686,0.113590306,-0.00415388,-0.41014266,-0.415593281,0.58688122,0.560923934,2.724939466,-1.533285379,-2.310985684,-21.65625,-50.70000076,-37.5,143.5117056,0.100402832,991.7595825,,88.623024482,24.375714218,Pothole,,-0.618783933,10.18959599,-0.349830663,-38.68125153,-66.71250153,-57.00000381,-0.014782928,0.115575616,-0.003543016,-0.618783933,10.18959599,-0.349830663,18.626528326614764,32,83,18,21
7.33,0.142847277,-0.408936977,-0.33273939,-0.329257399,9.800057411,-0.144380711,0.059498228,0.164414257,-0.088331047,-0.409729496,-0.415124372,0.586906463,0.561546266,2.728354931,-1.534126639,-2.309115648,-23.77500153,-52.20000076,-38.38125229,143.6739586,,,,88.623024756,24.375714244,Pothole,,-0.246460732,9.233902454,-0.327816701,-40.81875229,-68.23125458,-57.88125229,0.051556988,0.166399568,-0.087720182,-0.246460732,9.233902454,-0.327816701,18.620780515820567,32,83,18,21
7.34,0.370952964,0.378053665,0.158553943,-0.325230628,9.800236702,-0.141295657,0.014966187,0.101708986,-0.019853106,-0.409449726,-0.414843529,0.586930156,0.5619331,2.731747627,-1.534631848,-2.306709051,-23.60625076,-53.49375153,-38.41875076,144.3144187,,,,88.62302503,24.37571427,Pothole,,0.050727842,9.988599014,0.258424848,-40.65000153,-69.52500153,-57.91875076,0.007024945,0.103694296,-0.019242241,0.050727842,9.988599014,0.258424848,18.61410937278176,32,83,18,21
7.35,0.487793535,-0.034049988,0.384276539,-0.32674399,9.80020237,-0.140169941,0.009651663,0.114934207,0.053756099,-0.409202412,-0.414717689,0.58708477,0.562044531,2.736338377,-1.534532428,-2.302763939,-20.28750038,-50.10000229,-34.95000076,145.1001884,,,,88.623025304,24.375714296,Pothole,,0.086620167,9.585647583,0.016749758,-37.33125305,-66.11250305,-54.45000076,0.001710421,0.116919516,0.054366964,0.086620167,9.585647583,0.016749758,18.634685986584056,32,83,18,21
7.36,0.067332149,-0.057842731,0.128554173,-0.334663317,9.799985409,-0.136633448,0.03252855,0.103999728,0.082619461,-0.408613846,-0.414654955,0.587472826,0.562113523,2.753953457,-1.533926129,-2.286274076,-21.91875076,-52.14375305,-38.15625,143.8051579,0.042266846,991.7662964,,88.623025578,24.375714322,Pothole,,-0.654436998,9.704690456,-0.062811594,-38.96250153,-68.15625,-57.65625381,0.024587307,0.10598504,0.083230325,-0.654436998,9.704690456,-0.062811594,18.615060951035574,32,83,18,21
7.37,-0.648600459,-0.239811897,0.12244292,-0.336602077,9.799963951,-0.133376785,0.016004657,0.136070131,-0.027000223,-0.408047691,-0.414341807,0.587777793,0.562436759,2.764327288,-1.533866048,-2.277428269,-23.58750153,-52.01250076,-37.51875305,144.1955405,,,,88.623025852,24.375714348,Pothole,,-0.849930608,9.958449173,0.051206404,-40.61250305,-68.02500153,-57.01875305,0.008063415,0.138055441,-0.026389358,-0.849930608,9.958449173,0.051206404,18.63169471139855,32,83,18,21
7.38,-0.483965695,0.360876083,0.300522774,-0.333693996,9.800069809,-0.132938825,0.001954767,0.084268797,-0.044470955,-0.407745048,-0.413927138,0.587943852,0.56278798,2.7624861,-1.534160495,-2.28052175,-19.16250038,-50.71875381,-36.26250076,144.4362847,,,,88.623026126,24.375714374,Pothole,,-0.330688077,9.461699486,0.165104763,-36.20625305,-66.73125458,-55.76250076,-0.005986475,0.086254103,-0.043860091,-0.330688077,9.461699486,0.165104763,18.61614805334428,32,83,18,21
7.39,0.323568016,-0.200539589,0.389061496,-0.330057785,9.800269127,-0.127170548,0.046883873,0.190131662,-0.0216857,-0.407148823,-0.413494855,0.58809036,0.563384026,2.773829579,-1.534720242,-2.270973086,-23.38125038,-53.11875153,-38.86875153,143.8058286,,,0.861250818,88.6230264,24.3757144,Pothole,,-0.691525728,9.640084028,0.468993228,-40.42500305,-69.15000153,-58.36875153,0.03894263,0.192116974,-0.021074835,-0.691525728,9.640084028,0.468993228,18.61308648454621,32,83,18,21
7.4,0.083240241,-0.142979622,0.108735688,-0.328529909,9.800324917,-0.126805037,-0.014538582,0.158794299,-0.016737695,-0.406695083,-0.412977874,0.588387311,0.563780755,2.773223281,-1.534879386,-2.273266673,-23.45625114,-52.14375305,-38.77500153,143.3648661,0.018493652,991.7692261,,88.623026698,24.375714468,Pothole,,-0.343609321,9.368857765,-0.265603311,-40.5,-68.15625,-58.27500153,-0.022479824,0.16077961,-0.016126831,-0.343609321,9.368857765,-0.265603311,18.61581922753066,32,83,18,21
7.41,-0.478535771,-0.652216911,-0.40343833,-0.327656358,9.800330162,-0.12863344,-0.008307761,0.097341304,-0.010629047,-0.406470269,-0.412596107,0.588617265,0.563982368,2.767493963,-1.534896612,-2.280050755,-20.30625153,-51.26250076,-38.58750153,143.0296416,,,,88.62302699600001,24.375714536,Pothole,,-0.072741801,9.534441185,-0.571406047,-37.35000229,-67.27500153,-58.08750153,-0.016249003,0.099326611,-0.010018182,-0.072741801,9.534441185,-0.571406047,18.60856901371781,32,83,18,21
7.42,0.357794777,-0.240376949,-0.305377275,-0.323629364,9.800432682,-0.13100861,0.042913251,0.100792688,0.054977831,-0.406740263,-0.412563235,0.588465869,0.563969702,2.756926417,-1.535186112,-2.290207505,-20.15625,-54.50625229,-41.51250076,142.7067429,,,,88.623027294,24.375714604,Pothole,,0.668793932,10.41236758,0.31166516,-37.20000076,-70.51875305,-61.01250076,0.034972008,0.102777999,0.055588696,0.668793932,10.41236758,0.31166516,18.625560425560508,32,83,18,21
7.43,0.239573032,0.377958298,0.823167086,-0.332841843,9.800179005,-0.126790442,0.01075122,0.087445296,0.104457878,-0.406234667,-0.41268231,0.588781357,0.563917637,2.777585149,-1.534466743,-2.270210266,-21.91875076,-51.78750229,-39.375,142.7535976,,,,88.623027592,24.375714672,Pothole,,-0.069391859,10.07665462,0.554656282,-38.96250153,-67.80000305,-58.87500381,0.002809978,0.089430606,0.105068742,-0.069391859,10.07665462,0.554656282,18.61490816366233,32,83,18,21
7.44,-0.323409557,0.394048214,0.27672451,-0.338885009,9.799972057,-0.126857884,-0.027855434,0.127518023,0.009285145,-0.405624911,-0.412299424,0.589311033,0.564083427,2.783403635,-1.533889532,-2.266107321,-21.26250076,-54.31875229,-42.03750229,142.2635671,0.026412964,991.7682495,,88.62302789,24.37571474,Pothole,,-1.738624918,9.692367554,-0.697268519,-38.30625153,-70.33125305,-61.53750229,-0.035796677,0.129503334,0.00989601,-1.738624918,9.692367554,-0.697268519,18.603306334140747,32,83,18,21
7.45,-1.118296504,-0.495889187,-0.993251026,-0.332642585,9.800189495,-0.126516789,0.045814859,0.130572349,-0.134695685,-0.405291155,-0.411705285,0.589456379,0.564605176,2.778155208,-1.534501672,-2.272974133,-18.09375,-51.48750305,-38.96250153,142.883857,,,,88.623028188,24.375714808,Pothole,,-0.838086132,9.203394175,-0.876969501,-35.11875153,-67.5,-58.46250153,0.037873617,0.13255766,-0.134084821,-0.838086132,9.203394175,-0.876969501,18.629371658569408,32,83,18,21
7.46,-0.043532252,0.445092678,0.226769775,-0.326763347,9.800428391,-0.123302892,0.02480111,0.04346303,-0.039095345,-0.405071676,-0.411419109,0.589401901,0.565028012,2.780768394,-1.535175025,-2.271243811,-21.65625,-53.55000305,-40.10625076,143.168641,,,,88.623028486,24.375714876,Pothole,,-0.167019029,9.748838043,0.767138951,-38.70000076,-69.58125305,-59.60625076,0.016859868,0.045448341,-0.038484481,-0.167019029,9.748838043,0.767138951,18.608335503026744,32,83,18,21
7.47,1.303126991,-0.243923187,0.877206206,-0.328688994,9.800405025,-0.120004158,-0.000733,0.216337758,0.048136145,-0.404458523,-0.411059871,0.589735717,0.565380245,2.791528702,-1.535106659,-2.262165785,-22.6875,-51.75000381,-35.79375076,145.3296835,,,,88.623028784,24.375714944,Pothole,,0.423529625,9.75912714,0.644267499,-39.71250153,-67.78125,-55.29375076,-0.00867428,0.21832307,0.04874701,0.423529625,9.75912714,0.644267499,18.61458015226346,32,83,18,21
7.48,-0.922562599,0.376531601,0.308016062,-0.335533381,9.800134659,-0.123193167,-0.053908817,0.078496124,0.065973394,-0.40416801,-0.410855681,0.590173721,0.565279365,2.789715528,-1.534339666,-2.264823675,-21.39375114,-50.43750381,-36.39375305,144.1872401,0.060775757,991.7640381,,88.623029082,24.375715012,Pothole,,-0.673818853,9.510512733,-0.836052249,-38.4375,-66.46875,-55.89375305,-0.061850058,0.080481435,0.06658426,-0.673818853,9.510512733,-0.836052249,18.6292387386104,32,83,18,21
7.49,-0.164479509,-0.506231308,-1.176399261,-0.333667651,9.800190449,-0.123776767,0.03017672,0.13118321,-0.038973173,-0.403892994,-0.410454169,0.590372473,0.565559983,2.786369085,-1.534498692,-2.269344211,-23.04375076,-53.13750076,-38.23125076,144.2658235,,,,88.62302938,24.37571508,Pothole,,-1.176790184,9.724909782,-1.219382441,-40.08750153,-69.15000153,-57.73125076,0.022235478,0.133168522,-0.038362308,-1.176790184,9.724909782,-1.219382441,18.618358195474983,32,83,18,21
7.5,-0.82597819,-0.06922102,-0.775971591,-0.331622422,9.800285339,-0.121719304,0.048747009,0.055924669,-0.030421065,-0.403713733,-0.410304204,0.590388417,0.565780133,2.789822221,-1.53476572,-2.26646471,-22.48125076,-52.01250076,-36.90000153,144.6464005,,,,88.623029678,24.375715148,Pothole,,0.161515526,9.393025398,-0.198604275,-39.52500153,-68.02500153,-56.40000153,0.040805767,0.05790998,-0.029810202,0.161515526,9.393025398,-0.198604275,18.598693747963207,32,83,18,21
7.51,0.008220375,-0.316190243,0.614684589,-0.33267957,9.80029726,-0.117822167,0.004276053,0.073303774,0.04214967,-0.403309405,-0.410161927,0.590532899,0.566020817,2.801196456,-1.534800172,-2.256036282,-20.90625,-48.73125076,-35.28750229,144.0907743,,,,88.623029976,24.375715216,Pothole,,-0.393380035,9.658867645,0.782931578,-37.95000076,-64.76250458,-54.78750229,-0.003665189,0.075289085,0.042760536,-0.393380035,9.658867645,0.782931578,18.63239263300317,32,83,18,21
7.52,0.014332801,-0.147720814,0.532445624,-0.338364288,9.800096035,-0.118382484,-0.034452773,0.170645079,0.042516189,-0.40273276,-0.40976733,0.591051996,0.566175342,2.80503881,-1.534233749,-2.253866673,-23.11875153,-51.28125381,-37.89375305,143.5378345,0.137390137,991.755188,,88.623030274,24.375715284,Pothole,,-0.711625457,9.883314514,-0.210568398,-40.16250229,-67.3125,-57.39375305,-0.042394016,0.172630391,0.043127054,-0.711625457,9.883314514,-0.210568398,18.62076437247632,32,83,18,21
7.53,-0.656679407,0.449266911,-0.730820477,-0.339234799,9.800022125,-0.121891882,-0.025045455,0.094378609,-0.018173227,-0.402405381,-0.409250677,0.591447413,0.566368908,2.796641946,-1.534031034,-2.263718724,-22.55625153,-53.71875381,-36.61875153,145.7187091,,,,88.623030572,24.375715352,Pothole,,-0.927218776,9.953543901,-1.195214942,-39.60000229,-69.73125458,-56.11875153,-0.032986698,0.096363921,-0.017562362,-0.927218776,9.953543901,-1.195214942,18.60991012333753,32,83,18,21
7.54,-0.358761095,0.005902767,-0.669238389,-0.330799073,9.800343037,-0.119323459,0.049113529,0.076816246,-0.099693132,-0.402250931,-0.40888758,0.591334939,0.566858113,2.79542315,-1.53493005,-2.265843511,-22.91250038,-51.60000229,-36.45000076,144.7627948,,,,88.62303087,24.37571542,Pothole,,-0.590070069,9.605268669,-0.303888462,-39.95625305,-67.61250305,-55.95000076,0.041172286,0.078801557,-0.099082268,-0.590070069,9.605268669,-0.303888462,18.60288291901041,32,83,18,21
7.55,0.947582722,0.314780235,0.409871072,-0.325838804,9.800550461,-0.115894869,0.012950334,0.121409376,-0.023090689,-0.402029723,-0.408654094,0.591282487,0.567238033,2.799865723,-1.535526514,-2.262194633,-20.28750038,-49.72500229,-36.15000153,143.9829049,,,,88.623031168,24.375715488,Pothole,,0.42305105,10.11350422,0.704925567,-37.33125305,-65.7562561,-55.65000153,0.005009091,0.123394687,-0.022479824,0.42305105,10.11350422,0.704925567,18.629769714940025,32,83,18,21
7.56,0.661289811,0.467483521,0.752604842,-0.330043897,9.800385475,-0.117897604,-0.062766355,0.107664916,0.087048231,-0.401736572,-0.40840517,0.591635674,0.567256689,2.798514247,-1.535051405,-2.264474034,-21.5625,-51.37500381,-36.24375153,144.7980095,0.203445435,991.7474365,,88.623031466,24.375715556,Pothole,,-0.628714129,9.57906723,-0.248255355,-38.58750153,-67.38750458,-55.74375153,-0.070707598,0.109650227,0.087659095,-0.628714129,9.57906723,-0.248255355,18.62338556723861,32,83,18,21
7.57,-0.268806025,-0.357198238,-0.61833103,-0.334141627,9.800221443,-0.119980443,0.011117739,0.141567917,0.003787362,-0.401353717,-0.408052981,0.592055112,0.567343533,2.796860933,-1.534586608,-2.267391205,-23.08125114,-52.16250229,-37.5,144.2873691,,,,88.623031764,24.375715624,Pothole,,-0.635055116,9.892407227,-1.136590731,-40.125,-68.17500305,-57.00000381,0.003176497,0.143553226,0.004398227,-0.635055116,9.892407227,-1.136590731,18.620369177498738,32,83,18,21
7.58,-0.728643298,0.380628586,-0.809974223,-0.333221897,9.800249577,-0.120236401,0.013927717,0.038698283,-0.038240135,-0.401133642,-0.407769054,0.592211127,0.567540467,2.795300961,-1.534664929,-2.269820452,-20.08125114,-51.63750076,-36.09375,145.0470947,,,,88.623032062,24.375715692,Pothole,,-0.585762981,9.765587997,-0.460857642,-37.10625076,-67.66875458,-55.59375381,0.005986475,0.040683594,-0.03762927,-0.585762981,9.765587997,-0.460857642,18.635118850060707,32,83,18,21
7.59,0.265751198,-0.017830372,0.144876927,-0.327854648,9.800452709,-0.118423343,0.017715079,0.126754442,-0.052381655,-0.400887266,-0.407395393,0.592237204,0.567955524,2.794971108,-1.53524226,-2.271226168,-22.40625,-53.55000305,-40.08750153,143.181495,,,,88.62303236,24.37571576,Pothole,,0.239880467,10.22632599,0.670588538,-39.45000076,-69.58125305,-59.58750153,0.009773837,0.12873975,-0.05177079,0.239880467,10.22632599,0.670588538,18.63114185340051,32,83,18,21
7.6,0.534850687,0.373536587,0.860763907,-0.326522544,9.800509453,-0.117401566,-0.018081597,0.107603832,0.006230821,-0.400567964,-0.407068133,0.592404902,0.568240494,2.796434283,-1.535406709,-2.27087903,-22.33125114,-53.94375229,-37.61250305,145.1137052,0.221954346,991.7449341,,88.623032658,24.375715828,Pothole,,0.205304183,9.683753395,0.375673148,-39.375,-69.95625305,-57.11250305,-0.026022839,0.109589143,0.006841686,0.205304183,9.683753395,0.375673148,18.60582062102462,32,83,18,21
7.61,0.208136231,0.077942848,-0.263573129,-0.328598693,9.800424576,-0.118657816,-0.019792019,0.128984097,0.035674503,-0.400177047,-0.406671911,0.592766255,0.568422765,2.795066476,-1.53516382,-2.273599982,-20.13750076,-50.70000076,-37.53750229,143.4843209,,,,88.623032956,24.375715896,Pothole,,-0.540777916,10.09196873,-0.764267564,-37.18125153,-66.71250153,-57.03750229,-0.027733262,0.130969408,0.036285368,-0.540777916,10.09196873,-0.764267564,18.61232126769266,32,83,18,21
7.62,-0.335326016,-0.098377705,-0.882828087,-0.333111361,9.800266743,-0.119142793,0.015577053,0.051312642,0.035888306,-0.399924725,-0.406569153,0.593030751,0.568397939,2.79810822,-1.534711897,-2.27116394,-22.36875153,-53.56875229,-39.45000076,143.6307016,,,,88.62303325399999,24.375715964,Pothole,,-0.529412001,9.373882771,-0.862612575,-39.41250229,-69.58125305,-58.95000076,0.00763581,0.053297952,0.03649917,-0.529412001,9.373882771,-0.862612575,18.609848446707627,32,83,18,21
7.63,-0.013385862,0.083126068,-0.004722476,-0.332501322,9.800329208,-0.115711361,0.041783151,0.074006268,-0.011117739,-0.39966023,-0.406475216,0.593068898,0.568611324,2.806697607,-1.534888268,-2.263192654,-22.3125,-49.31250381,-34.91250229,144.702087,,,,88.623033552,24.375716032,Pothole,,-0.203389926,10.28674431,0.760439051,-39.35625076,-65.32500458,-54.41250229,0.033841909,0.075991579,-0.010506874,-0.203389926,10.28674431,0.760439051,18.629691779373672,32,83,18,21
7.64,0.229462981,0.441034794,1.223834991,-0.331241488,9.800393105,-0.113855664,-0.018692462,0.131061038,-0.019792019,-0.399420798,-0.406284928,0.593145162,0.568836004,2.810521364,-1.535072446,-2.260113597,-23.71875,-50.83125305,-35.92500305,144.7492294,0.240447998,991.7428589,,88.62303385,24.3757161,Pothole,,0.23449662,9.635298729,0.984048322,-40.76250076,-66.86250305,-55.42500305,-0.026633705,0.133046348,-0.019181154,0.23449662,9.635298729,0.984048322,18.601274149098963,32,83,18,21
7.65,0.220033899,0.220210075,0.624675661,-0.331858099,9.800354958,-0.115301628,-0.050396345,0.066889693,0.052381656,-0.399059847,-0.405846849,0.593471467,0.569061667,2.807204843,-1.534963787,-2.264803052,-22.16250038,-50.51250076,-36.0,144.522723,,,,88.623034148,24.375716168,Pothole,,-0.715453973,9.968977737,-0.171326093,-39.20625305,-66.54375458,-55.50000381,-0.058337587,0.068875004,0.052992521,-0.715453973,9.968977737,-0.171326093,18.62270090029667,32,83,18,21
7.66,-0.344666585,-0.526309013,-0.634885132,-0.338138565,9.800156593,-0.113881193,0.051190469,0.110535982,0.033108871,-0.398627371,-0.405745208,0.593810678,0.569083422,2.816740513,-1.534406722,-2.25617981,-24.01875114,-49.29375076,-35.53125,144.2156962,,,,88.623034446,24.375716236,Pothole,,-0.893479946,9.166425133,-0.647976366,-41.0625,-65.32500458,-55.03125381,0.043249227,0.112521291,0.033719736,-0.893479946,9.166425133,-0.647976366,18.630343611292325,32,83,18,21
7.67,-1.075267166,-0.054235935,0.178252667,-0.338813514,9.800171852,-0.110573534,0.011239912,0.046150834,-0.031520622,-0.398241565,-0.405571401,0.593958348,0.569323272,2.826135159,-1.53444618,-2.247748017,-26.55000114,-52.38750076,-35.625,145.7831765,,,,88.623034744,24.375716304,Pothole,,-1.10907327,9.5282197,0.550947417,-43.59375,-68.41875458,-55.12500381,0.00329867,0.048136145,-0.030909758,-1.10907327,9.5282197,0.550947417,18.63481168846073,32,83,18,21
7.68,0.124416709,-0.322726727,0.702402771,-0.332494065,9.800375938,-0.111667667,-0.038637198,0.154854221,-0.070096733,-0.397981122,-0.404968813,0.59409827,0.569788158,2.817576885,-1.535023868,-2.257796884,-22.20000076,-48.82500076,-33.58125305,145.4802707,0.219299316,991.7454224,,88.623035042,24.375716372,Pothole,,-0.31728828,9.628718376,0.501057065,-39.24375153,-64.85625458,-53.08125305,-0.04657844,0.156839533,-0.069485867,-0.31728828,9.628718376,0.501057065,18.613260316162247,32,83,18,21
7.69,0.158059299,-0.535842419,0.126989856,-0.334109962,9.8003335,-0.110532813,0.005131264,0.084390969,0.019669846,-0.397628456,-0.404737487,0.594325185,0.569961995,2.822097659,-1.534901559,-2.254276276,-22.96875,-52.14375305,-38.13750076,143.8185775,,,,88.62303534,24.37571644,Pothole,,0.210089829,9.093204498,-0.174197489,-40.01250076,-68.17500305,-57.63750076,-0.002809978,0.086376279,0.020280711,0.210089829,9.093204498,-0.174197489,18.63218030209701,32,83,18,21
7.7,0.436023355,-0.037275314,-0.079432115,-0.337909192,9.800232887,-0.107969925,0.024587307,0.079259706,0.06383537,-0.397277176,-0.404685438,0.594523549,0.570037067,2.832321644,-1.534613729,-2.244741201,-23.13750076,-54.35625076,-38.68125153,144.5634052,,,,88.623035638,24.375716508,Pothole,,-1.392622769,9.668200016,0.097507519,-40.18125153,-70.38750458,-58.18125153,0.016646065,0.081245017,0.064446236,-1.392622769,9.668200016,0.097507519,18.603405570318785,32,83,18,21
7.71,-0.696849473,-0.345369339,0.053474031,-0.341187924,9.800118923,-0.107839353,0.000855,0.10039563,-0.007941242,-0.397019267,-0.404561386,0.594748527,0.570070118,2.835458279,-1.534300506,-2.242257237,-20.75625038,-51.61875153,-37.36875153,144.09781,,,,88.623035936,24.375716576,Pothole,,-0.654197721,9.074062157,-0.225403892,-37.80000305,-67.65000153,-56.86875153,-0.007086031,0.102380935,-0.007330377,-0.654197721,9.074062157,-0.225403892,18.6323670013027,32,83,18,21
7.72,-0.79764545,-0.284440041,0.012729779,-0.339001536,9.800190449,-0.108267728,-0.01075122,0.010598504,-0.021258095,-0.396806508,-0.404222071,0.594885528,0.570315987,2.832459927,-1.534499466,-2.246207118,-23.45625114,-51.16875076,-37.40625,143.8318147,0.132110596,991.7555542,,88.623036234,24.375716644,Pothole,,-0.852802008,9.461220932,0.011006985,-40.5,-67.20000458,-56.90625381,-0.018692462,0.012583814,-0.020647229,-0.852802008,9.461220932,0.011006985,18.603004642675305,32,83,18,21
7.73,0.129032433,-0.525193214,0.174979173,-0.34113887,9.80014801,-0.10540108,0.038179049,0.143858654,0.024129159,-0.396408543,-0.404070243,0.595080227,0.570497125,2.84192574,-1.534378886,-2.237681508,-23.08125114,-51.80625153,-36.67500305,144.7043227,,,,88.623036532,24.375716712,Pothole,,-0.47018965,9.561719418,0.372682129,-40.125,-67.8187561,-56.17500305,0.030237807,0.145843964,0.024740023,-0.47018965,9.561719418,0.372682129,18.6130636672527,32,83,18,21
7.74,-0.860028058,-0.16428709,0.626636297,-0.34466283,9.800051212,-0.102886844,-0.000244,0.057635091,0.014538582,-0.395978689,-0.403921515,0.595332086,0.57063821,2.851499677,-1.534109712,-2.229098558,-19.85625076,-49.29375076,-34.3125,145.1589125,,,,88.62303683,24.37571678,Pothole,,-0.848016348,9.447820854,0.301495656,-36.90000153,-65.32500458,-53.81250381,-0.008185588,0.059620401,0.015149446,-0.848016348,9.447820854,0.301495656,18.62822432412629,32,83,18,21
7.75,-0.571112275,-0.3125,0.134874355,-0.340693995,9.800182343,-0.103580851,-0.01734856,0.101861703,-0.061697344,-0.395699337,-0.403422564,0.595500439,0.571009159,2.846437573,-1.534476578,-2.235497713,-22.29375076,-52.87500381,-36.50625229,145.3778107,,,,88.62303712799999,24.375716848,Pothole,,-0.996371353,9.456435204,-0.093798649,-39.33750153,-68.90625,-56.00625229,-0.025289802,0.103847015,-0.061086479,-0.996371353,9.456435204,-0.093798649,18.60142672251616,32,83,18,21
7.76,-0.175187275,-0.621241093,-0.137734048,-0.334617689,9.800410271,-0.101838544,0.021838416,0.077579827,-0.072845627,-0.395507574,-0.403075561,0.595475286,0.571413159,2.846163988,-1.535120964,-2.236703992,-24.0,-53.10000229,-37.33125305,144.8913725,0.092468262,991.7602539,,88.623037426,24.375716916,Pothole,,-0.312861564,8.95693326,-0.177667083,-41.04375076,-69.11250305,-56.83125305,0.013897174,0.079565139,-0.072234761,-0.312861564,8.95693326,-0.177667083,18.60369880289575,32,83,18,21
7.77,0.110813007,-0.394361496,0.307648838,-0.333506823,9.800469398,-0.0997587,0.012583815,0.049938194,0.001099556,-0.395339549,-0.402980626,0.595492005,0.571578979,2.85094285,-1.535292387,-2.232379198,-25.03125191,-52.10625076,-37.875,143.9873406,,,,88.623037724,24.375716984,Pothole,,-0.157447729,9.689974594,0.609212643,-42.05625153,-68.11875153,-57.37500381,0.004642573,0.051923506,0.001710421,-0.157447729,9.689974594,0.609212643,18.622598805231853,32,83,18,21
7.78,0.192850791,0.057596684,0.842627794,-0.339979708,9.800238132,-0.100666206,-0.03017672,0.025503605,0.100548342,-0.395184845,-0.40303348,0.595733285,0.571397245,2.85371244,-1.534632862,-2.229774952,-23.36250114,-48.35625076,-33.52500153,145.2667401,,,,88.623038022,24.375717052,Pothole,,-0.491007206,9.484670258,0.464207594,-40.40625,-64.36875153,-53.02500153,-0.038117962,0.027488916,0.101159206,-0.491007206,9.484670258,0.464207594,18.621852948552007,32,83,18,21
7.79,-0.45942463,-0.392350674,0.296506252,-0.34820722,9.79995966,-0.099627659,0.012217296,0.103236148,0.035582875,-0.394723877,-0.40295808,0.596136212,0.571348757,2.862917304,-1.533854723,-2.221477985,-23.4375,-52.57500076,-38.58750153,143.7231363,,,,88.62303831999999,24.37571712,Pothole,,-1.571486264,9.525826931,-0.198006075,-40.48125076,-68.58750153,-58.08750153,0.004276054,0.10522146,0.036193737,-1.571486264,9.525826931,-0.198006075,18.61827708991293,32,83,18,21
7.8,-1.424966633,0.063299656,-0.180044413,-0.346484765,9.800014973,-0.10021146,-0.012095123,0.041996953,-0.07855721,-0.394487694,-0.402604565,0.596301407,0.571588695,2.860037923,-1.534008026,-2.225370526,-25.10625076,-52.08750153,-35.0625,146.0536842,0.058120728,991.7642822,,88.623038618,24.375717188,Pothole,,-1.439043558,9.540662575,-0.249332118,-42.15000153,-68.11875153,-54.56250381,-0.020036365,0.043982264,-0.077946346,-1.439043558,9.540662575,-0.249332118,18.62025964331468,32,83,18,21
7.81,-0.302646175,-0.23143959,0.056899186,-0.335012779,9.8004179,-0.099788472,0.008552107,0.085490527,-0.124494243,-0.394404337,-0.402066991,0.596173674,0.572157621,2.852088332,-1.535145283,-2.234399319,-22.66875076,-51.07500076,-37.6875,143.5769236,,,,88.623038916,24.375717256,Pothole,,-0.440877566,9.63828969,0.278763832,-39.71250153,-67.08750153,-57.18750381,0.000611,0.087475836,-0.123883376,-0.440877566,9.63828969,0.278763832,18.61439802557049,32,83,18,21
7.82,0.353180543,-0.341529369,0.513969138,-0.329442531,9.800630569,-0.097424708,0.008857539,0.095905769,-0.033597563,-0.394202948,-0.401769996,0.596135676,0.572544426,2.854061842,-1.535755455,-2.233283639,-22.93125153,-52.31250381,-36.07500076,145.4096323,,,,88.623039214,24.375717324,Pothole,,0.25603202,9.368379402,0.326381001,-39.95625305,-68.32500458,-55.57500076,0.000916,0.09789108,-0.032986698,0.25603202,9.368379402,0.326381001,18.60326201592837,32,83,18,21
7.83,-0.20608075,-0.251644611,0.113086835,-0.333508074,9.800476551,-0.099035107,-0.027122396,0.019272785,0.047891799,-0.394060254,-0.401691929,0.596362114,0.572461635,2.852936149,-1.53531301,-2.234781861,-24.22500038,-52.57500076,-37.16250229,144.7455194,,,,88.62303951199999,24.375717392,Pothole,,-0.675733119,9.365986252,-0.219661118,-41.26875305,-68.58750153,-56.66250229,-0.035063638,0.021258093,0.048502663,-0.675733119,9.365986252,-0.219661118,18.60780643236234,32,83,18,21
7.84,-0.165393382,-0.644408226,-0.471011221,-0.338855445,9.800291061,-0.099275425,0.009926553,0.052228939,0.061697342,-0.393850297,-0.401680171,0.596598566,0.572368026,2.856594801,-1.53478384,-2.231497049,-23.17500114,-50.17500305,-34.5,145.487844,-0.023788452,991.7741089,,88.62303981,24.37571746,Pothole,,-0.720239595,9.790832043,-0.491725061,-40.21875,-66.20625305,-54.00000381,0.001985311,0.05421425,0.062308206,-0.720239595,9.790832043,-0.491725061,18.60228202348016,32,83,18,21
7.85,-0.928677797,0.001029015,-0.110576659,-0.341768205,9.800209045,-0.097419526,0.035430158,0.006933317,-0.017104216,-0.393709645,-0.401767313,0.596664369,0.572335035,2.863920093,-1.534549654,-2.224260926,-21.61875153,-51.78750229,-37.33125305,144.2138826,,,,88.623040108,24.375717528,Pothole,,-0.924586682,9.468399048,0.253160633,-38.66250229,-67.80000305,-56.83125305,0.027488915,0.008918626,-0.01649335,-0.924586682,9.468399048,0.253160633,18.632615742456053,32,83,18,21
7.86,-0.326549098,0.083745003,0.676681802,-0.334152222,9.800499916,-0.094547059,-0.016615522,0.057757264,-0.089919294,-0.393489078,-0.401396826,0.596588314,0.57282573,2.865841627,-1.535377741,-2.223359585,-22.76250076,-51.22500229,-37.66875076,143.6707726,,,,88.623040406,24.375717596,Pothole,,-0.723110989,10.19916744,0.827916634,-39.80625153,-67.2562561,-57.16875076,-0.024556764,0.059742575,-0.08930843,-0.723110989,10.19916744,0.827916634,18.621083492121475,32,83,18,21
7.87,0.133673459,-0.018078804,0.689521372,-0.327219531,9.800728798,-0.094941132,-0.011453715,0.098501947,-0.070402166,-0.393411219,-0.40100491,0.59655562,0.573187619,2.859204412,-1.53604579,-2.230809212,-26.47500038,-51.05625153,-36.75,144.2538746,,,,88.62304070399999,24.375717664,Pothole,,0.27637101,9.368498802,0.197407871,-43.51875305,-67.0687561,-56.25000381,-0.019394957,0.100487257,-0.0697913,0.27637101,9.368498802,0.197407871,18.615485433255337,32,83,18,21
7.88,-0.003917634,0.473500252,0.034561602,-0.328407362,9.800692558,-0.094651274,-0.006719512,0.018539748,0.042516189,-0.393235222,-0.400888458,0.596684635,0.573255569,2.860976577,-1.535938561,-2.229534864,-22.06875038,-51.78750229,-37.33125305,144.2138826,-0.063415527,991.7786255,,88.623041002,24.375717732,Pothole,,-0.695354253,10.04315529,-0.288095841,-39.11250305,-67.80000305,-56.83125305,-0.014660755,0.020525057,0.043127054,-0.695354253,10.04315529,-0.288095841,18.619927782489967,32,83,18,21
7.89,-0.31628865,-0.622310638,-0.261882212,-0.329042405,9.800700665,-0.091548469,0.046425723,0.04969385,-0.022601998,-0.393035412,-0.400895685,0.596706897,0.573364317,2.870237708,-1.535960495,-2.220602274,-24.11250114,-51.16875076,-38.04375076,143.3693527,,,,88.6230413,24.3757178,Pothole,,-1.13419792,9.596175766,0.158883426,-41.15625,-67.18125153,-57.54375076,0.038484482,0.05167916,-0.021991132,-1.13419792,9.596175766,0.158883426,18.641717501930355,32,83,18,21
7.9,-1.479932666,0.653827667,1.09901917,-0.323930055,9.800868034,-0.091884363,-0.038484481,0.000458,-0.07742711,-0.392916813,-0.40054062,0.596726894,0.573672831,2.865183234,-1.536454618,-2.226472735,-22.96875,-48.69375229,-35.00625229,144.2873987,,,,88.623041598,24.375717868,Pothole,,-1.414756425,10.10429168,1.076171994,-39.99375153,-64.70625305,-54.50625229,-0.046425723,0.002443459,-0.076816244,-1.414756425,10.10429168,1.076171994,18.612827351231847,32,83,18,21
7.91,0.685706139,0.333753586,0.602702379,-0.313918084,9.801190376,-0.092315786,-0.027733261,0.17247767,-0.128281602,-0.392709196,-0.399885297,0.596738756,0.574259639,2.855578661,-1.53742516,-2.23756218,-19.23750114,-50.43750381,-35.79375076,144.6379965,,,,88.623041896,24.375717936,Pothole,,-0.219182554,10.07761173,0.213439782,-36.28125,-66.46875,-55.29375076,-0.035674504,0.174462982,-0.127670741,-0.219182554,10.07761173,0.213439782,18.633599298977188,32,83,18,21
7.92,0.02706477,0.370839119,0.028612554,-0.307012022,9.801410675,-0.092017788,0.017104214,0.05885682,-0.080878496,-0.392660201,-0.399567932,0.596656263,0.574599594,2.850383639,-1.538107455,-2.243389368,-24.20625114,-53.36250305,-39.84375,143.252703,-0.044921875,991.7766724,,88.62304219399999,24.375718004,Pothole,,0.485742987,9.341579628,-0.685782957,-41.25,-69.375,-59.34375381,0.009162972,0.060842132,-0.080267631,0.485742987,9.341579628,-0.685782957,18.63450437605872,32,83,18,21
7.93,0.868946612,-0.464557171,-0.594573379,-0.301820174,9.801596165,-0.089518376,0.031612252,-0.014966188,0.019242241,-0.39266783,-0.399514139,0.596470416,0.574824691,2.85326159,-1.538687944,-2.240597844,-24.58125114,-51.24375153,-37.63125229,143.7080078,,,,88.623042492,24.375718072,Pothole,,0.061615184,9.550353527,-0.189032986,-41.60625076,-67.2562561,-57.13125229,0.023671011,-0.012980878,0.019853104,0.061615184,9.550353527,-0.189032986,18.64352866845328,32,83,18,21
7.94,0.743751973,0.026073933,0.025731869,-0.314075977,9.801213741,-0.089124128,0.006963859,-0.058795735,0.165055662,-0.392662555,-0.400037691,0.596643299,0.574284494,2.865050077,-1.53749752,-2.227910995,-22.61250114,-49.95000076,-36.97500229,143.4896644,,,,88.62304279,24.37571814,Pothole,,-0.121076798,9.324829674,0.086620176,-39.63750076,-65.96250153,-56.47500229,-0.000977,-0.056810424,0.165666528,-0.121076798,9.324829674,0.086620176,18.625233753361176,32,83,18,21
7.95,-0.461133443,-0.455839157,0.247449838,-0.326794043,9.800834656,-0.084935948,0.036163195,0.023060144,0.088819739,-0.392260224,-0.400399014,0.596944273,0.573994815,2.88729918,-1.536358058,-2.205718994,-23.32500076,-51.63750076,-37.33125305,144.1350091,,,,88.623043088,24.375718208,Pothole,,-0.961316507,9.966704607,0.251246372,-40.35000229,-67.65000153,-56.83125305,0.028221953,0.025045456,0.089430604,-0.961316507,9.966704607,0.251246372,18.66535265398034,32,83,18,21
7.96,-1.163410902,0.893192768,0.495858163,-0.33133769,9.800682545,-0.084955305,-0.02809978,-0.012675444,0.014355322,-0.392078891,-0.40039666,0.597139865,0.573916912,2.890596747,-1.535908103,-2.202730298,-22.03125,-49.72500229,-37.40625,143.0472315,-0.031707764,991.7750854,,88.62304338599999,24.375718276,Pothole,46.0,-1.451486194,10.42457085,0.301974222,-39.07500076,-65.73750305,-56.90625381,-0.036041022,-0.010690134,0.014966188,-1.451486194,10.42457085,0.301974222,18.6740480379963,32,83,18,21
7.97,-0.767169818,-0.054717064,0.038898975,-0.323110506,9.800997257,-0.080198303,0.048013972,0.093798289,-0.111177391,-0.391789764,-0.400046691,0.597023189,0.574479491,2.898326159,-1.536842585,-2.196101904,-24.63750076,-50.58750153,-36.20625305,144.4081185,,,,88.623043684,24.375718344,,,-1.040877843,9.847900963,-0.017706885,-41.66250229,-66.6000061,-55.70625305,0.04007273,0.095783597,-0.110566525,-1.040877843,9.847900963,-0.017706885,18.665773721339814,32,83,18,21
7.98,-1.503374696,-0.003213882,0.433664143,-0.314725786,9.801301956,-0.07628607,0.031154103,0.053359038,-0.135489807,-0.391650826,-0.399795353,0.596833467,0.574946165,2.903789997,-1.537766337,-2.191316128,-20.79375076,-49.21875381,-35.32500076,144.3324576,,,,88.623043982,24.375718412,,,-0.423529603,9.688539028,0.254237406,-37.83750153,-65.25,-54.82500076,0.023212862,0.055344349,-0.134878942,-0.423529603,9.688539028,0.254237406,18.67730307665652,32,83,18,21
7.99,0.132258967,-0.293709755,0.366680592,-0.304507062,9.801630974,-0.075339578,-0.011300998,0.0650571,-0.092546017,-0.391639084,-0.399420559,0.596647918,0.575407058,2.899036288,-1.538802087,-2.196740746,-24.88125038,-51.24375153,-37.63125229,143.7080078,,,,88.62304428,24.37571848,,,0.133998062,9.687103081,0.256510589,-41.92500305,-67.2562561,-57.13125229,-0.019242241,0.067042411,-0.091935148,0.133998062,9.687103081,0.256510589,18.692235620393724,32,83,18,21
8.0,0.669532657,-0.011713982,0.146147847,-0.303392187,9.801672459,-0.074462354,0.025656321,0.009743294,0.050823949,-0.391626745,-0.399415329,0.596603781,0.575464845,2.900897861,-1.538933218,-2.194909215,-25.76250076,-51.39375305,-36.1875,144.8497603,0.010559082,991.7700195,,88.62304457799999,24.375718548,,,0.316331151,9.270752144,-0.19764715,-42.80625153,-67.40625,-55.68750381,0.017715079,0.011728604,0.051434815,0.316331151,9.270752144,-0.19764715,18.688959984316032,32,83,18,21
8.01,0.147425801,-0.303959846,-0.070341341,-0.311145395,9.801468849,-0.068984035,0.055588694,-0.028252496,0.088728108,-0.391352028,-0.399782673,0.596689016,0.575308233,2.923367023,-1.53829056,-2.172275543,-20.79375076,-50.64375305,-36.63750076,144.1166787,,,,88.623044876,24.375718616,,,-0.555733074,10.01815033,0.115453694,-37.83750153,-66.67500305,-56.13750076,0.047647453,-0.026267185,0.089338973,-0.555733074,10.01815033,0.115453694,18.671409779026835,32,83,18,21
8.02,-0.408266395,0.390872478,0.313763306,-0.319241017,9.801231384,-0.065900702,0.020769402,-0.040714137,0.060231267,-0.391179651,-0.40012449,0.596805781,0.575066715,2.938013315,-1.537550509,-2.15733254,-24.43125153,-50.85000229,-35.26875305,145.2554383,,,,88.623045174,24.375718684,,,-1.097827041,9.646903801,0.239760832,-41.47500229,-66.86250305,-54.76875305,0.01282816,-0.038728828,0.060842131,-1.097827041,9.646903801,0.239760832,18.69223143862028,32,83,18,21
8.03,-0.697285324,-0.03017664,0.180314869,-0.317834064,9.8013134,-0.060185628,0.050701776,0.048105601,-0.045814858,-0.390867859,-0.400091141,0.596768051,0.575341016,2.954456329,-1.53780359,-2.141480565,-25.72500038,-51.76875305,-36.375,144.9064376,,,,88.623045472,24.375718752,,,-1.149990571,10.08622589,0.270388954,-42.76875305,-67.78125,-55.87500381,0.042760534,0.050090912,-0.045203994,-1.149990571,10.08622589,0.270388954,18.69655560758868,32,83,18,21
8.04,-0.69008036,0.513938427,0.552996814,-0.313959882,9.801455975,-0.057163231,0.007177661,-0.033750278,-0.049327331,-0.390819088,-0.400065318,0.596619844,0.575545788,2.96151185,-1.538249671,-2.134558797,-22.20000076,-51.00000381,-38.08125305,143.2516273,0.118896484,991.7573242,,88.62304576999999,24.37571882,,,-0.744766042,9.833304644,0.519242518,-39.24375153,-67.01250458,-57.58125305,-0.000764,-0.031764968,-0.048716466,-0.744766042,9.833304644,0.519242518,18.691647968139524,32,83,18,21
8.05,0.234925732,-0.399968147,0.497731298,-0.310051888,9.801609039,-0.052109919,0.051434815,0.061178107,-0.04544834,-0.390568316,-0.399952531,0.596528471,0.575888991,2.975080729,-1.538729668,-2.121614218,-25.72500038,-50.32500076,-37.125,143.5836219,,,,88.623046068,24.375718888,,,-0.227318162,10.01300564,0.623569584,-42.76875305,-66.35625458,-56.62500381,0.043493573,0.063163418,-0.044837474,-0.227318162,10.01300564,0.623569584,18.705915315262807,32,83,18,21
8.06,-0.176920965,0.266771317,0.753062636,-0.308296993,9.801686764,-0.047541762,0.035674503,-0.009193516,-0.03139845,-0.390505135,-0.400093034,0.596359253,0.576009512,2.988598466,-1.53898263,-2.107968569,-24.43125153,-52.51875305,-38.32500076,143.8802994,,,,88.623046366,24.375718956,,,-0.317766851,9.396614647,0.535513693,-41.47500229,-68.55000305,-57.82500076,0.027733261,-0.007208204,-0.030787585,-0.317766851,9.396614647,0.535513693,18.715095479636243,32,83,18,21
8.07,0.079686224,-0.060664177,0.536545545,-0.307924896,9.801713943,-0.044442732,-0.00442877,-0.032528549,0.040927939,-0.390412226,-0.400170133,0.596291602,0.576088935,2.998247862,-1.539066017,-2.098345399,-23.34375,-47.56875229,-32.25,145.8640612,,,,88.623046664,24.375719024,,,-0.244067921,10.6157577,0.525224574,-40.38750076,-63.58125305,-51.75000381,-0.012370011,-0.030543239,0.041538805,-0.244067921,10.6157577,0.525224574,18.715607429680546,32,83,18,21
8.08,-0.114499226,0.127708912,0.57097885,-0.31620653,9.801466942,-0.040557293,0.047403107,-0.020555601,0.066706434,-0.390264362,-0.400593445,0.596361428,0.575822562,3.01400125,-1.538282156,-2.082113743,-20.79375076,-50.64375305,-36.63750076,144.1166787,0.1690979,991.7512817,,88.62304696199999,24.375719092,,,-0.310588396,9.621539879,0.568056095,-37.83750153,-66.67500305,-56.13750076,0.039461865,-0.018570289,0.067317298,-0.310588396,9.621539879,0.568056095,18.697185880275654,32,83,18,21
8.09,-0.594130814,0.750510216,0.889514416,-0.318479836,9.801412582,-0.03554243,0.003176497,-0.02434296,0.002443459,-0.389986053,-0.400703713,0.596384525,0.575910509,3.03045249,-1.538112938,-2.065948248,-22.875,-52.35000229,-39.0,143.3144184,,,,88.62304725999999,24.37571916,,,-1.167697465,10.67294617,0.829352331,-39.91875076,-68.36250305,-58.50000381,-0.004764745,-0.02235765,0.003054324,-1.167697465,10.67294617,0.829352331,18.684040154111965,32,83,18,21
8.1,-0.544838652,0.002028942,0.5099466,-0.312171906,9.801623821,-0.033060687,0.021838416,-0.006414081,-0.107206766,-0.390006125,-0.400616556,0.596173376,0.576176047,3.036121964,-1.538779199,-2.060399175,-24.35625076,-49.03125381,-36.46875,143.3586535,,,,88.623047558,24.375719228,,,-0.561116898,9.366106033,0.300897449,-41.40000153,-65.0625,-55.96875381,0.013897174,-0.004428769,-0.106595904,-0.561116898,9.366106033,0.300897449,18.71912161646292,32,83,18,21
8.11,-0.121631473,0.446529388,0.561548918,-0.307495624,9.801789284,-0.027673215,0.03970621,-0.003695732,-0.039828384,-0.389907911,-0.40065071,0.595950425,0.576449394,3.05183506,-1.539308488,-2.044801235,-20.08125114,-50.64375305,-37.27500153,143.6460516,,,,88.623047856,24.375719296,,,-0.450329205,10.1761961,0.647019255,-37.125,-66.65625,-56.77500153,0.031764968,-0.001710421,-0.039217518,-0.450329205,10.1761961,0.647019255,18.71341054426819,32,83,18,21
8.12,0.568981647,0.325824738,0.55676353,-0.307040632,9.801811218,-0.024779506,0.024068073,-0.005650499,-0.005619956,-0.389891893,-0.400791407,0.595836341,0.576480329,3.06106329,-1.539377689,-2.035360098,-23.64375114,-49.87500381,-37.35000229,143.1714815,0.182312012,991.7496948,,88.62304815399999,24.375719364,,,-0.333200559,9.245268345,0.574875645,-40.6875,-65.90625,-56.85000229,0.016126831,-0.003665188,-0.005009091,-0.333200559,9.245268345,0.574875645,18.68491204047769,32,83,18,21
8.13,0.157506287,0.093687534,0.484415993,-0.308108672,9.801782131,-0.022767245,-0.002748892,-0.034819291,0.036193738,-0.389770344,-0.400831893,0.595854819,0.576515317,3.067833066,-1.539286733,-2.028730392,-23.49375153,-50.45625305,-36.375,144.211354,,,,88.62304845199999,24.375719432,,,-0.538385095,10.17236748,0.320159673,-40.53750229,-66.46875,-55.87500381,-0.010690133,-0.032833985,0.036804603,-0.538385095,10.17236748,0.320159673,18.71679735547573,32,83,18,21
8.14,-0.112605035,0.147065163,0.184120715,-0.310292453,9.801717758,-0.020600343,0.032742352,-0.014202606,0.002443459,-0.38975586,-0.401038229,0.5958094,0.576428533,3.075308561,-1.539079368,-2.020924211,-19.72500038,-50.21250153,-38.25,142.7012098,,,,88.62304875,24.3757195,,,-0.170368975,10.16375351,0.217746866,-36.76875305,-66.24375153,-57.75000381,0.02480111,-0.012217296,0.003054324,-0.170368975,10.16375351,0.217746866,18.71477925095113,32,83,18,21
8.15,-0.210458271,0.71577692,0.512984246,-0.3114696,9.801690578,-0.015386288,0.046059206,-0.083230326,0.009651663,-0.389730871,-0.401377589,0.595631212,0.576393396,3.092234731,-1.538992941,-2.003462136,-23.86875153,-53.36250305,-39.20625305,143.6947018,,,,88.623049048,24.375719568,,,-0.691525765,9.993623734,0.756730169,-40.91250229,-69.39375305,-58.70625305,0.038117962,-0.081245015,0.010262529,-0.691525765,9.993623734,0.756730169,18.70074670957732,32,83,18,21
8.16,-0.226904601,-0.492961407,0.952370226,-0.306963757,9.801842213,-0.007256894,0.056810424,0.04413498,-0.072234761,-0.389565572,-0.401515886,0.59534508,0.576704323,3.117978215,-1.539480746,-1.97776866,-24.82500076,-49.10625076,-36.05625153,143.7120332,0.206100464,991.7469482,,88.623049346,24.375719636,,,-0.295752878,9.867043495,1.073898828,-41.86875153,-65.13750458,-55.55625153,0.048869182,0.046120291,-0.071623897,-0.295752878,9.867043495,1.073898828,18.703648876060274,32,83,18,21
8.17,-0.331988752,0.94645071,0.993732691,-0.310486332,9.801730156,-0.007944922,-0.045326168,-0.097402387,0.055588694,-0.389656097,-0.40171212,0.595363528,0.576487392,3.116010189,-1.539119303,-1.97924155,-21.28125,-51.78750229,-36.69375229,144.680729,,,,88.62304964399999,24.375719704,,,-0.511106911,9.909635735,0.544606434,-38.30625153,-67.8187561,-56.19375229,-0.053267409,-0.09541708,0.056199559,-0.511106911,9.909635735,0.544606434,18.6959601081548,32,83,18,21
8.18,0.272452042,-0.272920609,0.197821476,-0.311478868,9.801702023,-0.001621384,0.076663529,0.078496124,-0.005803215,-0.389389217,-0.401861325,0.595305353,0.576623827,3.136386395,-1.539027631,-1.959067225,-23.47500038,-49.10625076,-36.07500076,143.6978224,,,,88.623049942,24.375719772,,,-0.264406905,10.29571772,0.422931389,-40.51875305,-65.11875153,-55.57500076,0.068722287,0.080481435,-0.00519235,-0.264406905,10.29571772,0.422931389,18.682190465552875,32,83,18,21
8.19,-1.461847782,1.194431305,1.2186656,-0.311919451,9.801687241,0.001685397,0.021380267,-0.126846071,-0.026389358,-0.389536083,-0.402231812,0.595073998,0.576505125,-3.13619113,-1.538983583,-1.947576404,-23.28750038,-52.36875153,-38.36250305,143.7755201,,,,88.62305024,24.37571984,,,-0.458464783,9.706724167,1.11505537,-40.3125,-68.3812561,-57.86250305,0.013439025,-0.124860761,-0.025778493,-0.458464783,9.706724167,1.11505537,18.693407889665828,32,83,18,21
8.2,0.452648684,-0.290162563,1.028253973,-0.304950923,9.801906109,0.005001169,-0.005742129,0.014996732,-0.037140579,-0.389435604,-0.402043492,0.594902664,0.576881051,-3.125187635,-1.539690673,-1.937072217,-25.55625153,-49.40625381,-35.23125076,144.5076005,0.187591553,991.7492065,,88.623050538,24.375719908,,,-0.558484805,10.506884,1.043749237,-42.60000229,-65.41875458,-54.73125076,-0.013683371,0.016982043,-0.036529714,-0.558484805,10.506884,1.043749237,18.712114137943917,32,83,18,21
8.21,-0.393507764,0.440035343,0.87099582,-0.308714211,9.801787853,0.006255196,0.022143849,-0.081550445,0.035430157,-0.389542922,-0.402384683,0.594833255,0.576642215,-3.121338248,-1.539301813,-1.932452977,-21.07500076,-51.48750305,-36.75,144.482066,,,,88.62305083599999,24.375719976,,,0.11964114,8.527421713,0.359521605,-38.10000229,-67.5,-56.25000381,0.014202606,-0.079565138,0.036041022,0.11964114,8.527421713,0.359521605,18.680185280920178,32,83,18,21
8.22,-0.028527141,-0.039786339,0.580785826,-0.310510278,9.801725864,0.011757626,0.020891574,-0.046211922,0.031154104,-0.389322504,-0.402565002,0.594788194,0.576711655,-3.103740692,-1.539106071,-1.914922655,-23.96250153,-49.95000076,-36.95625305,143.5035604,,,,88.623051134,24.375720044,,,-1.207896841,10.61551857,0.992064273,-41.00625229,-65.98125458,-56.45625305,0.012950333,-0.044226611,0.031764969,-1.207896841,10.61551857,0.992064273,18.69333996686764,32,83,18,21
8.23,-0.077297926,0.026071072,0.766697481,-0.311479747,9.801693916,0.012489698,0.000977,0.010476331,-0.040683594,-0.389386818,-0.402715519,0.594727874,0.576625407,-3.101471543,-1.539004028,-1.912285686,-23.0625,-48.73125076,-35.88750076,143.6306908,,,,88.623051432,24.375720112,,,-0.117726886,9.460742188,0.623091012,-40.10625076,-64.76250458,-55.38750076,-0.006963859,0.012461642,-0.04007273,-0.117726886,9.460742188,0.623091012,18.69592674774363,32,83,18,21
8.24,-0.367451489,0.828320503,0.7794438,-0.308903977,9.801774502,0.013628372,-0.022296564,-0.093156876,0.007024944,-0.389510214,-0.402806103,0.594556093,0.576655924,-3.097502947,-1.539262116,-1.907955587,-20.38125038,-51.28125381,-37.29375076,143.9738737,0.1690979,991.7514648,,88.62305173,24.37572018,,,-0.875773117,10.34417224,0.853639498,-37.40625,-67.3125,-56.79375076,-0.030237807,-0.091171565,0.00763581,-0.875773117,10.34417224,0.853639498,18.701495824117508,32,83,18,21
8.25,0.549284801,-0.440878868,0.54767701,-0.306782603,9.801831245,0.019070455,0.048991355,0.026480986,-0.023212861,-0.389409274,-0.402945012,0.594370961,0.57681787,-3.079487324,-1.539447248,-1.889876544,-22.48125076,-53.60625076,-40.33125305,143.0436238,,,,88.62305202799999,24.375720248,,,-0.032542418,9.618668747,0.69391857,-39.50625229,-69.63750458,-59.83125305,0.041050113,0.028466298,-0.022601997,-0.032542418,9.618668747,0.69391857,18.716794224656503,32,83,18,21
8.26,-1.00538969,0.612250328,1.078220963,-0.309831768,9.801734924,0.019735927,-0.019303327,-0.117194408,0.024068072,-0.389487237,-0.403190911,0.59433502,0.576630473,-3.077979326,-1.539135695,-1.88781178,-25.21875191,-50.26875305,-36.88125229,143.7331935,,,,88.62305232599999,24.375720316,,,-0.285224451,9.786166096,0.761396182,-42.26250076,-66.28125,-56.38125229,-0.027244569,-0.115209097,0.024678938,-0.285224451,9.786166096,0.761396182,18.69385383977463,32,83,18,21
8.27,0.266064718,-0.208428383,0.611093044,-0.309260249,9.80175066,0.020748961,0.007330377,0.01084285,0.015118903,-0.389553428,-0.403297067,0.59423846,0.576611012,-3.074603081,-1.539184749,-1.884141326,-22.33125114,-47.32500076,-36.76875305,142.1548863,,,,88.623052624,24.375720384,,,-0.513260439,10.15932655,0.573679227,-39.375,-63.33750153,-56.26875305,-0.000611,0.012828161,0.015729768,-0.513260439,10.15932655,0.573679227,18.69387812807584,32,83,18,21
8.28,-0.317930266,0.529616833,0.559704974,-0.314875633,9.801566124,0.023339136,0.022357651,-0.069302609,0.052167851,-0.389544204,-0.403675318,0.594222546,0.576368898,-3.067621827,-1.538594782,-1.876523435,-24.76875114,-51.73125076,-37.66875076,143.9393013,0.182312012,991.7496948,,88.623052922,24.375720452,,,-0.331166649,9.798608589,0.493400031,-41.79375076,-67.74375153,-57.16875076,0.014416409,-0.067317298,0.052778716,-0.331166649,9.798608589,0.493400031,18.709500049924383,32,83,18,21
8.29,-0.374423981,-0.013700008,0.550621554,-0.313885003,9.801586628,0.027664812,0.017104214,-0.04951059,-0.050213085,-0.389467075,-0.403817326,0.594083518,0.576464832,-3.053678632,-1.538659275,-1.862468898,-23.11875153,-51.18750381,-36.76875305,144.309745,,,,88.62305321999999,24.37572052,,,-0.9391829,10.14018416,0.687936515,-40.16250229,-67.20000458,-56.26875305,0.009162972,-0.04752528,-0.049602221,-0.9391829,10.14018416,0.687936515,18.698088717635585,32,83,18,21
8.3,-0.030686498,0.095773697,0.602982521,-0.308220163,9.801762104,0.02890998,-0.00122173,-0.009010255,-0.065209815,-0.389618278,-0.403815776,0.593841434,0.576613158,-3.048054457,-1.539223075,-1.856595874,-23.32500076,-51.63750076,-37.33125305,144.1350091,,,,88.62305351799999,24.375720588,,,0.072741809,9.633504105,0.533120883,-40.35000229,-67.65000153,-56.83125305,-0.009162972,-0.007024944,-0.06459895,0.072741809,9.633504105,0.533120883,18.68898419291759,32,83,18,21
8.31,0.114935681,-0.193950176,0.49799487,-0.304999694,9.801855087,0.031502854,0.016004657,-0.065148728,-0.014416408,-0.389753252,-0.40397945,0.593591839,0.576664329,-3.038673878,-1.539525092,-1.846708715,-22.70625114,-49.03125381,-36.48750305,143.3445473,,,,88.623053816,24.375720656,,,0.029670999,9.673703194,0.528335238,-39.75,-65.04375458,-55.98750305,0.008063415,-0.063163418,-0.013805544,0.029670999,9.673703194,0.528335238,18.6980975806453,32,83,18,21
8.32,0.472016081,0.065655231,0.665003061,-0.312296525,9.801615715,0.034403926,0.015118903,-0.094531322,0.090255273,-0.389832839,-0.404537126,0.59352535,0.576287806,-3.0318923,-1.538750887,-1.838828206,-24.90000153,-50.81250381,-37.81875229,143.3404113,0.171737671,991.7510986,,88.623054114,24.375720724,,,-0.135792684,9.786046505,0.835095108,-41.94375229,-66.82500458,-57.31875229,0.007177661,-0.092546012,0.090866136,-0.135792684,9.786046505,0.835095108,18.685634280815183,32,83,18,21
8.33,-0.217609942,-0.192770958,0.881527066,-0.320477396,9.801337242,0.038525812,0.034086255,-0.085918134,0.09627229,-0.389758408,-0.405046731,0.593529224,0.575976193,-3.021952868,-1.537876606,-1.828136206,-23.625,-50.92500305,-37.70625305,143.4827493,,,,88.62305441199999,24.375720792,,,-0.567577541,9.637811089,0.87290169,-40.65000153,-66.9375,-57.20625305,0.026145013,-0.083932823,0.096883154,-0.567577541,9.637811089,0.87290169,18.68705547946024,32,83,18,21
8.34,-0.55792965,0.148612499,0.839628726,-0.325715125,9.801158428,0.039754126,-0.024068072,-0.067470016,0.027000223,-0.389640883,-0.405215696,0.593638867,0.575823873,-3.020136237,-1.537330747,-1.826226532,-22.70625114,-51.52500153,-38.25,143.4113565,,,,88.62305470999999,24.37572086,,,-1.340459275,10.06229782,0.700618458,-39.75,-67.5375061,-57.75000381,-0.032009314,-0.065484705,0.027611088,-1.340459275,10.06229782,0.700618458,18.69993471090957,32,83,18,21
8.35,-0.821024403,-0.054077148,0.575688899,-0.321957678,9.80128336,0.039522409,0.006108648,-0.02611447,-0.112857267,-0.389804795,-0.405215845,0.593477339,0.575879276,-3.019410729,-1.537712753,-1.825223207,-24.0,-52.33125305,-40.27500153,142.4175218,,,,88.623055008,24.375720928,,,-0.200997103,9.961320877,0.814756125,-41.04375076,-68.34375,-59.77500153,-0.001832595,-0.024129159,-0.112246403,-0.200997103,9.961320877,0.814756125,18.696757017980172,32,83,18,21
8.36,0.298658013,0.679718494,1.22064665,-0.315501153,9.801481247,0.042555932,0.002199113,-0.0833525,-0.022968516,-0.390018135,-0.405353293,0.593106031,0.576020628,-3.007519841,-1.538326025,-1.812739968,-22.27500153,-54.26250076,-41.77500153,142.4084515,0.150604248,991.753418,,88.623055306,24.375720996,,,0.378544534,10.28291626,1.478764391,-39.30000305,-70.29375458,-61.27500153,-0.005742129,-0.081367188,-0.022357651,0.378544534,10.28291626,1.478764391,18.71659383604272,32,83,18,21
8.37,0.698956162,0.164572239,1.17998606,-0.320027739,9.801326275,0.044461152,-0.016004657,-0.044623672,0.084421512,-0.390055776,-0.405693859,0.593067765,0.575794756,-3.003539324,-1.537843347,-1.808106899,-21.31875038,-50.06250381,-38.88750076,142.1606903,,,,88.62305560399999,24.375721064,,,-0.339780813,9.843593788,0.733639422,-38.36250305,-66.07500458,-58.38750076,-0.023945899,-0.042638362,0.085032378,-0.339780813,9.843593788,0.733639422,18.694495755964656,32,83,18,21
8.38,-0.577245116,-0.081673622,0.148247234,-0.328344002,9.801053524,0.043932665,-0.009315688,-0.092240581,0.061544626,-0.390113115,-0.406063899,0.593171984,0.575387567,-3.008581877,-1.537009776,-1.812407434,-20.73750114,-53.11875153,-41.71875,141.8543876,,,,88.62305590199999,24.375721132,,,-1.241874963,9.301499844,-0.011365906,-37.78125,-69.1312561,-61.21875381,-0.01725693,-0.090255272,0.06215549,-1.241874963,9.301499844,-0.011365906,18.703223534011112,32,83,18,21
8.39,-0.692381978,0.008687496,0.328193493,-0.328555301,9.801044464,0.044409987,0.005009091,-0.098624121,-0.023823727,-0.390319854,-0.406314611,0.593009353,0.575237989,-3.00723958,-1.536980569,-1.810281873,-23.96250153,-53.34375381,-40.5,142.7932629,,,0.952270269,88.6230562,24.3757212,,,-0.764746113,9.977113342,0.681954446,-40.98750305,-69.35625458,-60.00000381,-0.002932151,-0.096638809,-0.023212862,-0.764746113,9.977113342,0.681954446,18.705290571516773,32,83,18,21
8.4,0.236376971,0.488872528,0.963349044,-0.327431649,9.80107975,0.044787183,-0.01282816,-0.058795734,-0.023090688,-0.390476018,-0.406452,0.592866898,0.575181842,-3.005653858,-1.537092686,-1.808196425,-21.71250153,-51.93750381,-37.29375076,144.3197437,0.184951782,991.7493896,,88.6230562,24.3757212,,,-0.272303218,9.616754341,1.037049341,-38.75625229,-67.96875,-56.79375076,-0.020769402,-0.056810424,-0.022479824,-0.272303218,9.616754341,1.037049341,18.680523778263524,32,83,18,21
8.41,0.163348928,-0.075128078,0.873739213,-0.32522738,9.801153183,0.044907486,-0.035888306,-0.005345067,-0.00763581,-0.390513733,-0.406407133,0.592802823,0.575253904,-3.004382253,-1.537311912,-1.806937873,-22.23750114,-51.33750153,-39.5625,142.3808781,,,,88.6230562,24.3757212,,,-0.501296356,10.04985523,0.386440855,-39.28125,-67.36875153,-59.06250381,-0.043829549,-0.003359756,-0.007024945,-0.501296356,10.04985523,0.386440855,18.70654149488066,32,83,18,21
8.42,-0.244454771,0.068532944,0.085147262,-0.326109782,9.801134109,0.042414924,-0.006719513,-0.10118975,0.009896009,-0.390820965,-0.406609491,0.592702031,0.575006098,-3.012255192,-1.537255824,-1.813938916,-23.25,-52.06875229,-40.57500076,142.0722046,,,,88.6230562,24.3757212,,,-0.247896421,9.340143967,-0.204347052,-40.29375076,-68.1000061,-60.07500076,-0.014660755,-0.099204441,0.010506874,-0.247896421,9.340143967,-0.204347052,18.687121438674783,32,83,18,21
8.43,-0.006143555,-0.313882351,-0.137948865,-0.32805042,9.801060677,0.044430593,0.020402884,-0.095203274,0.026633704,-0.390964836,-0.406959891,0.592545003,0.574822217,-3.006973743,-1.537032843,-1.80780834,-21.99375153,-48.65625381,-36.30000305,143.2752172,,,,88.6230562,24.3757212,,,-0.664008282,9.854241848,0.300897446,-39.03750229,-64.6875,-55.80000305,0.012461642,-0.093217966,0.02724457,-0.664008282,9.854241848,0.300897446,18.71844281269877,32,83,18,21
8.44,-0.305629581,-0.105474472,0.6036852,-0.33152172,9.800948143,0.043609781,-0.022907429,-0.104763312,0.014966187,-0.391235903,-0.407333359,0.592437714,0.574483722,-3.010798693,-1.536691785,-1.81052351,-18.84375,-49.78125381,-36.41250229,143.8163929,0.206100464,991.7469482,,88.6230562,24.3757212,,,-0.237846571,9.611489868,0.738903642,-35.88750076,-65.79375458,-55.91250229,-0.030848671,-0.102778,0.015577052,-0.237846571,9.611489868,0.738903642,18.68594650911012,32,83,18,21
8.45,0.08558172,0.150053978,0.673798084,-0.333189279,9.800892353,0.0433654,-0.015515965,-0.045723229,0.020280711,-0.391345054,-0.407500178,0.592394739,0.574335366,-3.012167811,-1.536527932,-1.811417401,-21.43125153,-51.30000305,-37.29375076,143.9838358,,,,88.6230562,24.3757212,,,-0.312502639,10.03645535,0.466121854,-38.47500229,-67.3125,-56.79375076,-0.023457208,-0.043737917,0.020891575,-0.312502639,10.03645535,0.466121854,18.69658496494907,32,83,18,21
8.46,-0.476546764,-0.078520775,-0.066757038,-0.33288379,9.800901413,0.043581288,0.00537561,-0.075655603,-0.019303327,-0.391524687,-0.407685846,0.592253834,0.574226499,-3.011412621,-1.536555767,-1.810037732,-24.90000153,-48.48750305,-34.76250076,144.3618486,,,,88.6230562,24.3757212,,,-1.071386322,9.39302516,-0.214157628,-41.94375229,-64.5,-54.26250076,-0.002565632,-0.073670293,-0.018692462,-1.071386322,9.39302516,-0.214157628,18.68341398672314,32,83,18,21
8.47,-0.031395108,0.061890602,-0.465852708,-0.331534207,9.800946236,0.044036608,0.018478659,-0.096058487,-0.018784092,-0.391731918,-0.407871157,0.592068136,0.574145079,-3.009539604,-1.53668654,-1.807494283,-21.26250076,-50.15625381,-37.21875,143.4225151,,,,88.6230562,24.3757212,,,-0.586241533,9.622496796,-0.060299134,-38.30625153,-66.16875458,-56.71875381,0.010537417,-0.094073175,-0.018173227,-0.586241533,9.622496796,-0.060299134,18.719874970073832,32,83,18,21
8.48,-0.191452578,-0.171175957,0.143479407,-0.332294211,9.800913811,0.04536326,0.01612683,-0.068691745,-0.001710421,-0.391878963,-0.408134431,0.591919392,0.574010968,-3.005914092,-1.53659147,-1.803162694,-22.36875153,-53.92500305,-40.29375076,143.2322405,0.192886353,991.7485352,,88.6230562,24.3757212,,,0.16510475,9.690453148,0.645104975,-39.41250229,-69.9375,-59.79375076,0.008185588,-0.066706434,-0.001099557,0.16510475,9.690453148,0.645104975,18.700087800413243,32,83,18,21
8.49,0.607772529,0.340781212,0.683929801,-0.332313016,9.800913811,0.045210855,-0.043676831,-0.04657844,0.027947064,-0.391994208,-0.408244863,0.591844052,0.573931396,-3.00637424,-1.536589742,-1.803234458,-25.31250191,-49.96875381,-36.9375,143.5277453,,,,88.6230562,24.3757212,,,-0.476769909,10.18983531,0.634098001,-42.35625076,-65.98125458,-56.43750381,-0.051618073,-0.04459313,0.028557928,-0.476769909,10.18983531,0.634098001,18.703815400692797,32,83,18,21
8.5,0.219044626,-0.296125412,0.161690414,-0.330240428,9.800984859,0.044853872,0.01282816,-0.052198394,-0.03139845,-0.392296076,-0.408448577,0.591614187,0.573817253,-3.00658381,-1.536805928,-1.802580416,-25.31250191,-49.96875381,-36.9375,143.5277453,,,,88.6230562,24.3757212,,,0.276131746,9.555019188,0.035892342,-42.35625076,-65.98125458,-56.43750381,0.004886919,-0.050213085,-0.030787585,0.276131746,9.555019188,0.035892342,18.682683059095528,32,83,18,21
8.51,0.134749986,0.467965603,0.444542632,-0.334495857,9.800834179,0.04627637,0.002321286,-0.172538757,0.088941911,-0.39258498,-0.409009084,0.59141022,0.573430419,-3.004109144,-1.536354244,-1.798640788,-21.60000038,-51.71250153,-37.72500229,143.8887194,,,,88.6230562,24.3757212,,,0.018185461,10.08239765,0.890608585,-38.64375305,-67.74375153,-57.22500229,-0.005619956,-0.170553447,0.089552779,0.018185461,10.08239765,0.890608585,18.70999841881596,32,83,18,21
8.52,0.459003076,-0.15403986,1.098522812,-0.343905225,9.800490856,0.049865348,0.024434592,-0.051007207,0.088422678,-0.392559603,-0.409590572,0.591413438,0.573029369,-2.997608542,-1.53535372,-1.791174173,-21.60000038,-51.71250153,-37.72500229,143.8887194,0.216659546,991.7457886,,88.6230562,24.3757212,,,-0.095712898,10.03310537,1.228714436,-38.64375305,-67.74375153,-57.22500229,0.016493349,-0.049021896,0.089033542,-0.095712898,10.03310537,1.228714436,18.688396223723817,32,83,18,21
8.53,-0.827571034,0.505455494,0.98401618,-0.34993124,9.800284386,0.04854542,-0.043982265,-0.103511038,0.046181377,-0.392667323,-0.409872904,0.591477573,0.572687387,-3.003743172,-1.534763992,-1.796631336,-23.26875114,-50.23125076,-35.38125229,144.8403846,,,,88.6230562,24.3757212,,,-1.207896841,9.888100243,0.759481925,-40.3125,-66.24375153,-54.88125229,-0.051923507,-0.101525727,0.046792242,-1.207896841,9.888100243,0.759481925,18.71592217157762,32,83,18,21
8.54,-0.194024146,-0.180282593,0.256976306,-0.346974611,9.800394058,0.047684111,-0.011728604,-0.032772896,-0.052290025,-0.392794132,-0.409828782,0.591380715,0.572732031,-3.005020618,-1.535074711,-1.7977705,-21.58125114,-49.57500076,-36.80625153,143.4084877,,,,88.6230562,24.3757212,,,-0.701575601,9.885707474,0.379501677,-38.625,-65.58750153,-56.30625153,-0.019669846,-0.030787585,-0.05167916,-0.701575601,9.885707474,0.379501677,18.688205585619272,32,83,18,21
8.55,-0.26263918,0.197733879,0.373281017,-0.344369933,9.800480843,0.048631409,0.015882484,-0.05742129,-0.050549061,-0.392937899,-0.409925923,0.591201067,0.572749376,-3.001292467,-1.535324454,-1.79363203,-21.58125114,-49.57500076,-36.80625153,143.4084877,,,,88.6230562,24.3757212,,,-0.011964111,9.280562639,0.667597502,-38.625,-65.58750153,-56.30625153,0.007941242,-0.055435978,-0.049938196,-0.011964111,9.280562639,0.667597502,18.687627508826537,32,83,18,21
8.56,0.507328093,-0.293289185,0.714542955,-0.338571429,9.800678253,0.049552068,-0.034574945,-0.04572323,-0.0194255,-0.39313066,-0.409938961,0.590941936,0.572875142,-2.996271014,-1.535895288,-1.788263381,-23.83125114,-51.58125305,-38.47500229,143.2803532,0.227233887,991.7445068,,88.6230562,24.3757212,,,-0.010049853,9.7698946,0.682911599,-40.85625076,-67.61250305,-57.97500229,-0.042516189,-0.043737919,-0.018814636,-0.010049853,9.7698946,0.682911599,18.68146198671392,32,83,18,21
8.57,0.262092791,-0.556255817,0.242726073,-0.342233941,9.800570011,0.045654543,-0.020158538,-0.092393297,0.061452997,-0.393503949,-0.410241723,0.590889841,0.572455734,-3.008970141,-1.535582721,-1.79979676,-19.05000114,-47.94375229,-35.4375,143.5301369,,,,88.6230562,24.3757212,,,-0.050727837,8.678289223,-0.240239392,-36.07500076,-63.97500229,-54.93750381,-0.028099779,-0.090407986,0.062063861,-0.050727837,8.678289223,-0.240239392,18.69888267780439,32,83,18,21
8.58,-0.172158867,-0.5627985,-0.186502038,-0.35463661,9.80012846,0.045619914,0.008246674,-0.154396072,0.145996682,-0.393602058,-0.410858363,0.590996444,0.571835577,-3.01363337,-1.534327805,-1.80321461,-19.05000114,-47.94375229,-35.4375,143.5301369,,,,88.6230562,24.3757212,,,-0.824925616,9.527621508,0.235693028,-36.07500076,-63.97500229,-54.93750381,0.000305,-0.152410761,0.146607546,-0.824925616,9.527621508,0.235693028,18.70259364533049,32,83,18,21
8.59,-0.072786048,-0.357861519,0.548107624,-0.362684235,9.799832821,0.046092045,-0.002809978,-0.052809262,0.044715302,-0.393634319,-0.411256254,0.591066867,0.571454525,-3.015184522,-1.53350693,-1.804015636,-25.72500038,-51.28125381,-38.49375153,143.1066475,,,,88.6230562,24.3757212,,,-0.577627391,9.661260796,0.840359306,-42.76875305,-67.3125,-57.99375153,-0.01075122,-0.050823949,0.045326166,-0.577627391,9.661260796,0.840359306,18.682628345577125,32,83,18,21
8.6,-0.506879017,0.182543755,0.712993532,-0.361673534,9.799881935,0.043420704,-0.044959648,-0.107664917,-0.024923282,-0.393956572,-0.411386222,0.590932816,0.571277529,-3.022110939,-1.533643126,-1.810166359,-22.76250076,-49.80000305,-36.35625076,143.8688683,0.190246582,991.7486572,,88.6230562,24.3757212,,,-0.639481854,9.558129787,0.487537609,-39.80625153,-65.83125305,-55.85625076,-0.05290089,-0.105679608,-0.024312419,-0.639481854,9.558129787,0.487537609,18.711021104667797,32,83,18,21
8.61,0.464608163,-0.643594742,-0.038490403,-0.360743046,9.799915314,0.043562997,0.010995566,-0.052839804,0.010079268,-0.394058824,-0.411461681,0.590840161,0.571248531,-3.021415949,-1.533736229,-1.809167504,-21.11250114,-48.54375076,-33.76875305,145.1761573,,,,88.6230562,24.3757212,,,-0.622133893,9.404271698,0.180897398,-38.15625,-64.57500458,-53.26875305,0.003054324,-0.050854493,0.010690134,-0.622133893,9.404271698,0.180897398,18.698131553389917,32,83,18,21
8.62,-0.426845863,-0.30411768,0.326314226,-0.366652504,9.799688339,0.045352589,0.023457208,-0.110352722,0.073670293,-0.394214436,-0.411977813,0.590735406,0.570877284,-3.018535495,-1.53311342,-1.805121183,-20.53125,-48.39375305,-33.16875076,145.5735245,,,,88.6230562,24.3757212,,,-0.000479,9.428199768,0.813559711,-37.55625153,-64.42500305,-52.66875076,0.015515965,-0.108367411,0.074281159,-0.000479,9.428199768,0.813559711,18.700975610773096,32,83,18,21
8.63,0.142130494,-0.147749901,0.952250421,-0.372901008,9.799445629,0.046827065,-0.037262751,-0.092271124,0.043493573,-0.394236356,-0.412351087,0.590744644,0.570583075,-3.016661048,-1.532464206,-1.802558064,-22.59375,-49.59375381,-36.15000153,143.9108518,,,,88.6230562,24.3757212,,,-0.881156936,9.819545984,0.897906721,-39.63750076,-65.60625458,-55.65000153,-0.045203995,-0.090285814,0.044104437,-0.881156936,9.819545984,0.897906721,18.69763050987752,32,83,18,21
8.64,-0.06325376,-0.074853897,0.35866661,-0.375232533,9.799375534,0.042656222,-0.050701777,-0.017715078,0.005039634,-0.394450679,-0.412419289,0.590797633,0.570330709,-3.028397441,-1.532276928,-1.813805223,-23.53125,-46.98750305,-33.88125229,144.2057788,0.1690979,991.7514648,,88.6230562,24.3757212,,,-0.310109808,10.03310528,-0.003349952,-40.57500076,-63.00000381,-53.38125229,-0.05864302,-0.015729768,0.005650499,-0.310109808,10.03310528,-0.003349952,18.69603052243501,32,83,18,21
8.65,-0.35238646,0.273908138,0.024085127,-0.378978238,9.799235344,0.041754887,0.026267185,-0.168751395,0.03347539,-0.394822776,-0.412907645,0.590618134,0.569905668,-3.031871557,-1.531908214,-1.815792859,-21.75,-47.04375076,-33.50625229,144.5401624,,,,88.6230562,24.3757212,,,-0.051206398,9.376515007,0.377108851,-38.77500153,-63.05625153,-53.00625229,0.018325944,-0.166766084,0.034086255,-0.051206398,9.376515007,0.377108851,18.70238561325232,32,83,18,21
8.66,0.493651569,-0.078630447,1.053252473,-0.379899725,9.799170494,0.048246955,0.045967574,-0.050396345,0.013897173,-0.394830108,-0.413345128,0.59035182,0.569859356,-3.015269041,-1.531736195,-1.79842025,-23.28750038,-53.43750381,-38.83125305,143.9953448,,,,88.6230562,24.3757212,,,-0.628115952,10.25204873,1.719841272,-40.33125305,-69.45000458,-58.33125305,0.038026333,-0.048411034,0.014508039,-0.628115952,10.25204873,1.719841272,18.68620960983722,32,83,18,21
8.67,0.0472565,0.146625042,1.222177088,-0.385273546,9.798982143,0.043434216,-0.087842356,-0.106198841,0.048502663,-0.395117551,-0.413578898,0.590420157,0.569419563,-3.029317498,-1.531249166,-1.811563849,-23.71875,-51.78750229,-37.29375076,144.2411954,,,,88.6230562,24.3757212,,,-0.124905349,9.61292572,0.701097023,-40.76250076,-67.8187561,-56.79375076,-0.095783597,-0.10421353,0.049113528,-0.124905349,9.61292572,0.701097023,18.687277125219804,32,83,18,21
8.68,0.190835088,0.220080376,-0.196912736,-0.391545624,9.798748016,0.040209025,-0.015271619,-0.106809706,0.088819739,-0.395270646,-0.413807184,0.590531051,0.569032371,-3.039258718,-1.530650496,-1.820839405,-21.11250114,-50.51250076,-36.01875305,144.5086191,0.171737671,991.7510986,,88.6230562,24.3757212,,,-0.981535843,9.826843834,-0.350309229,-38.15625,-66.52500153,-55.51875305,-0.023212861,-0.104824394,0.089430602,-0.981535843,9.826843834,-0.350309229,18.71447142484053,32,83,18,21
8.69,-0.59018378,-0.043814659,-0.311292484,-0.396845177,9.798522949,0.043102533,0.063529938,-0.109192079,0.004276054,-0.395343497,-0.414280251,0.590428084,0.568744272,-3.033403993,-1.530079842,-1.814034581,-22.55625153,-51.91875076,-38.56875229,143.392543,,,,88.6230562,24.3757212,,,-0.866800014,9.504291534,0.875174874,-39.60000229,-67.93125153,-58.06875229,0.055588694,-0.107206767,0.004886919,-0.866800014,9.504291534,0.875174874,18.717844618485337,32,83,18,21
8.7,-0.100956291,0.396655083,1.338440716,-0.395044565,9.798586845,0.044906503,-0.055222176,-0.083719017,-0.016004657,-0.395541593,-0.414518699,0.59018293,0.56868723,-3.028410196,-1.530242026,-1.808288574,-19.875,-50.71875381,-35.60625076,144.9298694,,,,88.6230562,24.3757212,,,0.11676974,10.70835991,1.604626858,-36.91875076,-66.75,-55.10625076,-0.063163419,-0.081733709,-0.015393793,0.11676974,10.70835991,1.604626858,18.69493237265118,32,83,18,21
8.71,0.415382504,0.271632195,1.017446294,-0.395430952,9.798594952,0.039477877,-0.053633928,-0.039370235,0.016615522,-0.395887047,-0.414566606,0.590166003,0.5684295,-3.042087555,-1.530261815,-1.821289539,-21.50625038,-49.59375381,-35.51250076,144.3947604,,,,88.6230562,24.3757212,,,-0.078006017,9.354501152,-0.160319108,-38.55000305,-65.625,-55.01250076,-0.06157517,-0.037384924,0.017226386,-0.078006017,9.354501152,-0.160319108,18.690829786925736,32,83,18,21
8.72,-0.074628159,-0.181736469,-0.54399094,-0.398869023,9.798460007,0.038397551,0.007483094,-0.095753053,0.053145235,-0.39605999,-0.414826185,0.590132087,0.568154722,-3.045611382,-1.529923975,-1.824060798,-18.5625,-47.45625305,-33.35625076,144.8972221,0.171737671,991.7510986,,88.6230562,24.3757212,,,-0.71904319,10.15813017,-0.412761897,-35.58750153,-63.48750305,-52.85625076,-0.000458,-0.093767742,0.053756101,-0.71904319,10.15813017,-0.412761897,18.705759981729557,32,83,18,21
8.73,-0.041231945,0.008887291,-0.051944345,-0.404522747,9.798237801,0.035904273,-0.012705988,-0.135153835,0.041172285,-0.396446243,-0.415316105,0.590031713,0.567631423,-3.05306685,-1.52937144,-1.829993665,-23.02500153,-52.20000076,-38.40000153,143.660603,,,,88.6230562,24.3757212,,,0.089970139,9.703374481,0.354616311,-40.06875229,-68.23125458,-57.90000153,-0.02064723,-0.133168524,0.041783151,0.089970139,9.703374481,0.354616311,18.696349366843915,32,83,18,21
8.74,0.658079416,0.703486919,0.839038253,-0.406544134,9.79816246,0.033598326,-0.041905324,-0.104854938,0.043127054,-0.396796435,-0.415626824,0.589900255,0.56729582,-3.059126973,-1.529186487,-1.834909022,-22.83750153,-49.48125076,-34.23750305,145.3195238,,,,88.6230562,24.3757212,,,-0.059820559,10.37623615,0.903529799,-39.86250305,-65.49375153,-53.73750305,-0.049846567,-0.102869627,0.043737917,-0.059820559,10.37623615,0.903529799,18.681015454226404,32,83,18,21
8.75,0.441183448,0.259747505,0.588546216,-0.410259068,9.798008919,0.03283675,-0.005650499,-0.093462312,0.057268574,-0.39703396,-0.415985227,0.589808166,0.566962659,-3.061723948,-1.528815269,-1.836470604,-20.21250153,-50.00625229,-34.57500076,145.3394926,,,,88.6230562,24.3757212,,,0.039481569,9.570692301,0.099302141,-37.25625229,-66.0375061,-54.07500076,-0.013591741,-0.091477001,0.057879437,0.039481569,9.570692301,0.099302141,18.68624610389464,32,83,18,21
8.76,0.129719138,0.128176212,-0.002933659,-0.418534711,9.797659397,0.032811193,-0.007330377,-0.124402614,0.119485149,-0.397029638,-0.416329831,0.589922696,0.566593409,-3.063340187,-1.527973711,-1.837486982,-21.31875038,-49.81875229,-35.10000229,144.8332359,0.200805664,991.7475586,,88.6230562,24.3757212,,,-1.324188054,9.839765167,-0.234975181,-38.36250305,-65.83125305,-54.60000229,-0.015271619,-0.122417302,0.120096017,-1.324188054,9.839765167,-0.234975181,18.70863888915389,32,83,18,21
8.77,-0.894408464,-0.494644642,-0.36952281,-0.424796149,9.797391415,0.032338375,0.019547674,-0.037293295,-0.039950556,-0.397189885,-0.416733727,0.589908123,0.566199273,-3.065607429,-1.527340233,-1.838769674,-21.52500153,-49.31250381,-34.29375076,145.1838111,,,,88.6230562,24.3757212,,,-0.686141886,9.397811174,-0.163310152,-38.56875229,-65.32500458,-53.79375076,0.011606431,-0.035307984,-0.039339692,-0.686141886,9.397811174,-0.163310152,18.7063569576764,32,83,18,21
8.78,-0.35250704,0.40051651,0.261534974,-0.420146599,9.797599792,0.030100239,-0.046883872,-0.156534098,-0.038637197,-0.397585124,-0.416813418,0.58965081,0.566131175,-3.07007575,-1.527829826,-1.842422307,-18.95625114,-50.15625381,-34.57500076,145.4197271,,,,88.6230562,24.3757212,,,-0.114376938,10.05320492,0.46516473,-36.0,-66.16875458,-54.07500076,-0.054825114,-0.154548787,-0.038026333,-0.114376938,10.05320492,0.46516473,18.681083839700133,32,83,18,21
8.79,1.075435519,-0.287630558,0.253040619,-0.420053676,9.797605515,0.029498171,0.006963858,-0.052809262,0.043737918,-0.397891566,-0.417092413,0.589449465,0.565920055,-3.071487784,-1.527843356,-1.842821479,-21.26250076,-51.07500076,-37.06875229,144.0289449,,,,88.6230562,24.3757212,,,0.239282259,9.639725113,0.226839584,-38.30625153,-67.10625458,-56.56875229,-0.000977,-0.050823951,0.044348783,0.239282259,9.639725113,0.226839584,18.688878886477312,32,83,18,21
8.8,0.105905473,-0.127942085,0.141312778,-0.431186393,9.79711628,0.031167706,0.017867795,-0.157144964,0.126143577,-0.398026302,-0.417806536,0.589425206,0.565323532,-3.069440126,-1.526699305,-1.8392874,-22.21875,-50.21250153,-35.40000153,144.8160201,0.25100708,991.7415771,,88.6230562,24.3757212,,,-0.412761902,9.058628321,0.072382887,-39.26250076,-66.24375153,-54.90000153,0.009926553,-0.155159654,0.126754439,-0.412761902,9.058628321,0.072382887,18.68924299186352,32,83,18,21
8.81,-0.407192215,-0.441187859,0.151190771,-0.437912837,9.79681921,0.030863288,-0.001954767,-0.105832323,0.049968739,-0.398201346,-0.418257162,0.589396536,0.564896733,-3.071219325,-1.526015997,-1.839970589,-18.78750038,-49.72500229,-36.16875076,143.9687737,,,,88.6230562,24.3757212,,,-1.017906761,9.611490059,0.245503607,-35.83125305,-65.73750305,-55.66875076,-0.00989601,-0.103847013,0.050579603,-1.017906761,9.611490059,0.245503607,18.70687570974394,32,83,18,21
8.82,-0.305766195,-0.009746552,0.119771354,-0.445586249,9.796482563,0.027806078,-0.029199336,-0.13918554,0.064140802,-0.398510754,-0.418723315,0.58939743,0.564331979,-3.079268217,-1.525254905,-1.846663296,-23.02500153,-48.75000381,-35.25,144.1301786,,,,88.6230562,24.3757212,,,-0.781017327,9.561240768,0.180418827,-40.05000305,-64.76250458,-54.75000381,-0.037140578,-0.137200229,0.064751667,-0.781017327,9.561240768,0.180418827,18.680788421510165,32,83,18,21
8.83,-0.254399806,0.024278641,0.333730936,-0.452980846,9.796138763,0.029210147,0.021838416,-0.128739752,0.091171566,-0.398579389,-0.419195086,0.589381933,0.563949347,-3.07719779,-1.524491668,-1.843643665,-22.76250076,-50.51250076,-35.98125076,144.5368289,,,,88.6230562,24.3757212,,,-0.796809942,10.13539863,0.71904321,-39.80625153,-66.54375458,-55.48125076,0.013897174,-0.12675444,0.091782432,-0.796809942,10.13539863,0.71904321,18.68416434327937,32,83,18,21
8.84,-0.494280308,0.197171211,0.833810151,-0.458611518,9.795868874,0.03211907,0.018570289,-0.070279993,0.028221953,-0.39854756,-0.419577375,0.589353472,0.563717276,-3.071672678,-1.523899853,-1.837501824,-20.75625038,-49.81875229,-33.71250153,145.9136682,0.269500732,991.739563,,88.6230562,24.3757212,,,-0.989192879,9.729695511,0.933200848,-37.80000305,-65.83125305,-53.21250153,0.010629047,-0.068294683,0.028832818,-0.989192879,9.729695511,0.933200848,18.71199664341492,32,83,18,21
8.85,-0.702142745,0.272250175,0.843830645,-0.455056444,9.796038151,0.030702575,-0.057909982,-0.097891079,-0.071471179,-0.398769125,-0.419571832,0.589203596,0.563721329,-3.074235201,-1.524271011,-1.839695036,-18.30000114,-49.95000076,-35.75625229,144.4033642,,,,88.6230562,24.3757212,,,-0.915972513,9.736873817,0.51254261,-35.34375,-65.96250153,-55.25625229,-0.065851222,-0.095905771,-0.070860313,-0.915972513,9.736873817,0.51254261,18.687141786482165,32,83,18,21
8.86,0.316583261,-0.275292397,0.150621599,-0.449628457,9.79629612,0.028544098,-0.002138027,-0.038484481,-0.038026332,-0.399145976,-0.41960384,0.588945895,0.56370011,-3.07819283,-1.52483803,-1.842953205,-22.70625114,-51.78750229,-37.95000076,143.765953,,,,88.6230562,24.3757212,,,-0.163908356,9.579665422,0.159720913,-39.75,-67.80000305,-57.45000076,-0.010079269,-0.03649917,-0.037415467,-0.163908356,9.579665422,0.159720913,18.706109844314067,32,83,18,21
8.87,0.173420459,-0.189412117,0.313476056,-0.454394519,9.796070099,0.030328711,0.016737695,-0.109864031,0.065973397,-0.3993323,-0.420109674,0.588791579,0.563352495,-3.074947596,-1.524340868,-1.838497639,-21.20625114,-51.01875305,-36.82500076,144.1784964,,,,88.6230562,24.3757212,,,0.009092727,9.553583717,0.453200608,-38.25,-67.03125,-56.32500076,0.008796453,-0.10787872,0.066584261,0.009092727,9.553583717,0.453200608,18.68952731124186,32,83,18,21
8.88,0.111564338,0.480984688,0.571777821,-0.461478755,9.795748711,0.02707993,-0.051923505,-0.135276003,0.077091135,-0.399626136,-0.420525074,0.588801771,0.562823266,-3.082965136,-1.523639679,-1.845272601,-17.21250153,-52.33125305,-37.81875229,144.1451116,0.266860962,991.7399292,,88.6230562,24.3757212,,,-0.761874735,10.0881403,0.488135818,-34.25625229,-68.36250305,-57.31875229,-0.059864749,-0.133290692,0.077702001,-0.761874735,10.0881403,0.488135818,18.683977655710365,32,83,18,21
8.89,0.159931302,-0.464812279,-0.065579161,-0.461526155,9.795744419,0.027952481,0.025503605,-0.047342021,-0.021838415,-0.39982228,-0.420784697,0.588618338,0.562681824,-3.081097245,-1.523630559,-1.842613459,-21.13125038,-49.31250381,-37.10625076,143.0395838,,,,88.6230562,24.3757212,,,-0.074177518,9.433104992,-0.214157621,-38.17500305,-65.34375,-56.60625076,0.017562363,-0.045356709,-0.021227552,-0.074177518,9.433104992,-0.214157621,18.68972688763997,32,83,18,21
8.9,-1.123753786,0.494849205,0.104147457,-0.463256866,9.795664787,0.027152846,-0.007941243,-0.16606359,0.017226386,-0.400109619,-0.421111494,0.588459551,0.562399149,-3.083046198,-1.523458838,-1.843493342,-21.50625038,-48.52500153,-35.0625,144.1494169,,,,88.6230562,24.3757212,,,-1.264846069,9.999605942,0.126341035,-38.55000305,-64.5375061,-54.56250381,-0.015882485,-0.164078279,0.017837251,-1.264846069,9.999605942,0.126341035,18.70889067727422,32,83,18,21
8.91,-0.205363825,-0.238342285,0.048417421,-0.464721709,9.795594215,0.027370569,0.025411975,-0.061605711,0.006230821,-0.400324911,-0.421412736,0.588307321,0.562179476,-3.082762957,-1.523307979,-1.842308581,-18.80625153,-48.73125076,-35.30625153,144.0763155,,,,88.6230562,24.3757212,,,-0.202193513,9.546764374,0.272183577,-35.85000229,-64.74375153,-54.80625153,0.017470733,-0.0596204,0.006841685,-0.202193513,9.546764374,0.272183577,18.714227858724243,32,83,18,21
8.92,-0.557082623,0.200306416,0.562723607,-0.467644557,9.795448303,0.029930761,0.012675444,-0.164017191,0.019853105,-0.400499523,-0.421874776,0.588102788,0.561922491,-3.077679873,-1.522994518,-1.836112678,-19.89375114,-49.06875229,-36.76875305,143.1546302,0.272155762,991.7390747,,88.6230562,24.3757212,,,-0.898744211,9.392785835,0.463250478,-36.9375,-65.1000061,-56.26875305,0.004734202,-0.162031884,0.02046397,-0.898744211,9.392785835,0.463250478,18.713208794582677,32,83,18,21
8.93,-0.146102533,-0.362194061,0.057298938,-0.466132268,9.795518398,0.030475966,-0.009285145,-0.054641854,-0.025534148,-0.400638968,-0.421988457,0.587955683,0.561891675,-3.076304913,-1.523144364,-1.834300697,-20.15625,-51.50625229,-38.28750229,143.3744964,,,,88.6230562,24.3757212,,,-1.361994636,9.829715347,-0.064127644,-37.20000076,-67.5375061,-57.78750229,-0.017226387,-0.052656543,-0.024923283,-1.361994636,9.829715347,-0.064127644,18.69588734118473,32,83,18,21
8.94,-0.329975635,-0.463859081,-0.333295189,-0.46363695,9.7956357,0.030563308,0.034941464,-0.065270902,-0.054366964,-0.400982231,-0.422245517,0.587662846,0.561760038,-3.075751305,-1.523397624,-1.832706869,-19.80000114,-49.23750305,-34.06875229,145.3195984,,,,88.6230562,24.3757212,,,0.190229401,8.92582655,-0.337387992,-36.84375,-65.26875305,-53.56875229,0.027000223,-0.063285591,-0.0537561,0.190229401,8.92582655,-0.337387992,18.706723405462817,32,83,18,21
8.95,0.144671619,0.392268658,0.290427156,-0.459701464,9.795814991,0.032818524,0.00885754,-0.147981991,-0.011148282,-0.401304141,-0.4225481,0.587274492,0.561708748,-3.070322633,-1.523783684,-1.826197386,-16.96875,-50.71875381,-35.00625229,145.3864332,,,,88.6230562,24.3757212,,,-0.344087899,10.14891815,0.436450854,-34.01250076,-66.75,-54.50625229,0.000916,-0.145996684,-0.010537417,-0.344087899,10.14891815,0.436450854,18.688199371816623,32,83,18,21
8.96,0.768750459,-0.494499207,-0.09232386,-0.45783256,9.795898914,0.033682629,0.012950333,-0.059162256,-0.011362084,-0.401625603,-0.422855496,0.586972028,0.56156379,-3.068154693,-1.52396673,-1.822937727,-20.47500038,-50.00625229,-35.98125076,144.2636615,0.269500732,991.7393799,,88.6230562,24.3757212,,,-0.094277224,9.465527916,-0.186640164,-37.51875305,-66.0375061,-55.48125076,0.005009091,-0.057176943,-0.01075122,-0.094277224,9.465527916,-0.186640164,18.691725909210437,32,83,18,21
8.97,-0.605078459,0.387653351,-0.250906199,-0.464219302,9.79559803,0.033860795,0.02046397,-0.222049348,0.084910205,-0.401943594,-0.423473865,0.586803615,0.561046124,-3.068780184,-1.52331543,-1.821921706,-21.48750114,-46.51875305,-34.74375153,143.2448202,,,,88.6230562,24.3757212,,,-0.50967123,9.304490805,-0.333798755,-38.53125,-62.55000305,-54.24375153,0.012522728,-0.220064037,0.085521068,-0.50967123,9.304490805,-0.333798755,18.71585343274084,32,83,18,21
8.98,0.098912641,-0.330058575,-0.223875321,-0.469580963,9.795329094,0.03748508,0.051801333,-0.112796184,0.058643018,-0.401939943,-0.423918471,0.58671549,0.560805053,-3.061940908,-1.522742033,-1.814304113,-18.65625,-51.58125305,-35.86875153,145.1858864,,,,88.6230562,24.3757212,,,-1.107398319,9.91537838,0.45224348,-35.70000076,-67.59375,-55.36875153,0.043860092,-0.110810872,0.059253882,-1.107398319,9.91537838,0.45224348,18.68052007694042,32,83,18,21
8.99,-0.499793515,0.206913948,0.559252381,-0.470017225,9.795297623,0.040176222,0.001466075,-0.046089748,-0.047525281,-0.40208967,-0.424255058,0.586491138,0.560677886,-3.056318641,-1.522674739,-1.807833374,-20.30625153,-49.80000305,-35.75625229,144.3217668,,,,88.6230562,24.3757212,,,-0.693918549,10.2130455,0.479521668,-37.35000229,-65.83125305,-55.25625229,-0.006475167,-0.044104437,-0.046914416,-0.693918549,10.2130455,0.479521668,18.68342034123417,32,83,18,21
9.0,-0.581276536,0.668513298,0.432635128,-0.464523986,9.795566559,0.03852185,-0.025045456,-0.177761652,-0.054672398,-0.402572319,-0.424423531,0.586130321,0.560581297,-3.058853984,-1.523247838,-1.809242427,-19.5,-50.34375381,-36.05625153,144.3897203,0.261581421,991.7404175,,88.6230562,24.3757212,,,-0.502492748,9.933803082,0.404985234,-36.54375076,-66.375,-55.55625153,-0.032986698,-0.17577634,-0.054061533,-0.502492748,9.933803082,0.404985234,18.688315450205835,32,83,18,21
9.01,0.861163378,0.011900902,0.585476473,-0.459739551,9.795768261,0.044120222,0.058032154,-0.037781987,-0.027122397,-0.402757958,-0.424745724,0.58568871,0.560665518,-3.045916796,-1.523682952,-1.795427501,-17.88750076,-47.79375076,-35.47500229,143.415278,,,,88.6230562,24.3757212,,,0.31250264,10.35087223,1.013599682,-34.93125153,-63.80625153,-54.97500229,0.050090911,-0.035796676,-0.026511532,0.31250264,10.35087223,1.013599682,18.681061288154947,32,83,18,21
9.02,0.012777761,0.69695425,1.067734063,-0.461691692,9.795671463,0.045211708,-0.024129159,-0.151494464,0.037568183,-0.403028026,-0.425177515,0.585460335,0.560382634,-3.043976903,-1.523474634,-1.79225868,-18.90000153,-49.87500381,-36.15000153,144.064949,,,,88.6230562,24.3757212,,,-0.44506501,9.858429432,0.752542721,-35.92500305,-65.90625,-55.65000153,-0.032070401,-0.149509158,0.038179049,-0.44506501,9.858429432,0.752542721,18.687257417403583,32,83,18,21
9.03,0.527373731,-0.194444656,-0.15387854,-0.46039784,9.795737267,0.044085868,-0.011850777,-0.041325003,-0.007819069,-0.403181016,-0.425214112,0.585377395,0.560331404,-3.046127081,-1.523615241,-1.794079185,-20.4375,-49.87500381,-36.76875305,143.6016903,,,,88.6230562,24.3757212,,,-0.851844856,9.690452957,-0.241196519,-37.48125076,-65.88750458,-56.26875305,-0.019792019,-0.039339692,-0.007208205,-0.851844856,9.690452957,-0.241196519,18.70332166243878,32,83,18,21
9.04,-0.56298086,-0.088479519,-0.222410105,-0.463104963,9.795603275,0.045628436,0.046120291,-0.110108376,0.019547673,-0.403326049,-0.425574929,0.585233092,0.560103834,-3.043387413,-1.523325562,-1.790453255,-21.15000153,-46.14375305,-31.74375153,145.4746836,0.229873657,991.7442627,,88.6230562,24.3757212,,,-0.085543413,9.374480963,0.296111809,-38.19375229,-62.17500305,-51.24375153,0.038179049,-0.108123065,0.020158537,-0.085543413,9.374480963,0.296111809,18.696856982023693,32,83,18,21
9.05,0.599049807,0.154017925,0.773862332,-0.466079891,9.795445442,0.049100077,-0.004886918,0.002168571,0.051801334,-0.403199315,-0.425778702,0.585214436,0.560059696,-3.03662622,-1.522989094,-1.783551037,-18.80625153,-48.73125076,-35.30625153,144.0763155,,,,88.6230562,24.3757212,,,-0.330688092,10.32790127,1.155254793,-35.85000229,-64.74375153,-54.80625153,-0.012828161,0.00415388,0.052412198,-0.330688092,10.32790127,1.155254793,18.71570686844307,32,83,18,21
9.06,0.084208444,0.017120361,0.650997736,-0.471917018,9.795188904,0.044153256,-0.065973397,-0.046578439,0.049480046,-0.403364211,-0.425908282,0.585374415,0.559675127,-3.048298717,-1.522445679,-1.794700265,-19.53750038,-49.50000381,-37.98750305,142.4964928,,,,88.6230562,24.3757212,,,-0.290488675,9.32435112,-0.015314062,-36.58125305,-65.53125,-57.48750305,-0.073914637,-0.044593128,0.050090911,-0.290488675,9.32435112,-0.015314062,18.71269774246953,32,83,18,21
9.07,-0.008981645,-0.09354353,-0.369983271,-0.47641331,9.794987202,0.040507553,-0.018173227,-0.090102553,0.047189305,-0.403603286,-0.426135495,0.585404843,0.5592978,-3.056764603,-1.5220204,-1.802343428,-20.0625,-50.56875229,-35.625,144.8358239,,,,88.6230562,24.3757212,,,-0.365503652,9.991829157,-0.285942298,-37.10625076,-66.6000061,-55.12500381,-0.02611447,-0.088117244,0.047800168,-0.365503652,9.991829157,-0.285942298,18.693672694067907,32,83,18,21
9.08,0.294298291,0.075706482,0.321135599,-0.478677183,9.794877052,0.040434284,0.007208204,-0.115972681,0.020769402,-0.403916508,-0.426557213,0.585196286,0.558968425,-3.057321668,-1.521792114,-1.801612973,-15.05625057,-47.70000076,-36.5625,142.5294951,0.190246582,991.7489014,,88.6230562,24.3757212,,,0.052642101,9.987641716,0.672861725,-32.08125305,-63.71250153,-56.06250381,-0.000733,-0.11398737,0.021380268,0.052642101,9.987641716,0.672861725,18.690376937337245,32,83,18,21
9.09,0.519092739,0.838879585,1.041975021,-0.47705099,9.794960022,0.039826453,-0.030054547,-0.147248954,-0.010995566,-0.404300719,-0.426852494,0.584910035,0.558764815,-3.058300018,-1.521960855,-1.801405907,-19.93125153,-50.77500153,-37.89375305,143.2657522,,,,88.6230562,24.3757212,,,-0.214396906,10.20730286,1.127976584,-36.97500229,-66.80625153,-57.39375305,-0.03799579,-0.145263646,-0.010384701,-0.214396906,10.20730286,1.127976584,18.695187696326684,32,83,18,21
9.1,0.333424032,0.368246555,0.99657613,-0.475110754,9.795055866,0.039277544,-0.01206458,-0.136375559,-0.029168793,-0.404643163,-0.427093804,0.584649265,0.558605403,-3.059108615,-1.522164226,-1.801197648,-19.5,-50.10000229,-36.35625076,144.0325975,,,,88.6230562,24.3757212,,,-0.699302409,9.772287607,0.725025266,-36.54375076,-66.11250305,-55.85625076,-0.020005822,-0.13439025,-0.028557929,-0.699302409,9.772287607,0.725025266,18.703611797700585,32,83,18,21
9.11,-0.165016755,0.295146942,0.598739326,-0.470490411,9.795269966,0.041351434,0.024434591,-0.164719686,-0.05790998,-0.40513666,-0.427532941,0.584126592,0.558458507,-3.053918839,-1.522615194,-1.794382274,-17.8125,-46.59375,-35.17500305,142.9497631,,,,88.6230562,24.3757212,,,-0.560877623,10.17428207,0.807816929,-34.85625076,-62.60625076,-54.67500305,0.016493349,-0.162734377,-0.057299116,-0.560877623,10.17428207,0.807816929,18.69072254563291,32,83,18,21
9.12,-0.097315595,0.346818447,1.013538003,-0.460556701,9.795715809,0.047241677,0.046914415,-0.134665143,-0.110566525,-0.405601263,-0.427937314,0.583396494,0.558574736,-3.039344788,-1.523567677,-1.77830416,-17.92500114,-52.59375381,-40.95000076,142.0953331,0.08454895,991.7614136,,88.6230562,24.3757212,,,-0.536470856,9.860822296,1.316052437,-34.96875,-68.60625458,-60.45000076,0.038973173,-0.132679832,-0.10995566,-0.536470856,9.860822296,1.316052437,18.70496595631396,32,83,18,21
9.13,-0.094223887,-0.123105049,1.271096945,-0.452108651,9.796085358,0.051963735,0.001527162,-0.069333154,-0.06261364,-0.405880108,-0.428141907,0.58287704,0.558757722,-3.02715683,-1.524374187,-1.765282929,-18.71250153,-49.98750305,-36.63750076,143.7610735,,,,88.6230562,24.3757212,,,-0.638285437,9.30090189,1.118046358,-35.73750305,-66.01875305,-56.13750076,-0.00641408,-0.067347842,-0.062002776,-0.638285437,9.30090189,1.118046358,18.69637646608764,32,83,18,21
9.14,-0.207078144,-0.687628269,0.507047459,-0.448886201,9.796246529,0.049343843,-0.047280934,-0.056230104,-0.031642796,,,,,,,,-20.98125076,-48.63750076,-36.95625305,142.7713251,,,,88.6230562,24.3757212,,,-0.539820778,9.192745972,0.088055874,-38.00625229,-64.66875458,-56.45625305,-0.055222176,-0.054244792,-0.031031931,-0.539820778,9.192745972,0.088055874,18.702081887234076,32,83,18,21
