seconds_elapsed,accelerometer_z,accelerometer_y,accelerometer_x,gravity_z,gravity_y,gravity_x,gyroscope_z,gyroscope_y,gyroscope_x,orientation_qz,orientation_qy,orientation_qx,orientation_qw,orientation_roll,orientation_pitch,orientation_yaw,magnetometer_z,magnetometer_y,magnetometer_x,compass_magneticBearing,barometer_relativeAltitude,barometer_pressure,location_verticalAccuracy,location_longitude,location_latitude,annotation_text,annotation_millisecond_press_duration,totalAcceleration_z,totalAcceleration_y,totalAcceleration_x,magnetometerUncalibrated_z,magnetometerUncalibrated_y,magnetometerUncalibrated_x,gyroscopeUncalibrated_z,gyroscopeUncalibrated_y,gyroscopeUncalibrated_x,accelerometerUncalibrated_z,accelerometerUncalibrated_y,accelerometerUncalibrated_x,GIS_Elevation,Temperature (°C),Humidity (%),Cloud Cover (%),Wind Speed (km/h)
0.09,-1.413292706,0.204256535,-1.633835375,-1.110797048,9.74304533,-0.080726119,0.068813917,0.002748891,-0.492540264,0.342208549,0.388731256,0.636800319,0.571158975,3.070068479,-1.456872225,1.981743038,-3.881250143,-49.27500153,24.07500076,206.0394166,,,,88.5313747,24.3732946,,,0.531206608,5.924628735,-1.445264935,,,,,,,,,,20.10832290311184,32,83,18,21
0.1,2.347400963,0.197871685,0.104449689,-0.88205868,9.763359547,-0.182500843,0.030085091,0.005192351,-0.243735043,0.363590598,0.409342527,0.614253759,0.568017751,2.943933606,-1.478757977,1.785904527,-5.925000191,-50.68125153,21.52500153,203.011577,,,,88.5313747,24.3732946,,,2.371765804,9.835458374,0.907358342,,,,,,,,,,20.08082337977183,32,83,18,21
0.11,2.327039361,-0.646005869,1.699881345,-0.457103103,9.794996738,0.050586604,0.056474449,-0.04978548,0.063224505,0.403805122,0.420038521,0.588937312,0.559925348,0.148146391,-1.522693694,2.045526028,-7.031250477,-48.93750381,24.95625114,207.0198387,,,,88.5313747,24.3732946,,,1.771885149,9.798010349,2.264806598,-17.47500038,-64.40625,9.65625,,,,,,,20.11879639408648,32,83,18,21
0.12,1.136663914,-1.433727741,1.214030147,-0.298783928,9.799344063,0.232308164,0.020066908,0.090102557,0.141537367,0.423864931,0.423363119,0.579652846,0.552362919,-2.480715513,-1.532194972,2.517487764,-3.318750143,-48.75000381,24.88125038,207.0390656,,,,88.5313747,24.3732946,,,0.128255284,10.22692394,0.480478805,-13.76250076,-64.23750305,9.581250191,-0.004886917,0.117133323,0.145843966,,,,20.11329770563201,32,83,18,21
0.13,-0.675889581,0.825846195,-0.678663,-0.315013841,9.799176693,0.201689899,0.03451386,0.020922118,-0.027488915,0.427461445,0.429655805,0.575708717,0.548781246,-2.559201002,-1.53182888,2.421423078,-4.556250095,-48.16875076,23.26875114,205.7836718,,,,88.5313747,24.3732946,,,-2.002792549,9.764630699,-1.849173307,-15.00000095,-63.65625381,7.968750477,0.027030766,0.023060146,-0.026572619,-1.825125456,10.20060301,-1.826920062,20.08849356442713,32,83,18,21
0.14,-1.245515287,0.053160191,-1.684066296,-0.471731082,9.795155048,0.012720833,0.154579331,0.047219848,-0.07751874,0.407653973,0.426997557,0.584566742,0.556545585,0.032814622,-1.522502661,1.911378026,-5.887500286,-48.88125229,25.81875038,207.8427144,,,,88.5313747,24.3732946,,,-0.472582463,11.37727344,-0.069990098,-16.33125114,-64.3500061,10.51875019,0.14709624,0.049357874,-0.076602445,-0.472582463,11.37727344,-0.069990098,20.08727299868828,32,83,18,21
0.15,-0.531472117,0.783793688,0.440538593,-0.503406242,9.793601036,0.025736324,0.106931882,0.061636256,-0.09523382,0.405473188,0.425297946,0.587176651,0.55670169,-3.091422439,-1.519369841,1.935475051,-4.106250286,-48.43125153,27.63750076,209.7114266,,,,88.5313747,24.3732946,,,-1.020299584,10.25850935,0.938465047,-14.55000019,-63.91875076,12.33750057,0.099448788,0.063774282,-0.094317521,-1.020299584,10.25850935,0.938465047,20.087336180394136,32,83,18,21
0.16,-0.246616989,-0.472352266,0.936926678,-0.519457161,9.792062283,0.123997867,0.187688197,0.158366694,-0.260381108,0.411097318,0.426074877,0.587315828,0.551826447,-2.908095956,-1.516302347,2.10753715,-3.787500143,-47.51250076,27.48750114,210.0507543,,,,88.5313747,24.3732946,,,-0.03876375,8.797930455,1.221775252,-14.23125076,-62.98125076,12.18750095,0.180205103,0.160504717,-0.259464811,-0.03876375,8.797930455,1.221775252,20.09216968971838,32,83,18,21
0.17,0.712371409,1.291127205,1.668966949,-0.451303914,9.793137074,0.244861662,0.019700389,0.10561852,-0.140193466,0.423524737,0.429067925,0.582159072,0.545541167,-2.646786809,-1.518349051,2.341680527,-5.0625,-48.71250153,25.14375114,207.3012578,,,,88.5313747,24.3732946,,,-0.133998033,8.105686724,1.313061409,-15.50625038,-64.18125153,9.84375,0.012217297,0.107756547,-0.139277168,-0.133998033,8.105686724,1.313061409,20.100990257265288,32,83,18,21
0.18,1.876618505,1.088476658,1.048841953,-0.337740675,9.795250416,0.329343095,-0.060475613,0.156992249,0.047342019,0.434803009,0.430939883,0.575769275,0.541962534,-2.368913651,-1.522574127,2.596209049,-6.750000477,-51.39375305,24.71250153,205.6804073,,,,88.5313747,24.3732946,,,0.976750214,10.94237814,1.289731434,-17.19375038,-66.86250305,9.412500381,-0.067958708,0.159130275,0.048258319,0.976750214,10.94237814,1.289731434,20.097277800745683,32,83,18,21
0.19,0.335801214,0.071926117,0.171508491,-0.316825926,9.795184135,0.352660358,-0.050060369,-0.003359756,0.158519413,0.4371337,0.431092292,0.574728668,0.541073501,-2.302719355,-1.522435784,2.657954931,-6.750000477,-51.39375305,24.71250153,205.6804073,0.0,996.4810791,,88.5313747,24.3732946,,,-0.208175582,10.14939642,0.300538528,-17.19375038,-66.86250305,9.412500381,-0.057543463,-0.001221729,0.159435713,-0.208175582,10.14939642,0.300538528,20.09164916560792,32,83,18,21
0.2,-0.126026407,-0.382620335,-0.177311912,-0.324628368,9.794961452,0.351602957,-0.002046397,0.104641137,0.0456316,0.435647309,0.429931015,0.575943261,0.541903526,-2.316319108,-1.521965802,2.649087071,-4.275000095,-46.57500076,26.70000076,209.8243073,,,,88.5313747,24.3732946,,,-0.565304339,12.13819122,1.594218075,-14.70000076,-62.04375076,11.40000057,-0.009529492,0.106779163,0.046547896,-0.565304339,12.13819122,1.594218075,20.104474115788893,32,83,18,21
0.21,-0.37972261,0.820520639,1.033356979,-0.340106949,9.79268074,0.397485793,0.004428768,0.206930443,-0.116675173,0.437790945,0.430223197,0.576409787,0.539442658,-2.278641224,-1.517425001,2.682313681,-4.331250191,-49.27500153,26.11875153,207.9263136,,,,88.5313747,24.3732946,,,0.669990349,9.483234692,0.893001407,-14.77500057,-64.76250458,10.81875038,-0.003054324,0.209068467,-0.115758874,0.669990349,9.483234692,0.893001407,20.08557975442608,32,83,18,21
0.22,1.021973774,0.856380939,0.520344317,-0.271482155,9.793672085,0.424980596,-0.058612476,0.260778171,-0.132130051,0.444535151,0.432645544,0.571541369,0.537165225,-2.139338613,-1.519345403,2.80517292,-4.331250191,-49.27500153,26.11875153,207.9263136,,,,88.5313747,24.3732946,,,-0.434297312,9.164510608,0.025124656,-14.77500057,-64.76250458,10.81875038,-0.06609557,0.262916198,-0.131213754,-0.434297312,9.164510608,0.025124656,20.091685785941408,32,83,18,21
0.23,0.346959457,0.288253784,-1.305203915,-0.253578246,9.796014786,0.379095048,0.013958258,0.031581708,0.007269291,0.444641888,0.43460387,0.569251806,0.537925839,-2.160968542,-1.524266064,2.77990973,-4.875,-47.51250076,26.86875153,209.4885544,-0.023773193,996.4838257,,88.5313747,24.3732946,,,0.636012247,9.460263729,-1.638604939,-15.31875038,-62.98125076,11.56875038,0.006475167,0.033719735,0.008185589,0.636012247,9.460263729,-1.638604939,20.094654473731744,32,83,18,21
0.24,1.359166443,0.296247482,-1.926673651,-0.192424096,9.800769329,0.278902665,0.068875002,0.073914638,0.045814859,0.445805773,0.438793749,0.5632658,0.539857268,-2.173939228,-1.536235273,2.757444382,-4.350000381,-49.70625305,25.68750191,207.3292934,,,,88.5313747,24.3732946,,,0.305802706,9.827322578,-1.169611716,-14.79375076,-65.17500305,10.38750076,0.061391909,0.076052664,0.046731157,0.305802706,9.827322578,-1.169611716,20.09824279936868,32,83,18,21
0.25,0.924755692,0.080219507,-0.127072811,-0.161420159,9.802155018,0.247472927,0.059528772,-0.060292354,0.001649336,0.447281584,0.440699667,0.560364395,0.540091723,-2.147297978,-1.540519238,2.777993202,-3.637500048,-47.64375305,26.86875153,209.4208768,,,,88.5313747,24.3732946,,,1.630110398,11.3928268,1.293918863,-14.06250095,-63.13125229,11.56875038,0.052045678,-0.058154327,0.002565631,1.630110398,11.3928268,1.293918863,20.11140703845572,32,83,18,21
0.26,0.799753904,-0.849572182,1.779266715,-0.12638697,9.801224709,0.300692558,-0.08194751,-0.085459983,0.240619637,0.452860564,0.441835791,0.557875514,0.537097156,-1.968695402,-1.537530661,2.9443326,-5.287500381,-47.8125,28.33125114,210.6488212,,,,88.5313747,24.3732946,,,0.628355241,10.9500349,2.477528596,-15.71250057,-63.30000305,13.03125095,-0.089430604,-0.083321955,0.241535932,0.628355241,10.9500349,2.477528596,20.08798695128633,32,83,18,21
0.27,0.025336862,1.128440857,1.898350477,-0.135503091,9.799017906,0.361335456,-0.114078999,-0.11988221,0.299629174,0.455654576,0.44171612,0.558384389,0.534293294,-1.927200794,-1.531395972,2.980845928,-4.78125,-48.41250229,26.38125038,208.5871325,-0.034347534,996.4851685,,88.5313747,24.3732946,,,-1.11505537,10.07952614,1.210289681,-15.22500038,-63.90000153,11.08125019,-0.121562092,-0.117744188,0.300545469,-1.11505537,10.07952614,1.210289681,20.10056937753654,32,83,18,21
0.28,-0.786355615,1.023404121,0.835497499,-0.193608075,9.79707098,0.387465253,-0.151586094,0.037690356,0.082283485,0.453625441,0.440816119,0.561739951,0.533247113,-2.033767104,-1.526607454,2.87955606,-6.525000095,-46.72500229,26.11875153,209.2047001,,,,88.5313747,24.3732946,,,-1.021735273,10.34895778,1.304686576,-16.96875,-62.21250153,10.81875038,-0.159069189,0.039828385,0.083199781,-1.021735273,10.34895778,1.304686576,20.10369658275448,32,83,18,21
0.29,-0.268574819,0.201339245,0.751307219,-0.207843743,9.795739174,0.413073987,-0.049205158,0.153510317,-0.126876616,0.452875182,0.439220801,0.563632965,0.533204228,-2.03707397,-1.523620248,2.880472779,-7.068750381,-49.93125153,27.54375076,208.8826001,,,,88.5313747,24.3732946,,,-0.180418828,9.274102211,0.524028161,-17.51250076,-65.41875458,12.24375057,-0.056688251,0.155648348,-0.125960319,-0.180418828,9.274102211,0.524028161,20.0818580165088,32,83,18,21
0.3,-0.279389329,-0.328717709,-0.7030444,-0.215098672,9.795955658,0.403904647,0.030390523,-0.180815979,0.126296293,0.45116818,0.438283458,0.564689487,0.534302324,-2.060291052,-1.524090171,2.862081528,-3.337500095,-47.00625229,28.93125153,211.6113276,,,,88.5313747,24.3732946,,,-0.557049116,8.95346365,-1.392144197,-13.78125095,-62.49375153,13.63125038,0.022907429,-0.178677944,0.127212591,-0.557049116,8.95346365,-1.392144197,20.10430179407605,32,83,18,21
0.31,-0.18405091,-1.099616528,-2.095707893,-0.254353188,9.797398567,0.34118329,0.136986424,-0.172324954,0.266275954,0.447555065,0.439914078,0.565193653,0.535466731,-2.211886525,-1.527359486,2.714150548,-5.137500286,-49.12500381,26.11875153,207.9986576,0.087203979,996.4708252,,88.5313747,24.3732946,,,-1.180259753,9.524630547,-0.973280624,-15.56250095,-64.61250305,10.81875038,0.129503332,-0.170186925,0.267192253,-1.180259753,9.524630547,-0.973280624,20.08682096494749,32,83,18,21
0.32,-0.791225694,-1.086484432,-0.19734934,-0.297058478,9.796864033,0.321849793,0.043524115,-0.074464417,0.01631009,0.443905547,0.439158604,0.567701876,0.536471725,-2.316149354,-1.526116908,2.617856741,-4.143750191,-49.50000381,26.55000114,208.2074901,,,,88.5313747,24.3732946,,,-0.32446674,9.064012337,0.723111013,-14.58750057,-64.98750305,11.25,0.036041021,-0.072326388,0.017226385,-0.32446674,9.064012337,0.723111013,20.08260206371941,32,83,18,21
0.33,0.609709144,0.279377937,1.470812559,-0.276141614,9.796740532,0.343532324,-0.137902725,0.067805992,-0.119729498,0.446118087,0.439273208,0.56667304,0.535629869,-2.247868061,-1.525836229,2.68191433,-2.925000191,-47.34375,27.45000076,210.1052434,,,,88.5313747,24.3732946,,,0.9241081,9.777551842,1.819980907,-13.36875057,-62.83125305,12.15000057,-0.14538582,0.069944018,-0.118813198,0.9241081,9.777551842,1.819980907,20.11795542149013,32,83,18,21
0.34,1.34826088,-0.177769661,1.119401932,-0.232542515,9.796921253,0.369421631,-0.131916246,0.124433155,-0.042210757,0.450893253,0.440793008,0.563521832,0.533702016,-2.132230997,-1.526253998,2.786109805,-3.431250095,-50.55000305,25.42500114,206.700903,,,,88.5313747,24.3732946,,,0.763908636,9.83270669,-0.060418766,-13.87500095,-66.0375061,10.125,-0.139399338,0.12657118,-0.04129446,0.763908636,9.83270669,-0.060418766,20.11862528132298,32,83,18,21
0.35,0.39911437,-0.144272327,-0.969281495,-0.205751993,9.79845953,0.343589261,-0.049938194,0.032986698,0.025961753,0.452474788,0.442688525,0.560818374,0.533643723,-2.110955596,-1.529937387,2.801105738,-4.481250286,-49.14375305,26.73750114,208.549159,0.227233887,996.4542236,,88.5313747,24.3732946,,,-0.583848733,9.588040352,-0.825523812,-14.92500019,-64.61250305,11.4375,-0.057421288,0.035124725,0.02687805,-0.583848733,9.588040352,-0.825523812,20.11233589392465,32,83,18,21
0.36,-0.5647946,-0.034542561,-0.636145681,-0.217297517,9.799212933,0.313974082,0.037781987,0.040378162,-0.06346885,0.45057638,0.442930058,0.561152339,0.534697771,-2.176178217,-1.531849086,2.738939166,-4.350000381,-45.45000076,29.45625114,212.9473663,,,,88.5313747,24.3732946,,,-0.871585637,9.521639347,0.135792684,-14.79375076,-60.93750381,14.15625095,0.030298893,0.042516188,-0.062552554,-0.871585637,9.521639347,0.135792684,20.09218455076693,32,83,18,21
0.37,-0.677342504,-0.517642975,-0.289189033,-0.220909834,9.799163342,0.313018665,0.077243851,0.089247344,-0.208976838,0.449907735,0.442451701,0.561693579,0.53508845,-2.18536675,-1.531719327,2.731841922,-4.012500286,-49.42500305,25.50000191,207.2907131,,,,88.5313747,24.3732946,,,-0.810209757,8.974999046,-0.148355009,-14.45625019,-64.89375305,10.20000076,0.069760758,0.091385371,-0.208060542,-0.810209757,8.974999046,-0.148355009,20.083906884560253,32,83,18,21
0.38,0.375502557,-0.358493805,-0.343940511,-0.209278107,9.799374104,0.314265698,0.14355322,0.040775224,-0.098043797,0.449934691,0.441866115,0.561626613,0.535619646,-2.158118844,-1.532273173,2.760117054,-6.843750477,-49.08750153,24.97500038,206.9663241,,,,88.5313747,24.3732946,,,0.783888692,9.4473423,0.312502645,-17.28750038,-64.55625153,9.675000191,0.136070129,0.042913251,-0.097127498,0.783888692,9.4473423,0.312502645,20.107369321060485,32,83,18,21
0.39,1.292595565,0.205079079,0.786739677,-0.172857963,9.799170017,0.341393948,0.118416139,0.053939359,0.019486586,0.453051731,0.441880345,0.55995968,0.534723818,-2.039977312,-1.531738341,2.872535944,-5.550000191,-50.92500305,26.66250038,207.6349374,0.1743927,996.4606323,,88.5313747,24.3732946,,,1.037288599,9.85184896,1.3226327,-15.99375057,-66.4125061,11.36250019,0.110933045,0.056077387,0.020402884,1.037288599,9.85184896,1.3226327,20.097606099749584,32,83,18,21
0.4,0.648873091,-1.979322433,0.396933436,-0.153407529,9.798792839,0.361266017,0.013225222,-0.094256439,0.020341797,0.455045968,0.441924036,0.559039116,0.533958375,-1.972360015,-1.530760527,2.936410904,-2.587500095,-49.08750153,27.60000038,209.3473614,,,,88.5313747,24.3732946,,,-0.150747813,9.513863087,1.038006449,-13.01250076,-64.55625153,12.30000019,0.00574213,-0.092118404,0.021258094,-0.150747813,9.513863087,1.038006449,20.08488152939379,32,83,18,21
0.41,0.158500202,0.037820339,0.539946184,-0.161129735,9.798373699,0.36918655,-0.078801557,-0.275805444,0.154243356,0.455293268,0.44209303,0.559257597,0.533378571,-1.982326746,-1.529708147,2.925664306,-4.143750191,-49.50000381,26.55000114,208.2074901,,,,88.5313747,24.3732946,,,1.473978782,9.317173004,0.246939294,-14.58750057,-64.98750305,11.25,-0.086284649,-0.273667421,0.155159652,1.473978782,9.317173004,0.246939294,20.09980707640445,32,83,18,21
0.42,1.259333715,-0.397352695,0.034550138,-0.146007419,9.79868269,0.367232099,0.012125665,-0.271529397,0.212153336,0.456786722,0.443059325,0.557801634,0.532824129,-1.94914633,-1.53048557,2.954352498,-3.487500191,-50.60625076,25.18125153,206.4545576,,,,88.5313747,24.3732946,,,0.165104765,9.537192822,1.006181926,-13.93125057,-66.09375,9.881250381,0.004642573,-0.269391373,0.213069636,0.165104765,9.537192822,1.006181926,20.081375540844608,32,83,18,21
0.43,0.136742525,0.130746841,0.780796289,-0.156307951,9.797896862,0.383587465,-0.037965246,-0.227058437,0.089125171,0.456989795,0.442824706,0.558458269,0.532156765,-1.957715333,-1.528545976,2.94580698,-3.787500143,-50.60625076,25.18125153,206.4545576,0.192886353,996.4581909,,88.5313747,24.3732946,,,-0.417308271,9.682795906,0.984407246,-14.23125076,-66.09375,9.881250381,-0.045448339,-0.224920413,0.090041469,-0.417308271,9.682795906,0.984407246,20.11637281608315,32,83,18,21
0.44,-0.392510012,-0.049761295,0.117472343,-0.166979611,9.797547817,0.387986928,-0.044593128,-0.157755829,-0.003054324,0.456225157,0.442272574,0.55938223,0.532301426,-1.977228642,-1.527709305,2.928694248,-5.15625,-50.98125076,24.37500191,205.5532555,,,,88.5313747,24.3732946,,,-0.540777904,9.959885025,0.11294123,-15.60000038,-66.45000458,9.075000763,-0.052076222,-0.155617803,-0.002138027,-0.540777904,9.959885025,0.11294123,20.090351199264,32,83,18,21
0.45,0.11602439,0.867537975,-0.184784368,-0.181015745,9.797668934,0.378539428,-0.020983205,-0.161818084,0.121134488,0.454895243,0.442073703,0.560178518,0.532767326,-2.01685071,-1.527996719,2.891875625,-3.131250143,-50.58750153,23.88750076,205.2767576,,,,88.5313747,24.3732946,,,0.445065008,10.66899824,0.342173643,-13.57500076,-66.07500458,8.587500572,-0.0284663,-0.159680052,0.122050785,0.445065008,10.66899824,0.342173643,20.10650089137416,32,83,18,21
0.46,0.027850449,1.167316437,0.108237296,-0.179903165,9.797736168,0.377331018,-0.017073671,-0.089002997,0.044532043,0.455283329,0.442498505,0.559792399,0.532488972,-2.015672445,-1.528155327,2.891568899,-4.331250191,-46.95000076,29.19375038,211.87356,,,,88.5313747,24.3732946,,,-0.675254554,10.83757229,0.365144731,-14.77500057,-62.43750381,13.89375019,-0.024556764,-0.086864971,0.045448339,-0.675254554,10.83757229,0.365144731,20.092468443043572,32,83,18,21
0.47,-0.633707285,0.579807281,-0.433553815,-0.189028189,9.79778862,0.37148723,0.009468404,-0.10323615,-0.043829548,0.454190075,0.442111433,0.560513377,0.532985568,-2.041492462,-1.528280377,2.868460417,-4.162500381,-47.13750076,27.05625153,209.8552078,0.406906128,996.4328003,,88.5313747,24.3732946,,,-0.351266371,9.872307587,-0.433100891,-14.60625076,-62.60625076,11.75625038,0.001985311,-0.101098122,-0.04291325,-0.351266371,9.872307587,-0.433100891,20.10080272084711,32,83,18,21
0.48,-0.152511775,-0.150467396,-0.801477164,-0.187364534,9.7981987,0.36134693,0.072845624,-0.000672,-0.064812753,0.453780785,0.442183301,0.560380995,0.533413559,-2.049161911,-1.529278517,2.861425638,-6.093750477,-50.00625229,27.16875076,208.5155464,,,,88.5313747,24.3732946,,,0.09511471,9.165108919,0.254237402,-16.53750038,-65.49375153,11.86875057,0.065362533,0.001466075,-0.063896456,0.09511471,9.165108919,0.254237402,20.10186841117373,32,83,18,21
0.49,0.60318768,-0.046533108,0.368805468,-0.16787976,9.79850769,0.362430319,-0.052839804,0.091018852,-0.142026061,0.454515591,0.441979423,0.559654742,0.533718765,-2.004473507,-1.530044317,2.905155182,-5.362500191,-49.36875153,27.16875076,208.8249925,,,,88.5313747,24.3732946,,,1.033699381,10.01492004,0.747039229,-15.80625057,-64.83750153,11.86875057,-0.060322898,0.093156878,-0.141109766,1.033699381,10.01492004,0.747039229,20.087394178221015,32,83,18,21
0.5,1.746099114,0.973524094,0.011692598,-0.121707704,9.799598694,0.351025239,-0.190437096,0.002626719,-0.087536923,0.456864908,0.44292143,0.556798726,0.533918172,-1.903705418,-1.532884836,2.999939442,-2.550000191,-48.31875229,25.31250191,207.6484683,,,,88.5313747,24.3732946,,,2.055434656,10.90887852,-0.400558516,-12.99375057,-63.80625153,10.01250076,-0.197920191,0.004764748,-0.086620627,2.055434656,10.90887852,-0.400558516,20.11878338511058,32,83,18,21
0.51,2.263176501,0.674981117,-1.063194275,-0.087675393,9.800964355,0.322080001,-0.023182318,-0.152899456,0.231578831,0.459076017,0.445263699,0.553362131,0.533646613,-1.83627516,-1.536749363,3.059064507,-6.337500095,-51.28125381,25.20000076,206.1698551,0.594512939,996.4108276,,88.5313747,24.3732946,,,1.485942859,10.3501544,-0.273379978,-16.78125,-66.75,9.900000572,-0.030665411,-0.150761427,0.232495134,1.485942859,10.3501544,-0.273379978,20.11100531293444,32,83,18,21
0.52,0.360368088,-0.1297369,0.781378299,-0.091440793,9.80051899,0.334249854,0.125379995,-0.122478388,0.216856997,0.459646046,0.445345819,0.553470194,0.532975525,-1.837923646,-1.535452425,3.056196451,-3.806250095,-47.4375,26.45625114,209.1487373,,,,88.5313747,24.3732946,,,-0.220139696,10.40734291,2.43637203,-14.25000095,-62.90625381,11.15625,0.117896901,-0.120340358,0.217773296,-0.220139696,10.40734291,2.43637203,20.117579957662567,32,83,18,21
0.53,-0.605116487,0.823297977,2.611791015,-0.092954338,9.798744678,0.382421345,-0.071807154,0.001649336,-0.093523397,0.46141921,0.444540009,0.554187208,0.531368107,-1.809572697,-1.530649364,3.082692146,-1.256250024,-47.64375305,28.23750114,210.6543757,,,,88.5313747,24.3732946,,,-0.551545617,10.01037359,2.360519528,-11.70000076,-63.11250305,12.93750095,-0.079290247,0.003787362,-0.092607099,-0.551545617,10.01037359,2.360519528,20.115793094017103,32,83,18,21
0.54,-0.239402905,-1.031971931,0.024110138,-0.078297816,9.79865551,0.388084769,-0.08768964,0.091690801,-0.204945132,0.462444186,0.444596142,0.553467572,0.531181037,-1.769879103,-1.530413628,3.1203897,-7.087500095,-48.28125381,26.38125038,208.6525335,,,,88.5313747,24.3732946,,,-0.150269262,9.788080406,-1.068634599,-17.53125,-63.75000381,11.08125019,-0.095172733,0.093828832,-0.20402884,-0.150269262,9.788080406,-1.068634599,20.10391599915244,32,83,18,21
0.55,-0.050815389,-0.55830431,-2.353114009,-0.073081218,9.799945831,0.354832649,0.068875005,0.01970039,-0.023976441,0.460910767,0.444633007,0.553197533,0.532761306,-1.774309576,-1.53384316,3.118771315,-6.712500095,-48.30000305,27.65625191,209.7951577,0.634155273,996.4059448,,88.5313747,24.3732946,,,0.82217387,8.636175537,-2.355973148,-17.15625,-63.78750229,12.35625076,0.06139191,0.021838416,-0.023060146,0.82217387,8.636175537,-2.355973148,20.11687496940092,32,83,18,21
0.56,1.009740949,-0.433665752,-1.832048893,-0.05363836,9.80156517,0.311100662,-0.002901607,0.043554659,-0.061514083,0.460372582,0.445626035,0.551499873,0.534155637,-1.741266489,-1.538596869,0.009452939,-3.618750095,-44.55000305,31.21875191,215.0211411,,,,88.5313747,24.3732946,,,1.068993518,10.5523479,0.485144805,-14.06250095,-60.03750229,15.91875076,-0.010384699,0.045692685,-0.060597785,1.068993518,10.5523479,0.485144805,20.083539700082078,32,83,18,21
0.57,2.109296262,0.779386044,0.740127444,-0.001696977,9.80187273,0.305497512,-0.129228444,0.025473061,-0.207510765,0.463408008,0.446623608,0.54828161,0.534008682,-1.576438606,-1.539581358,-2.974740386,-3.975000143,-48.60000229,24.86250114,207.0931079,,,,88.5313747,24.3732946,,,3.176232767,10.99454136,1.109312582,-14.41875076,-64.08750153,9.5625,-0.136711538,0.027611089,-0.206594469,3.176232767,10.99454136,1.109312582,20.087839314496765,32,83,18,21
0.58,3.11667347,0.661756516,0.05052036,0.061829062,9.801516533,0.31111294,0.047189305,-0.152868912,0.082924895,0.467812851,0.44782865,0.544331461,0.53320086,-1.374707401,-1.538438439,-2.78341341,-7.312500477,-50.23125076,26.96250153,208.2254566,,,,88.5313747,24.3732946,,,2.316252279,9.321479988,-0.181375956,-17.75625038,-65.71875,11.66250038,0.03970621,-0.150730884,0.083841189,2.316252279,9.321479988,-0.181375956,20.08180909155642,32,83,18,21
0.59,0.7610524,-1.155539989,0.208070904,0.059169168,9.800967216,0.32826978,0.201371573,-0.199080834,0.329072851,0.468562633,0.447767362,0.544506371,0.532414973,-1.391904831,-1.536755502,-2.801913857,-5.53125,-46.29375076,29.36250114,212.3855221,0.673782349,996.4012451,,88.5313747,24.3732946,,,-0.294915397,8.98265636,1.727617949,-15.97500038,-61.76250076,14.06250095,0.193888478,-0.196942806,0.329989153,-0.294915397,8.98265636,1.727617949,20.093013213230527,32,83,18,21
0.6,-1.310914457,0.693956852,2.444323659,0.027372636,9.799939632,0.36158973,-0.118110704,-0.009957098,0.076297015,0.468278572,0.447126001,0.546518594,0.531140983,-1.495000422,-1.53380543,-2.90333569,-2.850000143,-48.84375381,27.95625114,209.7851311,,,,88.5313747,24.3732946,,,-1.529970777,10.31497955,2.438286257,-13.29375076,-64.3125,12.65625095,-0.125593797,-0.007819068,0.077213305,-1.529970777,10.31497955,2.438286257,20.095547091587576,32,83,18,21
0.61,-0.907982349,1.608464241,0.970607162,0.029270086,9.799822807,0.364700019,-0.174707327,0.181732275,-0.330019694,0.468214393,0.446796745,0.546699464,0.531288683,-1.490709543,-1.53347981,-2.898319721,-6.337500095,-48.28125381,26.36250114,208.6353964,,,,88.5313747,24.3732946,,,-0.07417748,10.02544804,-1.184925783,-16.78125,-63.75000381,11.0625,-0.182190422,0.183870293,-0.329103392,-0.07417748,10.02544804,-1.184925783,20.090853961270955,32,83,18,21
0.62,0.453386158,0.063774109,-2.155286491,0.064281149,9.800626755,0.336984321,0.042302386,0.192116971,-0.377575523,0.468336985,0.446809992,0.545052499,0.532857895,-1.381017148,-1.535755038,-2.788844466,-5.568750381,-48.82500076,29.51250076,211.1510606,,,,88.5313747,24.3732946,,,2.056630999,10.59242773,-2.296511471,-16.01250076,-64.29375458,14.21250057,0.034819292,0.194254994,-0.37665922,2.056630999,10.59242773,-2.296511471,20.113149500366077,32,83,18,21
0.63,2.077763557,0.285596848,-2.29705441,0.125666909,9.801198006,0.301530868,0.12379175,-0.072020957,-0.130541801,0.470151305,0.447727188,0.541417152,0.534195393,-1.175863922,-1.537448406,-2.588740349,-3.993750095,-46.96875,29.83125114,212.4208455,0.866668701,996.378418,,88.5313747,24.3732946,,,3.056113005,9.358329391,-0.556092004,-14.43750095,-62.45625305,14.53125095,0.116308655,-0.069882931,-0.12962551,3.056113005,9.358329391,-0.556092004,20.09427013306774,32,83,18,21
0.64,3.421816587,-0.501785755,0.630153447,0.180915534,9.800170898,0.306707606,0.048411035,-0.062766355,0.063071789,0.474125266,0.448851705,0.53787291,0.533317447,-1.038728774,-1.53446734,-2.461151361,-6.918750286,-50.79375076,27.30000114,208.2565944,,,,88.5313747,24.3732946,,,3.19441824,9.650732231,2.867080116,-17.34375,-66.28125,12.0,0.040927941,-0.060628328,0.063988087,3.19441824,9.650732231,2.867080116,20.091237380387494,32,83,18,21
0.65,2.41069448,0.060457706,3.063478827,0.216144316,9.798223019,0.344092339,-0.148287424,-0.173424509,0.159863314,0.477828383,0.448868886,0.536186904,0.531695068,-1.009840012,-1.529348791,-2.439302683,-6.900000095,-48.07500076,27.24375153,209.5399109,,,,88.5313747,24.3732946,,,2.603989303,10.86939669,3.173481107,-17.32500076,-63.56250381,11.94375038,-0.155770518,-0.171286485,0.160779607,2.603989303,10.86939669,3.173481107,20.101707843326327,32,83,18,21
0.66,1.727024436,0.485329628,1.227372929,0.220420688,9.797395706,0.36446178,-0.104916024,-0.072387479,0.307723135,0.479683757,0.44942382,0.535518289,0.530227989,-1.026896119,-1.527347922,-2.460915208,-5.025000095,-51.41250229,25.96875191,206.7986045,,,,88.5313747,24.3732946,,,0.756131968,10.09866867,0.439322244,-15.46875095,-66.8812561,10.66875076,-0.112399119,-0.07024945,0.308639422,0.756131968,10.09866867,0.439322244,20.085636968998987,32,83,18,21
0.67,-1.238528907,0.216505527,-0.863554835,0.200687349,9.798083782,0.35725984,0.029352053,-0.006047562,0.08729258,0.478913039,0.449979007,0.535991251,0.529975891,-1.059039652,-1.528998017,-2.492624044,-5.793750286,-49.44375229,26.17500114,207.8962727,0.745117188,996.3928833,,88.5313747,24.3732946,,,-1.386042535,10.01396275,-0.753739133,-16.21875,-64.9125061,10.875,0.021868959,-0.003909534,0.08820887,-1.386042535,10.01396275,-0.753739133,20.11208787923016,32,83,18,21
0.68,-0.909397185,2.398259163,-0.978527546,0.20475027,9.798578262,0.34106645,-0.024159702,0.040011642,-0.32406376,0.47820738,0.449958205,0.535815477,0.530807912,-1.030137897,-1.530219197,-2.462336302,-7.218750477,-47.04375076,29.62500191,212.1999747,,,,88.5313747,24.3732946,,,-0.476171696,9.97998476,-1.247617698,-17.66250038,-62.53125381,14.32500076,-0.031642795,0.042149669,-0.323147467,-0.476171696,9.97998476,-1.247617698,20.08298202574719,32,83,18,21
0.69,0.201939702,-0.390239716,-1.567040563,0.232445337,9.798588276,0.322196662,0.025503604,0.046731155,-0.304363381,0.478824392,0.450292468,0.534214109,0.531580985,-0.946210265,-1.530246615,-2.380193949,-6.243750095,-47.15625,27.71250153,210.4416461,,,,88.5313747,24.3732946,,,3.037927628,9.598568535,-0.520199651,-16.66875076,-62.64375305,12.41250038,0.018020511,0.048869181,-0.303447083,3.037927628,9.598568535,-0.520199651,20.119475477464015,32,83,18,21
0.7,3.167181849,-0.490189552,-0.634916827,0.290608704,9.797353745,0.312427416,0.012858703,0.05650499,-0.020219625,0.482796326,0.452032745,0.529951304,0.53077659,-0.821988344,-1.527256668,-2.266772628,-4.481250286,-48.41250229,26.36250114,208.5700206,,,,88.5313747,24.3732946,,,2.958725184,10.29691386,0.267996145,-14.92500019,-63.90000153,11.0625,0.005375611,0.058643019,-0.019303325,2.958725184,10.29691386,0.267996145,20.110889790771864,32,83,18,21
0.71,2.427078962,0.110867977,-0.294529244,0.320782691,9.796738625,0.302215099,-0.085857046,-0.043799004,0.154365529,0.485666662,0.454003558,0.526806086,0.529606432,-0.755622625,-1.525832891,-2.209580302,-6.581250191,-47.00625229,27.69375038,210.5044807,0.457122803,996.427063,,88.5313747,24.3732946,,,3.189154005,10.35948639,-0.575234544,-17.02500153,-62.47500229,12.39375019,-0.093340139,-0.041660978,0.155281827,3.189154005,10.35948639,-0.575234544,20.087948627261365,32,83,18,21
0.72,1.454966858,-0.038880348,-1.286186218,0.343162552,9.796581268,0.282150626,0.017409646,-0.128739754,0.052687088,0.486951798,0.455285653,0.524612784,0.529503733,-0.688085586,-1.525478125,-2.146915555,-4.3125,-49.72500229,28.36875153,209.7053126,,,,88.5313747,24.3732946,,,0.766181818,9.589954853,-0.458943385,-14.73750019,-65.1937561,13.06875038,0.009926553,-0.126601723,0.053603383,0.766181818,9.589954853,-0.458943385,20.08022088468494,32,83,18,21
0.73,1.435076177,0.229462147,0.566899404,0.356278956,9.795988083,0.286348954,0.050610147,-0.104274617,0.005192351,0.487966895,0.455437794,0.523842216,0.52919957,-0.677033901,-1.524168968,-2.138107896,-3.993750095,-48.43125153,27.00000191,209.1392869,,,,88.5313747,24.3732946,,,2.353341043,10.02951622,1.825723708,-14.43750095,-63.90000153,11.70000076,0.043127053,-0.102136591,0.006108648,2.353341043,10.02951622,1.825723708,20.11261845713819,32,83,18,21
0.74,1.087661326,0.337490082,2.140794635,0.373101309,9.794582844,0.311917201,-0.054580767,-0.051862419,0.050029825,0.490364224,0.455638513,0.522848636,0.527793169,-0.69624877,-1.521184742,-2.162325859,-5.381250381,-50.00625229,26.51250076,207.931807,,,,88.5313747,24.3732946,,,1.397408414,9.817272758,2.143490529,-15.82500076,-65.4750061,11.21250057,-0.062063862,-0.049724393,0.050946123,1.397408414,9.817272758,2.143490529,20.1082742937539,32,83,18,21
0.75,1.826784849,0.9031744,1.165333509,0.382680863,9.793924332,0.320939451,-0.071623896,0.052992519,0.067347844,0.491702437,0.456021875,0.522046685,0.527010441,-0.697873533,-1.519844294,-2.167259455,-7.593750477,-48.73125076,27.86250114,209.7591246,0.486175537,996.4237061,,88.5313747,24.3732946,,,0.841316447,9.413842678,0.000957,-18.03750038,-64.21875,12.56250095,-0.079106987,0.055130545,0.068264139,0.841316447,9.413842678,0.000957,20.10916028672164,32,83,18,21
0.76,0.325207338,-0.524153233,-0.71942617,0.390346497,9.793823719,0.314624369,-0.029168794,0.033658649,-0.068111422,0.491952643,0.45623672,0.521484226,0.52714771,-0.678362608,-1.519644737,-2.148641706,-4.612500191,-48.50625229,29.45625114,211.2689327,,,,88.5313747,24.3732946,,,1.208973639,11.05783153,-0.777667344,-15.05625057,-63.99375153,14.15625095,-0.036651886,0.035796675,-0.067195127,1.208973639,11.05783153,-0.777667344,20.11085081386744,32,83,18,21
0.77,0.97512728,0.238581657,-1.321515232,0.412447497,9.79361105,0.29215093,-0.021471897,0.008857539,-0.111604996,0.492345363,0.45675531,0.51994741,0.527849376,-0.616363287,-1.519224584,-2.088390589,-6.206250191,-48.45000076,29.71875191,211.5245416,,,,88.5313747,24.3732946,,,2.338266277,9.494241714,-0.826959509,-16.65000153,-63.93750381,14.41875076,-0.02895499,0.010995566,-0.110688697,2.338266277,9.494241714,-0.826959509,20.08296178606936,32,83,18,21
0.78,2.324737191,-0.325451374,-0.577220231,0.450597569,9.792293072,0.279767737,0.012675445,0.013744458,-0.050396343,0.494290382,0.457486436,0.517427891,0.527873844,-0.55577305,-1.516682208,-2.032975793,-6.356250286,-48.84375381,27.35625076,209.2521737,,,,88.5313747,24.3732946,,,3.206382275,9.368857861,0.32015966,-16.78125,-64.33125305,12.05625057,0.005192351,0.015882484,-0.049480047,3.206382275,9.368857861,0.32015966,20.09433862914177,32,83,18,21
0.79,2.737564564,-0.790972233,0.117964461,0.491066009,9.790337563,0.28012839,-0.015485423,-0.007391464,-0.001404988,0.497726366,0.458877638,0.514192104,0.526598126,-0.518510163,-1.513112426,-2.005060375,-3.225000143,-47.49375153,28.87500191,211.2985452,0.536376953,996.4174805,,88.5313747,24.3732946,,,3.00538522,9.744171977,0.546759976,-13.66875076,-62.98125076,13.57500076,-0.022968516,-0.005253437,-0.000489,3.00538522,9.744171977,0.546759976,20.084634762381004,32,83,18,21
0.8,2.288494945,-0.571104527,-0.564677179,0.510094523,9.789570332,0.272873119,-0.03573559,-0.070707599,0.152258046,0.500216156,0.460765079,0.511553317,0.525157988,-0.491192326,-1.511769414,-1.986207485,-5.643750191,-48.22500229,27.24375153,209.4634089,,,,88.5313747,24.3732946,,,2.672782874,9.315258503,-1.130847973,-16.08750153,-63.71250153,11.94375038,-0.043218684,-0.068569569,0.153174343,2.672782874,9.315258503,-1.130847973,20.114524137035023,32,83,18,21
0.81,0.44472599,-0.639159441,-2.097713828,0.503642648,9.790527821,0.249430045,0.018356487,-0.072998341,0.233167088,0.500584573,0.462660432,0.510163158,0.524493724,-0.459739119,-1.513452828,-1.959079206,-9.75,-47.13750076,28.65000153,211.291082,,,,88.5313747,24.3732946,,,0.340259369,9.10421133,-1.915215254,-20.19375038,-62.60625076,13.35000038,0.010873392,-0.070860316,0.234083381,0.340259369,9.10421133,-1.915215254,20.1049319250731,32,83,18,21
0.82,0.353547812,1.283382416,-1.525160909,0.502047718,9.79099369,0.23402226,0.043157597,-0.031826054,-0.056871508,0.500305295,0.463268876,0.509690702,0.524682701,-0.436189324,-1.514283061,-1.936143517,-6.450000286,-49.46250153,27.46875191,209.0453837,,,,88.5313747,24.3732946,,,-0.462412998,8.944371223,-0.704686269,-16.89375114,-64.95000458,12.16875076,0.035674503,-0.029688028,-0.055955216,-0.462412998,8.944371223,-0.704686269,20.093235920994104,32,83,18,21
0.83,-0.606435329,-0.790342331,-0.571941376,0.510304958,9.790668964,0.229627818,0.046731157,-0.030543239,-0.223729223,0.500398487,0.463187411,0.509351581,0.52499485,-0.422866136,-1.513703167,-1.922858179,-3.337500095,-45.33750153,31.98750114,215.2045666,0.404266357,996.4332886,,88.5313747,24.3732946,,,1.970250142,9.445428085,0.915493965,-13.78125095,-60.82500076,16.6875,0.039248063,-0.028405213,-0.222812925,1.970250142,9.445428085,0.915493965,20.08254233401144,32,83,18,21
0.84,1.758660495,-0.206316471,1.201653257,0.533978671,9.789163113,0.239755638,-0.021838416,-0.031337364,0.075197452,0.502026379,0.463090494,0.508253694,0.524589807,-0.421945289,-1.511070907,-1.924971521,-7.556250095,-48.75000381,28.51875114,210.3276332,,,,88.5313747,24.3732946,,,2.755933493,9.235098958,1.666600913,-17.98125076,-64.23750305,13.21875095,-0.029321509,-0.029199339,0.076113752,2.755933493,9.235098958,1.666600913,20.092439292868622,32,83,18,21
0.85,2.271542132,0.164391041,1.23255378,0.544852942,9.788201809,0.254173547,-0.045662143,0.096333379,0.172202777,0.504324079,0.464040473,0.506839782,0.522911698,-0.436465383,-1.509449422,-1.945836663,-7.743750095,-46.81875229,28.57500076,211.3970687,,,,88.5313747,24.3732946,,,1.526142284,10.76339474,1.084427238,-18.1875,-62.28750229,13.27500057,-0.053145235,0.098471402,0.173119077,1.526142284,10.76339474,1.084427238,20.09300733288107,32,83,18,21
0.86,0.298928201,1.211995125,-0.177819505,0.552585661,9.787837029,0.251456946,-0.064293517,-0.005039634,-0.070860316,0.504852086,0.464315549,0.506198555,0.522779435,-0.427105352,-1.508847058,-1.938053548,-1.256250024,-48.71250153,27.76875114,209.6854708,,,,88.5313747,24.3732946,,,1.276331604,10.3082799,-1.168176043,-11.70000076,-64.18125153,12.46875095,-0.071776611,-0.002901608,-0.069944018,1.276331604,10.3082799,-1.168176043,20.10918424713352,32,83,18,21
0.87,1.151988029,0.134927273,-1.674521148,0.583062142,9.786352158,0.240143858,0.107176223,0.007635809,-0.17953316,0.505839556,0.464368433,0.504612654,0.523310691,-0.390753448,-1.506450295,-1.903796792,-6.843750477,-48.45000076,27.03750038,209.1636814,0.314437866,996.4440308,,88.5313747,24.3732946,,,2.103291094,10.03430176,-1.025922716,-17.28750038,-63.91875076,11.73750019,0.09969313,0.009773836,-0.178616861,2.103291094,10.03430176,-1.025922716,20.105502298854205,32,83,18,21
0.88,2.133544326,-0.20172596,-0.604720481,0.613023579,9.784574986,0.238016315,0.06600394,-0.028893903,-0.018020513,0.507573903,0.464687333,0.502802193,0.523090899,-0.370370388,-1.503687143,-1.88749826,-6.412500381,-50.43750381,26.71875191,207.9119484,,,,88.5313747,24.3732946,,,2.575634241,9.956534958,0.109112716,-16.85625076,-65.92500305,11.41875076,0.058520846,-0.026755878,-0.017104214,2.575634241,9.956534958,0.109112716,20.11548850970305,32,83,18,21
0.89,1.812588155,-0.355633736,-0.019253515,0.62018016,9.78419733,0.235040896,-0.039400777,-0.087353664,0.145996686,0.508451015,0.465333611,0.501840591,0.522587597,-0.36226292,-1.503113747,-1.882380724,-3.131250143,-47.70000076,28.01250076,210.4241892,,,,88.5313747,24.3732946,,,2.404308176,9.703853035,0.043549372,-13.55625057,-63.18750381,12.71250057,-0.046883872,-0.085215636,0.146912975,2.404308176,9.703853035,0.043549372,20.098888597006475,32,83,18,21
0.9,0.482420266,-1.249872208,-0.745431304,0.617887914,9.784470558,0.229639426,-0.020494514,-0.007880155,0.167804553,0.508760929,0.466020137,0.501320004,0.52217412,-0.355833352,-1.503528357,-1.877883792,-6.150000095,-49.46250153,27.45000076,209.0287802,,,,88.5313747,24.3732946,,,1.211964674,10.25922716,0.035294116,-16.59375,-64.95000458,12.15000057,-0.027977607,-0.005742129,0.16872085,1.211964674,10.25922716,0.035294116,20.08478376983753,32,83,18,21
0.91,0.647938132,1.370479107,0.450017996,0.622405708,9.784245491,0.22697141,-0.058734649,0.007269291,-0.079840029,0.509064645,0.466227457,0.500897259,0.52209866,-0.349679962,-1.50318855,-1.872740507,-6.093750477,-48.73125076,25.80000114,207.8982846,0.203460693,996.4571533,,88.5313747,24.3732946,,,1.843430591,11.68032436,1.504606879,-16.51875114,-64.20000458,10.5,-0.066217744,0.009407318,-0.078923729,1.843430591,11.68032436,1.504606879,20.10852979148892,32,83,18,21
0.92,1.773867369,2.142153263,1.393397927,0.652715743,9.782001019,0.238116302,-0.008857539,-0.035277441,-0.131335929,0.510816067,0.465854228,0.499700412,0.521867692,-0.349773556,-1.499887228,-1.875640094,-4.425000191,-49.21875381,28.42500114,210.0074559,,,,88.5313747,24.3732946,,,2.879522753,10.83374386,0.87529453,-14.86875057,-64.70625305,13.12500095,-0.016340633,-0.033139414,-0.130419632,2.879522753,10.83374386,0.87529453,20.110431401944677,32,83,18,21
0.93,2.290207505,0.719661236,0.173344955,0.676510602,9.780047894,0.251733355,0.089338973,-0.036468628,0.085215636,0.512879431,0.465969309,0.498377502,0.52100572,-0.356221199,-1.49712348,-1.886452854,-4.200000286,-48.84375381,27.97500038,209.8016949,,,,88.5313747,24.3732946,,,1.857428625,10.19222808,0.023330024,-14.64375019,-64.33125305,12.67500019,0.08185588,-0.0343306,0.086131933,1.857428625,10.19222808,0.023330024,20.10245108790278,32,83,18,21
0.94,0.26048106,-0.535250187,-0.978401244,0.672890693,9.780276775,0.252540499,0.06600394,-0.031581709,0.09450078,0.513102591,0.466319174,0.498235434,0.520608872,-0.359034434,-1.497441113,-1.890378594,-6.356250286,-48.84375381,27.35625076,209.2521737,,,,88.5313747,24.3732946,,,0.250767821,8.517491341,-1.222732377,-16.78125,-64.33125305,12.05625057,0.058520845,-0.029443683,0.095417079,0.250767821,8.517491341,-1.222732377,20.11083868719818,32,83,18,21
0.95,-0.835101604,-2.071547031,-1.214378327,0.683164328,9.779847145,0.241286561,0.04535671,0.038026332,-0.236404672,0.512783557,0.466083869,0.497929797,0.521425575,-0.339561358,-1.496845901,-1.869839311,-6.937500477,-45.28125,31.63125038,214.9362528,-0.055480957,996.487793,,88.5313747,24.3732946,,,0.920758137,9.176474762,0.10289138,-17.38125038,-60.76875305,16.33125114,0.037873615,0.04016436,-0.235488374,0.920758137,9.176474762,0.10289138,20.09975182385457,32,83,18,21
0.96,2.45963645,0.132951736,0.848487347,0.719918311,9.777339935,0.23579856,-0.115056381,0.02290743,-0.185153113,0.514411151,0.46611321,0.496016324,0.521618754,-0.316594511,-1.493468821,-1.850250244,-3.225000143,-46.53750229,30.26250076,213.0352252,,,,88.5313747,24.3732946,,,4.316053808,9.829117298,1.046261698,-13.66875076,-62.02500153,14.96250057,-0.122539474,0.025045457,-0.184236816,4.316053808,9.829117298,1.046261698,20.10090931317528,32,83,18,21
0.97,4.516111374,1.998855591,0.718110442,0.747870684,9.775238991,0.236176193,-0.052687087,0.026725335,0.124005551,0.51680696,0.466999352,0.493741661,0.520616353,-0.305886656,-1.490737081,-1.846105576,-6.675000191,-48.31875229,28.29375076,210.3517293,,,,88.5313747,24.3732946,,,3.734717655,10.16758175,-0.054556358,-17.10000038,-63.78750229,12.99375057,-0.060170181,0.028863361,0.124921847,3.734717655,10.16758175,-0.054556358,20.09710164073434,32,83,18,21
0.98,2.336833835,0.726251125,-0.516634703,0.752300501,9.774933815,0.234733932,0.03167334,-0.143736483,0.198714311,0.517598778,0.467605308,0.492938727,0.520046264,-0.302448422,-1.490348577,-1.845440149,-5.100000381,-48.63750076,28.20000076,210.1051382,,,,88.5313747,24.3732946,,,1.450648706,10.3639133,-0.471386055,-15.54375076,-64.125,12.90000057,0.024190245,-0.141598455,0.199630606,1.450648706,10.3639133,-0.471386055,20.08101676506976,32,83,18,21
0.99,0.30082792,-0.199180603,-0.472276032,0.749957621,9.775111198,0.234829701,0.048044515,-0.105496347,0.016676607,0.517504632,0.467626363,0.493039936,0.520025134,-0.30345282,-1.490574121,-1.846291184,-1.650000095,-48.22500229,28.46250153,210.549197,-0.343490601,996.5219727,,88.5313747,24.3732946,,,0.816909655,9.99625597,0.862373269,-12.07500076,-63.71250153,13.16250038,0.040561421,-0.103358322,0.017592907,0.816909655,9.99625597,0.862373269,20.08431565707973,32,83,18,21
1.0,0.145300955,0.419756413,1.643790424,0.756799489,9.774337292,0.244851582,-0.066584261,-0.031764968,-0.068875005,0.517795622,0.467060432,0.493222564,0.520070821,-0.312896654,-1.489596486,-1.855231762,-4.950000286,-50.26875305,26.68125153,207.9581153,,,,88.5313747,24.3732946,,,1.779781449,10.50927706,2.003271091,-15.39375019,-65.7562561,11.38125038,-0.074067353,-0.029626941,-0.067958707,1.779781449,10.50927706,2.003271091,20.081257167427463,32,83,18,21
1.01,1.317984641,0.553943157,1.087837279,0.774471194,9.77284193,0.24925708,-0.104305164,0.09608903,-0.044776389,0.519119501,0.467224002,0.492152974,0.519617081,-0.311384708,-1.48773706,-1.85673207,-7.856250286,-47.38125229,28.16250038,210.7264313,,,,88.5313747,24.3732946,,,2.227717906,11.97547889,1.001396298,-18.30000114,-62.86875153,12.86250019,-0.111788255,0.098227056,-0.043860091,2.227717906,11.97547889,1.001396298,20.10545641645055,32,83,18,21
1.02,1.402171105,0.129644394,-0.713443562,0.79602161,9.771245003,0.243769467,0.003329213,0.094622953,-0.097921623,0.520326823,0.467581019,0.490695089,0.519466579,-0.297230989,-1.485799134,-1.845753193,-6.187500477,-49.10625076,27.65625191,209.3878673,,,,88.5313747,24.3732946,,,2.651247513,10.01970539,-0.757567649,-16.63125038,-64.57500458,12.35625076,-0.004153879,0.096760981,-0.097005327,2.651247513,10.01970539,-0.757567649,20.09257423924305,32,83,18,21
1.03,1.419849813,0.252754688,-0.776251435,0.834899217,9.768187046,0.236178942,0.036041022,0.039858928,-0.233961212,0.522034824,0.467657641,0.488598183,0.519661009,-0.27572903,-1.482201397,-1.827940047,-5.418750286,-47.75625229,29.98125076,212.1204951,-0.570724487,996.5489502,,88.5313747,24.3732946,,,2.263610244,10.00582714,-0.462771899,-15.84375095,-63.22500229,14.68125057,0.028557928,0.041996954,-0.233044913,2.263610244,10.00582714,-0.462771899,20.100342827646585,32,83,18,21
1.04,2.394963741,1.793103218,-0.334309876,0.857734621,9.766334534,0.231075659,-0.008155045,-0.089736035,-0.066889695,0.522911727,0.467612028,0.487449169,0.519899607,-0.263154566,-1.480089426,-1.817108154,-4.387500286,-50.04375076,26.25000191,207.6788551,,,,88.5313747,24.3732946,,,3.713062465,7.85384202,-1.162313573,-14.83125019,-65.53125,10.95000076,-0.015638137,-0.087598012,-0.065973397,3.713062465,7.85384202,-1.162313573,20.116302658957043,32,83,18,21
1.05,2.755663276,-1.338407516,-1.082735419,0.870462716,9.765377998,0.223778516,0.018234313,-0.027916522,0.156931162,0.524156511,0.468514696,0.485914186,0.519269735,-0.25163354,-1.47901839,-1.809903741,-5.4375,-48.37500381,27.26250076,209.4041234,,,,88.5313747,24.3732946,,,2.211446714,8.849136448,-0.122033954,-15.88125038,-63.86250305,11.96250057,0.01075122,-0.025778493,0.157847458,2.211446714,8.849136448,-0.122033954,20.089971689165957,32,83,18,21
1.06,1.205319554,-0.827128887,-0.011829808,0.879037082,9.764761448,0.216974512,-0.105679606,0.059712032,-0.014508038,0.524917871,0.469141886,0.484857947,0.518921494,-0.242021777,-1.47833693,-1.80308795,-3.187500238,-49.29375076,27.39375114,209.0620059,,,,88.5313747,24.3732946,,,2.470350122,10.40255699,0.560399073,-13.63125038,-64.78125,12.09375095,-0.113162697,0.06185006,-0.013591741,2.470350122,10.40255699,0.560399073,20.096415316921423,32,83,18,21
1.07,1.622385025,0.296458721,0.004302144,0.909578234,9.762197018,0.20609355,-0.101250836,-0.000305,-0.157786371,0.526182353,0.469353929,0.483043551,0.519141197,-0.22285793,-1.475549161,-1.786997974,-5.793750286,-50.11875153,26.02500153,207.441352,-0.570724487,996.5489502,,88.5313747,24.3732946,,,3.387638688,10.5278213,-0.309870524,-16.23750114,-65.58750153,10.72500038,-0.10873393,0.001832595,-0.156870073,3.387638688,10.5278213,-0.309870524,20.11022204554172,32,83,18,21
1.08,2.726076722,-0.196256638,-0.829189956,0.936535478,9.759687424,0.204418287,0.091538087,-0.025961754,0.05137373,0.52792272,0.469723657,0.481258214,0.518697739,-0.214900866,-1.472891212,-1.783385277,-4.743750095,-47.34375,31.05000114,213.2585295,,,,88.5313747,24.3732946,,,3.556691599,10.07952614,-0.18616159,-15.18750095,-62.81250381,15.75000095,0.084054994,-0.023823726,0.052290024,3.556691599,10.07952614,-0.18616159,20.089151926619664,32,83,18,21
1.09,1.084350258,0.286596298,0.399463549,0.940113574,9.759228706,0.209822699,0.016340632,-0.119576778,0.133168519,0.528732717,0.470032215,0.480767354,0.518048406,-0.219591342,-1.472413838,-1.79033649,-3.825000048,-48.20625305,27.22500038,209.4560569,,,,88.5313747,24.3732946,,,1.395494175,9.529176712,0.58097735,-14.26875019,-63.69375229,11.92500019,0.008857539,-0.117438756,0.134084821,1.395494175,9.529176712,0.58097735,20.08308187310504,32,83,18,21
1.1,0.545064926,-0.058779716,-0.013992965,0.947341859,9.758609295,0.206052706,-0.056169018,0.048563751,-0.024984369,0.529135734,0.470234215,0.480186135,0.517992586,-0.214182988,-1.471773386,-1.786172152,-5.306250095,-49.91250229,26.88750076,208.3110225,,,,88.5313747,24.3732946,,,1.270588845,9.546764135,-0.125623192,-15.73125076,-65.40000153,11.58750057,-0.06365211,0.050701777,-0.024068074,1.270588845,9.546764135,-0.125623192,20.09160164693669,32,83,18,21
1.11,0.527321219,-0.362898827,-0.755762696,0.966074407,9.756930351,0.198520705,-0.023212862,0.102014419,-0.20830489,0.529785097,0.470279574,0.479146153,0.518250763,-0.20267114,-1.470055223,-1.776139021,-8.118750572,-47.90625,29.40000153,211.5373849,-0.478256226,996.5379028,,88.5313747,24.3732946,,,2.213360953,9.980941772,-0.630748045,-18.5625,-63.39375305,14.10000038,-0.030695956,0.104152445,-0.207388595,2.213360953,9.980941772,-0.630748045,20.08647630942793,32,83,18,21
1.12,1.749729633,0.275176525,-0.83097595,0.9915874,9.754480362,0.192842543,0.016890411,0.015821398,-0.138727393,0.530865431,0.470293954,0.477772415,0.518400073,-0.192104101,-1.467604816,-1.767894387,-4.575000286,-46.44375229,29.36250114,212.3017449,,,,88.5313747,24.3732946,,,3.820141375,9.946963787,-0.518644318,-15.01875019,-61.91250229,14.06250095,0.009407318,0.017959424,-0.137811094,3.820141375,9.946963787,-0.518644318,20.117247356033044,32,83,18,21
1.13,2.813218832,-0.203005314,-0.367133889,1.019709587,9.75160408,0.191753469,0.039248063,-0.027427829,0.033292131,0.532748431,0.470689297,0.475878909,0.517850995,-0.185878009,-1.464794397,-1.766395986,-6.618750095,-46.51875305,26.98125076,210.1140778,,,2.510401011,88.5313747,24.3732946,,,3.3576087,9.41336422,0.37710886,-17.0625,-62.00625229,11.68125057,0.031764968,-0.025289803,0.034208428,3.3576087,9.41336422,0.37710886,20.112446192179547,32,83,18,21
1.14,2.095720172,-0.134545326,0.605427876,1.033141673,9.750175476,0.192592457,-0.066889693,-0.027030767,0.084757488,0.533987433,0.471121088,0.474730715,0.517235816,-0.184302345,-1.463423669,-1.768259823,-5.268750191,-51.00000381,27.05625153,207.9466076,,,,88.5313726625,24.3732943875,,,2.789552641,10.21208858,0.962393272,-15.69375038,-66.46875,11.75625038,-0.074372787,-0.02489274,0.085673785,2.789552641,10.21208858,0.962393272,20.105572616360043,32,83,18,21
1.15,0.894310653,0.656326771,0.531963319,1.046409309,9.748876572,0.186562292,-0.116155937,0.038056875,-0.040989026,0.534750372,0.471456304,0.473684341,0.517101586,-0.176444031,-1.462195873,-1.762684286,-7.668750286,-47.19375229,29.02500153,211.592259,-0.449188232,996.5343018,,88.531370625,24.373294175,,,1.753939003,11.39821076,0.372682128,-18.09375,-62.66250229,13.72500038,-0.123639029,0.040194901,-0.040072729,1.753939003,11.39821076,0.372682128,20.115300224625116,32,83,18,21
1.16,0.325816095,1.289866447,-0.71646215,1.072253883,9.74621439,0.178587884,-0.007177662,0.112460203,-0.248805228,0.53562066,0.471358135,0.472389296,0.517474771,-0.165059686,-1.459721625,-1.7529971,-2.831250191,-47.30625153,28.33125114,210.9169792,,,,88.5313685875,24.3732939625,,,1.28207438,10.63418236,-0.962871847,-13.27500057,-62.79375076,13.03125095,-0.014660754,0.114598234,-0.247888929,1.28207438,10.63418236,-0.962871847,20.11294034294239,32,83,18,21
1.17,0.671852469,0.629016876,-1.021533787,1.115495265,9.741438389,0.17398642,0.086590081,0.176387206,-0.383470371,0.537232131,0.470905766,0.470502928,0.517934173,-0.154747948,-1.455416203,-1.745278597,-5.831250191,-47.70000076,26.00625038,208.5994127,,,,88.53136655,24.37329375,,,1.983171415,10.21543846,-0.540299353,-16.27500153,-63.18750381,10.70625019,0.07910699,0.178525232,-0.382554069,1.983171415,10.21543846,-0.540299353,20.088834305196105,32,83,18,21
1.18,1.287608981,0.135786057,-0.289072484,1.154074907,9.736990929,0.17180185,0.032406377,0.211664647,-0.392358446,0.538912535,0.470623761,0.468691617,0.518087566,-0.147780627,-1.451534033,-1.741375208,-7.181250095,-49.78125381,24.71250153,206.4008057,,,,88.5313645125,24.3732935375,,,2.876172781,9.643075228,-0.140578329,-17.625,-65.26875305,9.412500381,0.024923283,0.213802671,-0.39144215,2.876172781,9.643075228,-0.140578329,20.11798570928307,32,83,18,21
1.19,1.749452293,-0.691168308,-0.468100071,1.198219836,9.73170948,0.168109097,0.000397,0.182954001,-0.38832674,0.54093945,0.470442638,0.466466442,0.518146992,-0.139429823,-1.447099268,-1.737047017,-4.837500095,-49.55625153,25.66875076,207.3828918,-0.613006592,996.553894,,88.53136247500001,24.373293325,,,2.97332139,9.676574516,-0.574277431,-15.28125095,-65.02500153,10.36875057,-0.007086032,0.185092027,-0.387410444,2.97332139,9.676574516,-0.574277431,20.105237238818976,32,83,18,21
1.2,1.667200565,-0.17323494,-1.163892537,1.24728471,9.725723743,0.157688767,0.000611,0.013286309,-0.258548524,0.54283908,0.470215335,0.464008018,0.518574387,-0.125784997,-1.442241311,-1.727117658,-6.975000381,-49.21875381,24.35625076,206.3288343,,,,88.5313604375,24.3732931125,,,3.056591654,9.030991364,-1.553420448,-17.41875076,-64.70625305,9.056250572,-0.006872229,0.015424336,-0.257632226,3.056591654,9.030991364,-1.553420448,20.1179653845732,32,83,18,21
1.21,1.866595984,-1.158474445,-1.47983861,1.278990328,9.721731663,0.149856903,0.084329884,0.020708316,-0.104518963,0.54430452,0.470326126,0.462150171,0.518596888,-0.116641033,-1.439102948,-1.72139591,-7.443750381,-48.73125076,25.81875038,207.9155,,,,88.5313584,24.373292900000003,,,3.219542861,8.663214326,-0.220737871,-17.88750076,-64.21875,10.51875019,0.07684679,0.022846343,-0.103602666,3.219542861,8.663214326,-0.220737871,20.12430303518684,32,83,18,21
1.22,1.784962416,-0.646570683,0.977192223,1.305997074,9.71805048,0.15553613,-0.001435532,0.025473061,-0.099632047,0.545997053,0.470224336,0.460762039,0.518145084,-0.118529417,-1.436275005,-1.726726651,-3.918750048,-47.58750153,26.47500038,209.0890938,,,,88.5313563625,24.3732926875,,,3.402115297,9.087940216,1.570648789,-14.36250019,-63.05625153,11.17500019,-0.008918625,0.027611088,-0.098715748,3.402115297,9.087940216,1.570648789,20.10490828459169,32,83,18,21
1.23,2.692375898,-0.650976181,1.215971947,1.334716797,9.714086533,0.159390382,-0.088728108,0.002596175,-0.052076223,0.547818184,0.470233709,0.459160596,0.517635614,-0.118859336,-1.433292687,-1.731011748,-9.487500191,-47.85000229,24.80625153,207.4029882,-1.178451538,996.6207886,,88.531354325,24.373292475,,,4.3740798,9.588518906,0.928893745,-19.93125153,-63.33750153,9.506250381,-0.096211202,0.004734202,-0.051159925,4.3740798,9.588518906,0.928893745,20.10136515583609,32,83,18,21
1.24,3.127259731,0.458842278,-0.335249618,1.348267376,9.712351322,0.150986798,-0.093187423,-0.003726275,0.140193466,0.549170643,0.471155122,0.457460523,0.516869426,-0.111521889,-1.43200624,-1.728429317,-8.212500572,-48.45000076,27.05625153,209.1805875,,,,88.5313522875,24.3732922625,,,4.182055831,10.06481028,-0.868594601,-18.65625,-63.93750381,11.75625038,-0.100670517,-0.001588248,0.141109764,4.182055831,10.06481028,-0.868594601,20.11194092748589,32,83,18,21
1.25,2.70663476,0.931511879,-1.352579117,1.342051864,9.713404655,0.138029367,-0.068722289,-0.091935151,0.313679066,0.549369276,0.472249985,0.456677526,0.51635164,-0.102489091,-1.43278563,-1.721996546,-4.912500381,-49.21875381,27.78750038,209.4478298,,,,88.53135025,24.37329205,,,3.673939943,10.48152037,-1.084427238,-15.35625076,-64.70625305,12.48750019,-0.076205382,-0.089797121,0.314595368,3.673939943,10.48152037,-1.084427238,20.12679910112163,32,83,18,21
1.26,2.447845459,0.040544033,-1.084810197,1.329493463,9.715219021,0.131579123,-0.02660316,-0.128709212,0.375620753,0.549366325,0.473175958,0.456419796,0.515734345,-0.098639913,-1.434138656,-1.719947994,-4.443750381,-49.50000381,26.55000114,208.2074901,,,,88.5313482125,24.3732918375,,,3.908436537,10.14221811,-0.181854521,-14.88750076,-64.98750305,11.25,-0.034086255,-0.126571181,0.376537049,3.908436537,10.14221811,-0.181854521,20.15019587884763,32,83,18,21
1.27,2.410210729,-0.063269138,-0.248784907,1.301866651,9.719074249,0.122585591,-0.111513365,-0.250271302,0.518074423,0.548903316,0.474565655,0.456520021,0.514860928,-0.093865465,-1.437057137,-1.716872513,-6.393750191,-50.02500153,27.16875076,208.5065375,-1.696334839,996.682312,,88.53134617500001,24.373291625,,,3.41336149,10.33878839,-0.306281297,-16.83750153,-65.49375153,11.86875057,-0.118996459,-0.248133272,0.518990713,3.41336149,10.33878839,-0.306281297,20.1602697916001,32,83,18,21
1.28,0.836403072,-1.011901379,-1.107182786,1.256908774,9.725134373,0.110219847,-0.054061533,-0.305890545,0.525038272,0.547271132,0.475940347,0.457598105,0.514371961,-0.087443523,-1.441777527,-1.709594309,-7.143750191,-48.60000229,28.48125076,210.3717501,,,,88.5313441375,24.3732914125,,,0.868594596,8.73140974,-1.191625679,-17.58750153,-64.0687561,13.18125057,-0.061544626,-0.303752512,0.525954574,0.868594596,8.73140974,-1.191625679,20.134744517329352,32,83,18,21
1.29,-1.182194263,-0.245834827,-0.920135438,1.207728803,9.731453896,0.102339577,-0.010109812,-0.213863757,0.381973749,0.544976205,0.476719677,0.459522709,0.514371157,-0.084526256,-1.446883917,-1.703221262,-7.143750191,-48.60000229,28.48125076,210.3717501,,,2.460175037,88.5313421,24.3732912,Bump,128.0,-0.51086764,9.620941639,-0.473778866,-17.58750153,-64.0687561,13.18125057,-0.017592905,-0.211725736,0.382890046,-0.51086764,9.620941639,-0.473778866,20.163398380662205,32,83,18,21
1.3,-2.362489104,0.345420361,0.50383842,1.186804056,9.734045982,0.101169184,-0.027091853,-0.011423172,-0.043432486,0.543470711,0.476472095,0.46093832,0.514926851,-0.085039586,-1.449036658,-1.699998677,-5.737500191,-47.90625,27.20625114,209.5925067,,,,88.53134161,24.373291144,Bump,,-0.872423153,10.50640564,1.129890859,-16.18125153,-63.39375305,11.90625,-0.034574946,-0.009285145,-0.042516189,-0.872423153,10.50640564,1.129890859,20.16766748223472,32,83,18,21
1.31,-0.461956024,0.626861572,1.119710281,1.211547077,9.730956078,0.10446265,-0.040317075,0.193033269,-0.359035771,0.544149637,0.475690633,0.460376427,0.515434474,-0.086019825,-1.446474016,-1.70093441,-6.337500095,-48.28125381,26.36250114,208.6353964,-1.384552002,996.6453857,,88.53134112000001,24.373291088,Bump,,1.441436356,10.01683407,0.69631139,-16.78125,-63.75000381,11.0625,-0.047800169,0.195171297,-0.358119477,1.441436356,10.01683407,0.69631139,20.16703966687804,32,83,18,21
1.32,1.236376405,1.023576736,-7.89e-05,1.24526608,9.7267313,0.102021553,-0.015118903,0.219239366,-0.342878401,0.545606792,0.475426316,0.458779812,0.515561998,-0.081744477,-1.443042397,-1.699332356,-6.337500095,-48.28125381,26.36250114,208.6353964,,,,88.53134063,24.373291032,Bump,,2.72961247,9.558130026,-0.989432152,-16.78125,-63.75000381,11.0625,-0.022601997,0.2213774,-0.341962099,2.72961247,9.558130026,-0.989432152,20.16909183780212,32,83,18,21
1.33,1.85130322,-0.115557194,-1.587298632,1.268050194,9.723893642,0.090998087,0.019211697,0.10146464,-0.091324283,0.546690971,0.475773603,0.457150534,0.515539914,-0.071654268,-1.440791726,-1.692335308,-2.625,-51.80625153,23.45625114,204.3595312,,,,88.53134014,24.373290976,Bump,,3.472942781,8.854879284,-2.298545408,-13.06875038,-67.29375458,8.15625,0.011728603,0.103602667,-0.090407988,3.472942781,8.854879284,-2.298545408,20.182791197230483,32,83,18,21
1.34,2.245919108,-1.48682332,-2.270499945,1.294645131,9.720499992,0.078121722,0.072845625,0.102167137,-0.080023287,0.548292518,0.476469696,0.454937086,0.515154004,-0.060282161,-1.438149929,-1.685876966,-5.4375,-46.95000076,28.57500076,211.3257894,,,,88.53133965,24.37329092,Bump,,3.878286934,9.507641411,-0.972443122,-15.88125038,-62.43750381,13.27500057,0.065362532,0.104305163,-0.079106988,3.878286934,9.507641411,-0.972443122,20.21084300537876,32,83,18,21
1.35,2.588467002,-0.049136162,-0.342544675,1.327273011,9.716171741,0.068378747,-0.067408928,-0.049174614,-0.114292797,0.549862504,0.476681679,0.452882245,0.515095323,-0.051482586,-1.434853613,-1.680989087,-5.4375,-46.95000076,28.57500076,211.3257894,-0.967071533,996.5957031,,88.53133916,24.373290864,Bump,,4.394418776,10.03310537,0.254237408,-15.88125038,-62.43750381,13.27500057,-0.074892021,-0.047036588,-0.113376506,4.394418776,10.03310537,0.254237408,20.1888428721804,32,83,18,21
1.36,3.794257998,0.131461143,0.047861546,1.344250619,9.713859081,0.065612204,-0.017073671,-0.089491691,0.190040036,0.551214993,0.477151468,0.451429546,0.514489561,-0.048770571,-1.43312335,-1.682172656,-3.375000238,-46.65000153,29.13750076,211.98882,,,,88.53133867,24.373290808,Bump,,4.622933388,9.832108307,-0.044985065,-13.81875038,-62.11875153,13.83750057,-0.024556765,-0.087353665,0.190956329,4.622933388,9.832108307,-0.044985065,20.198563844101084,32,83,18,21
1.37,1.032826543,-0.285402298,0.058542807,1.324905574,9.716450214,0.074425362,0.081245016,-0.2064723,0.357203178,0.551252604,0.477741152,0.451898068,0.513489902,-0.056130975,-1.435063779,-1.690690577,-6.168750286,-46.03125,28.42500114,211.6959648,,,,88.53133818,24.373290752,Bump,,1.462971759,9.510991478,0.513978301,-16.61250114,-61.50000381,13.12500095,0.073761921,-0.204334266,0.35811948,1.462971759,9.510991478,0.513978301,20.207130649775088,32,83,18,21
1.38,-0.049036026,0.886929989,1.147644728,1.30786705,9.718727589,0.078762017,-0.037843072,0.001282817,0.152655109,0.550835073,0.478023812,0.452560022,0.513091981,-0.060149113,-1.436788559,-1.694305301,-6.206250191,-49.51875305,27.20625114,208.7849697,,,,88.53133769,24.373290696,Bump,,1.01036936,11.24686456,1.301695526,-16.65000153,-65.0062561,11.90625,-0.045326166,0.003420842,0.153571407,1.01036936,11.24686456,1.301695526,20.19424308566157,32,83,18,21
1.39,-1.065888643,0.540349007,0.335145503,1.315608263,9.717745781,0.070602193,-0.12788454,0.139949122,-0.222049348,0.550822437,0.47800535,0.452143282,0.513489962,-0.053613774,-1.436041117,-1.687758565,-7.631250381,-48.88125229,28.66875076,210.3915326,-0.449188232,996.5345459,,88.5313372,24.37329064,Bump,,1.296909872,11.05196915,-0.747517791,-18.05625153,-64.3500061,13.36875057,-0.135367632,0.142087148,-0.221133052,1.296909872,11.05196915,-0.747517791,20.218914954563385,32,83,18,21
1.4,0.540599227,0.842049122,-1.503756553,1.341507375,9.71426487,0.060903316,0.079412422,0.127670739,-0.311388321,0.551623195,0.47786501,0.450829178,0.513915926,-0.045381755,-1.433428407,-1.681086063,-2.587500095,-49.33125305,25.85625076,207.6606199,,,,88.53133671,24.373290584,Bump,,3.09726963,9.606225777,-1.595055592,-13.01250076,-64.80000305,10.55625057,0.071929327,0.129808767,-0.310472019,3.09726963,9.606225777,-1.595055592,20.21867798423597,32,83,18,21
1.41,2.274335384,-0.232515812,-1.056015521,1.379137993,9.708971977,0.064387023,0.154334988,0.077274394,-0.152655108,0.553630114,0.477579996,0.448999643,0.513624221,-0.046644641,-1.429540575,-1.68621242,-6.150000095,-48.78750229,25.55625153,207.6467985,,,,88.53133622,24.373290528,Bump,,4.506881475,10.02114129,0.364905454,-16.57500076,-64.2562561,10.25625038,0.146851893,0.079412422,-0.151738812,4.506881475,10.02114129,0.364905454,20.19027413013016,32,83,18,21
1.42,2.768955231,-0.155328274,0.369896796,1.403568983,9.70544672,0.068349365,-0.020158538,0.035430157,0.007483093,0.555489182,0.477797821,0.447377935,0.512829185,-0.048661351,-1.427007437,-1.692743182,-6.112500191,-47.28750229,26.45625114,209.225992,,,,88.53133573000001,24.373290472,Bump,,3.744767427,9.013762856,-0.222532503,-16.55625153,-62.77500153,11.15625,-0.027641632,0.037568184,0.00839939,3.744767427,9.013762856,-0.222532503,20.200064111665053,32,83,18,21
1.43,2.362957954,-0.266940117,-1.102022767,1.41151911,9.704375267,0.055495672,-0.080114914,-0.003115411,0.120034929,0.556245297,0.478649989,0.446011841,0.51240468,-0.0392955,-1.426246285,-1.686789453,-5.418750286,-48.33750153,25.35000038,207.6742036,0.372558594,996.4370117,,88.53133524,24.373290416,Bump,,3.558725476,10.04028392,-1.676770508,-15.84375095,-63.82500076,10.05000019,-0.087598009,-0.000977,0.120951226,3.558725476,10.04028392,-1.676770508,20.19216529302066,32,83,18,21
1.44,1.263481915,0.034466267,-1.99041599,1.408685029,9.704853058,0.042469112,0.022876885,-0.099632046,0.137627836,0.556280017,0.479420587,0.445345864,0.512225986,-0.0301373,-1.426585495,-1.679286003,-6.300000191,-48.99375153,25.33125114,207.340331,,,,88.53133475,24.37329036,Bump,,2.265524435,10.1690176,-1.419422373,-16.74375153,-64.48125458,10.03125,0.015393792,-0.097494017,0.138544133,2.265524435,10.1690176,-1.419422373,20.19148228652642,32,83,18,21
1.45,0.682743788,0.969542027,0.61662665,1.399600685,9.706135273,0.04920877,0.052992519,-0.210290201,0.116217023,0.55589062,0.479227647,0.446072921,0.51219663,-0.035149688,-1.42749846,-1.683011651,-6.131250381,-49.06875229,26.36250114,208.2471997,,,,88.53133426000001,24.373290304,Bump,,2.290888429,10.8241724,1.421336648,-16.57500076,-64.55625153,11.0625,0.045509426,-0.208152175,0.117133321,2.290888429,10.8241724,1.421336648,20.18153183975613,32,83,18,21
1.46,0.575644493,0.202149391,2.164865255,1.392797351,9.707027435,0.064169817,0.03423897,-0.047464193,0.135306548,0.556075037,0.479041755,0.446661055,0.511657536,-0.046039969,-1.428136587,-1.693849206,-4.856250286,-49.76250076,27.48750114,208.9151099,,,,88.53133377,24.373290248,Bump,,1.73360002,10.50748229,2.70987165,-15.30000019,-65.25,12.18750095,0.026755878,-0.045326168,0.136222847,1.73360002,10.50748229,2.70987165,20.204416561057585,32,83,18,21
1.47,0.14538151,0.922764778,2.477087259,1.390628636,9.707266331,0.0742875,-0.055313806,0.194926952,-0.058704106,0.556458235,0.479019746,0.446808413,0.511132568,-0.053367345,-1.428307831,-1.701917708,-7.425000191,-48.30000305,24.22500038,206.6361808,0.895736694,996.3748779,,88.53133328,24.373290192,Bump,,1.345723462,10.64949665,0.983928663,-17.86875153,-63.78750229,8.925000191,-0.062796898,0.197064978,-0.057787809,1.345723462,10.64949665,0.983928663,20.20012693857845,32,83,18,21
1.48,-0.158499539,0.746183395,-0.491941199,1.413330793,9.704045773,0.065327179,-0.084452056,0.194560431,-0.328339815,0.557312697,0.479036957,0.445492506,0.511333823,-0.046212239,-1.426016629,-1.696761727,-6.918750286,-49.42500305,24.90000153,206.7386742,,,,88.53133279000001,24.373290136,Bump,,2.022413707,10.40734291,-2.001835442,-17.36250114,-64.89375305,9.600000381,-0.091935147,0.196698461,-0.32742352,2.022413707,10.40734291,-2.001835442,20.18207052349125,32,83,18,21
1.49,1.612629771,0.37152338,-2.367205858,1.451246321,9.698552132,0.047683889,0.030818129,0.042821621,-0.25576908,0.558450341,0.478930175,0.443432838,0.511982441,-0.032854861,-1.422183394,-1.685866237,-6.825000286,-49.51875305,27.22500038,208.8016309,,,,88.5313323,24.37329008,Bump,,4.168296993,9.586843967,-1.838286012,-17.25,-65.0062561,11.92500019,0.023335034,0.044959646,-0.254852784,4.168296993,9.586843967,-1.838286012,20.191152562093045,32,83,18,21
1.5,3.482724667,0.11301899,-0.255176425,1.474402249,9.695045948,0.050834039,0.093981545,-0.049418961,0.069699671,0.560113311,0.479062811,0.441956088,0.511318356,-0.034459436,-1.419786155,-1.691429734,-3.468750238,-48.54375076,25.08750153,207.3300057,,,,88.53133181,24.373290024,Bump,,4.732524538,9.769894791,1.023170942,-13.91250038,-64.03125,9.787500381,0.08649845,-0.047280934,0.070615969,4.732524538,9.769894791,1.023170942,20.21633370837417,32,83,18,21
1.51,2.545104504,0.071593761,1.744256735,1.474573612,9.694964409,0.060692262,-0.050243627,-0.051923505,0.214718968,0.561077237,0.479438663,0.441538438,0.510269135,-0.041136673,-1.419730127,-1.700924218,-6.712500095,-52.40625381,24.50625038,205.061765,0.533737183,996.4178467,,88.53133132,24.373289968,Bump,,3.488256931,9.960842133,1.184925783,-17.13750076,-67.89375305,9.206250191,-0.057726721,-0.049785479,0.215635266,3.488256931,9.960842133,1.184925783,20.18958247562668,32,83,18,21
1.52,0.721012533,-0.275758743,-0.947733998,1.467240036,9.696125031,0.052299973,-0.075472344,0.036835146,0.154732051,0.561179012,0.480277881,0.441049531,0.509790689,-0.035627719,-1.420519054,-1.697328448,-5.400000095,-48.28125381,27.00000191,209.2149373,,,,88.53133083,24.373289912,Bump,,1.659422487,9.832108259,-1.933998913,-15.84375095,-63.76875305,11.70000076,-0.082955437,0.038973173,0.155648343,1.659422487,9.832108259,-1.933998913,20.18579579488365,32,83,18,21
1.53,-0.799188137,-1.380243301,-3.444732428,1.467689872,9.696118355,0.039488856,0.064415691,0.020830489,-0.071654437,0.560976863,0.480662942,0.440603852,0.510035574,-0.026898939,-1.420514226,-1.688984394,-4.800000191,-50.19375229,24.24375153,205.7806992,,,,88.53133034,24.373289856,Bump,,1.073898816,9.326265526,-3.307838011,-15.22500038,-65.68125153,8.943750381,0.056932598,0.022968516,-0.070738142,1.073898816,9.326265526,-3.307838011,20.199578110411103,32,83,18,21
1.54,-0.13768667,-0.443962097,-2.934349418,1.479963839,9.69427824,0.0322165,0.11957678,-0.019242241,-0.186466474,0.561159045,0.480532736,0.440035328,0.510448486,-0.021768237,-1.419266999,-1.684066892,-7.237500191,-49.14375305,26.13750076,208.0066381,,,,88.53132985,24.3732898,Bump,,2.721117926,9.458827782,-0.96813601,-17.68125153,-64.61250305,10.83750057,0.112093689,-0.017104214,-0.185550179,2.721117926,9.458827782,-0.96813601,20.21942905566119,32,83,18,21
1.55,1.851186097,-0.074114799,-0.123571903,1.500822961,9.691068649,0.032994665,0.030695956,0.01386663,-0.045998119,0.562177867,0.480325237,0.439052314,0.510369092,-0.021979048,-1.417113721,-1.686166883,-7.856250286,-48.11250305,28.53750038,210.6739194,0.063415527,996.4735107,,88.53132936,24.373289744,Bump,,3.941577196,9.693922758,0.675972402,-18.30000114,-63.58125305,13.23750019,0.023212862,0.016004657,-0.04508182,3.941577196,9.693922758,0.675972402,20.18968883707542,32,83,18,21
1.56,2.29324162,-0.08813715,0.295721859,1.506826401,9.69012785,0.035738548,-0.004581486,0.017256931,0.148287425,0.56318152,0.48076205,0.438224867,0.509561867,-0.023713293,-1.416487873,-1.690990865,-4.275000095,-45.01875305,30.65625191,214.2535425,,,,88.53132887,24.373289688,Bump,,3.096791077,9.757452202,-0.510628346,-14.71875095,-60.48750305,15.35625076,-0.012064579,0.019394957,0.149203725,3.096791077,9.757452202,-0.510628346,20.20689931001549,32,83,18,21
1.57,0.892699659,0.444803715,-1.136748433,1.496850431,9.691686153,0.032096518,0.018967352,-0.035491244,0.173668855,0.563197672,0.481443509,0.43805708,0.509044677,-0.02143857,-1.417525351,-1.690100372,-7.125000477,-46.59375,28.78125191,211.7038857,,,,88.53132838,24.373289632,Bump,,1.621376634,10.11254692,-1.149512005,-17.56875038,-62.08125305,13.48125076,0.011484258,-0.033353218,0.174585156,1.621376634,10.11254692,-1.149512005,20.2104927518509,32,83,18,21
1.58,-0.074094087,0.454380989,-0.348522276,1.496584237,9.691718102,0.034876052,0.070035646,-0.06591231,-0.030237807,0.563126743,0.481270224,0.438262925,0.509109825,-0.023298392,-1.417546332,-1.691442668,-6.150000095,-44.77500153,27.58125114,211.6329303,,,,88.53132789,24.373289576,Bump,,2.033899188,11.51486087,0.89431747,-16.59375,-60.26250076,12.28125095,0.062552555,-0.063774284,-0.029321509,2.033899188,11.51486087,0.89431747,20.18955961255692,32,83,18,21
1.59,1.271623433,0.949960232,1.981139064,1.508072615,9.689873219,0.049385374,0.049021898,0.003512474,-0.081397734,0.563888103,0.480690107,0.438231334,0.50884226,-0.032731411,-1.416319132,-1.701363266,-5.887500286,-47.8125,28.33125114,210.6488212,0.013214111,996.4796753,,88.53132740000001,24.37328952,Bump,,2.975714207,10.79545879,2.414836621,-16.3125,-63.30000305,13.03125095,0.041538805,0.0056505,-0.080481435,2.975714207,10.79545879,2.414836621,20.2092292420228,32,83,18,21
1.6,0.821347117,0.258068085,2.513132572,1.513023734,9.689022064,0.063135162,-0.003023781,0.010445788,0.03744601,0.564534843,0.480375528,0.438288242,0.508373082,-0.041703552,-1.415756583,-1.711085081,-4.237500191,-45.73125076,29.62500191,212.9354291,,,,88.53132691,24.373289464,Bump,,3.049652457,10.70967603,2.237887383,-14.68125057,-61.21875381,14.32500076,-0.010506874,0.012583815,0.038362309,3.049652457,10.70967603,2.237887383,20.19489097948233,32,83,18,21
1.61,1.287418187,0.920889378,1.727592826,1.510694981,9.689350128,0.068461463,-0.020005821,0.092057322,0.067867078,0.564980447,0.480636701,0.438137367,0.507760793,-0.045286465,-1.415972114,-1.716143131,-6.450000286,-49.46250153,27.46875191,209.0453837,,,,88.53132642,24.373289408,Bump,,2.019542289,10.2652092,0.452243482,-16.89375114,-64.95000458,12.16875076,-0.027488916,0.094195349,0.068783373,2.019542289,10.2652092,0.452243482,20.205600521018397,32,83,18,21
1.62,0.107477248,0.802876949,-0.295131031,1.514996707,9.688698292,0.065456074,-0.032833981,0.030390522,-0.092851445,0.56528154,0.48081474,0.43769148,0.507641673,-0.043180091,-1.415542305,-1.715086699,-7.593750477,-47.38125229,29.56875038,211.9666428,,,,88.53132593000001,24.373289352,Bump,,1.811845291,10.35182924,-1.026042378,-18.03750038,-62.86875153,14.26875019,-0.040317076,0.032528549,-0.091935148,1.811845291,10.35182924,-1.026042378,20.205849469074973,32,83,18,21
1.63,0.962505221,1.020549297,-1.108944058,1.53163439,9.686141968,0.055833312,-0.016584979,0.0022602,-0.123944461,0.56569311,0.480762273,0.436779097,0.508018643,-0.03643878,-1.413866222,-1.709250808,-3.431250095,-46.74375153,29.40000153,212.168296,-0.005279541,996.4819336,,88.53132544,24.373289296,Bump,,2.486142665,9.793823123,-1.071386345,-13.87500095,-62.21250153,14.10000038,-0.024068072,0.004398227,-0.123028168,2.486142665,9.793823123,-1.071386345,20.202236141509083,32,83,18,21
1.64,1.688150525,-0.178686142,-0.681587135,1.544825256,9.684045315,0.056292588,0.073945181,0.004214967,-0.000305,0.566483825,0.480754197,0.436017439,0.507799298,-0.036421217,-1.412503242,-1.711010158,-3.337500095,-49.33125305,25.85625076,207.6606199,,,,88.53132495,24.37328924,Bump,,3.369094324,9.549276638,-0.162711936,-13.76250076,-64.80000305,10.55625057,0.066462087,0.006352994,0.000611,3.369094324,9.549276638,-0.162711936,20.18483700445888,32,83,18,21
1.65,1.312934101,-0.102052212,0.401005834,1.549565494,9.683271408,0.059025733,-0.016951497,-0.004276054,0.069485869,0.567135543,0.480950996,0.435523003,0.507309705,-0.038073273,-1.412003458,-1.714505136,-4.59375,-50.00625229,27.15000153,208.4989574,,,,88.53132446000001,24.373289184,Bump,,2.606262445,10.15322495,0.379023102,-15.03750038,-65.49375153,11.85000038,-0.02443459,-0.002138028,0.070402165,2.606262445,10.15322495,0.379023102,20.215204003329447,32,83,18,21
1.66,0.7802791,-1.088812351,-1.05195114,1.553222358,9.682712078,0.054390706,-0.004001164,0.044898561,0.012522728,0.567493796,0.481281623,0.434943259,0.507092774,-0.035004942,-1.411643624,-1.712930679,-4.012500286,-46.3125,27.80625153,210.9808112,,,,88.53132397,24.373289128,Bump,,2.511865646,9.543174863,-1.386640728,-14.45625019,-61.80000305,12.50625038,-0.011484258,0.047036588,0.013439025,2.511865646,9.543174863,-1.386640728,20.19534873311197,32,83,18,21
1.67,-0.188965797,-0.860855103,-1.939519882,1.556575894,9.682202339,0.049086843,0.040958484,0.017776165,-0.021930046,0.567639053,0.481474608,0.434533,0.507098794,-0.031524412,-1.41131556,-1.710197687,-6.825000286,-47.30625153,27.11250114,209.8181966,0.042282104,996.4762573,,88.53132348,24.373289072,Bump,,2.212403774,9.691410065,-1.944886208,-17.26875114,-62.77500153,11.8125,0.03347539,0.019914192,-0.021013748,2.212403774,9.691410065,-1.944886208,20.19085905115245,32,83,18,21
1.68,0.985142827,0.213420868,-1.785339355,1.564145923,9.681017399,0.041505173,0.038484481,0.01725693,-0.077732543,0.567991376,0.481733009,0.433801815,0.507084787,-0.026531138,-1.410556674,-1.706569731,-4.987500191,-50.40000153,23.38125038,204.8872306,,,,88.53132299,24.373289016,Bump,,2.708675241,9.791909027,-0.795374233,-15.43125057,-65.88750458,8.081250191,0.031001387,0.019394957,-0.076816245,2.708675241,9.791909027,-0.795374233,20.18603837710014,32,83,18,21
1.69,1.417277157,0.207360268,-0.220694587,1.578017473,9.678767204,0.041286765,0.042668905,-0.054428051,-0.030604325,0.568628609,0.481585324,0.433150157,0.507068008,-0.026154598,-1.409124792,-1.707363009,-5.34375,-47.58750153,29.30625153,211.6263923,,,,88.5313225,24.37328896,Bump,,3.491726398,9.209376216,0.638285428,-15.78750038,-63.05625153,14.00625038,0.035185811,-0.052290025,-0.029688029,3.491726398,9.209376216,0.638285428,20.209127640719416,32,83,18,21
1.7,2.041185617,-0.315338135,1.164782941,1.583218038,9.677858353,0.053427633,0.048044516,-0.005803215,0.127854,0.569550514,0.481566608,0.432864815,0.506294131,-0.033734523,-1.408549666,-1.716917634,-4.368750095,-47.79375076,26.26875114,208.7943973,,,,88.53132201,24.373288904,Bump,,3.252324533,10.04219818,1.583570004,-14.81250095,-63.28125381,10.96875,0.040561421,-0.003665189,0.128770297,3.252324533,10.04219818,1.583570004,20.213677600036505,32,83,18,21
1.71,0.97812897,0.053556919,1.137634575,1.577435315,9.678756714,0.061249845,-0.025503605,0.046578439,0.122631101,0.569983304,0.481880367,0.432856202,0.505515426,-0.038809329,-1.409118056,-1.723531306,-7.537500381,-47.92500305,27.22500038,209.5998278,0.097763062,996.4696045,,88.53132152,24.373288848,Bump,,2.03294208,9.980941772,0.401037078,-17.98125076,-63.41250229,11.92500019,-0.032986698,0.048716465,0.123547403,2.03294208,9.980941772,0.401037078,20.18822659278884,32,83,18,21
1.72,0.248972893,-0.521181583,-0.588836133,1.585852742,9.677386761,0.060133563,0.0205556,0.102075505,-0.097921624,0.570521355,0.481963292,0.432267666,0.505332917,-0.037904268,-1.408253312,-1.724029243,-5.962500095,-48.30000305,27.63750076,209.7784035,,,,88.53132103,24.373288792,Bump,,2.275574267,10.46321535,-0.57308103,-16.38750076,-63.76875305,12.33750057,0.013072506,0.104213528,-0.097005327,2.275574267,10.46321535,-0.57308103,20.20884221799204,32,83,18,21
1.73,1.287730873,0.211915493,-0.551301166,1.604803085,9.674273014,0.058510004,0.02687805,-0.006872229,-0.150578169,0.571276724,0.481718943,0.431421593,0.505435497,-0.036444228,-1.40630275,-1.723839521,-4.78125,-47.45625305,27.75000191,210.3169233,,,,88.53132054,24.373288736,Bump,,3.63517611,9.891450214,-0.431186642,-15.22500038,-62.94375229,12.45000076,0.019394957,-0.004734202,-0.149661869,3.63517611,9.891450214,-0.431186642,20.19793518717392,32,83,18,21
1.74,2.712795973,0.715303421,-0.049661797,1.613312244,9.672844887,0.060731005,0.036071565,-0.0216857,0.072387477,0.572068036,0.481863022,0.430757463,0.504969537,-0.037626054,-1.405415058,-1.727101684,-6.825000286,-50.11875153,22.59375,204.2660577,,,,88.53132005,24.37328868,Bump,,3.484547973,10.02951598,0.147756803,-17.25,-65.60625458,7.293750286,0.028588472,-0.019547673,0.073303773,3.484547973,10.02951598,0.147756803,20.214861561870148,32,83,18,21
1.75,1.611752987,0.161289215,0.017078396,1.602585196,9.674610615,0.063312056,0.030573783,-0.009834921,0.22705844,0.572064221,0.482290223,0.430914149,0.504431933,-0.039487485,-1.406512499,-1.729765832,-7.387500286,-49.27500153,25.53750038,207.396119,0.153259277,996.4630737,,88.53131956,24.373288624,Bump,,2.656033182,9.747402382,-0.286660152,-17.8125,-64.76250458,10.23750019,0.023090689,-0.007696897,0.227974737,2.656033182,9.747402382,-0.286660152,20.1958500133262,32,83,18,21
1.76,-0.032979846,0.138415813,-0.348994598,1.592570722,9.676264763,0.063280027,0.005955932,-0.035888305,0.040469791,0.572020411,0.482763633,0.430976495,0.503975332,-0.039713733,-1.407547176,-1.730814874,-3.956250191,-51.18750381,24.13125038,205.240528,,,,88.53131907,24.373288568,Bump,,0.727896634,9.8086586,-0.446500699,-14.40000057,-66.65625,8.831250191,-0.001527162,-0.033750278,0.04138609,0.727896634,9.8086586,-0.446500699,20.215996005184167,32,83,18,21
1.77,-0.399523556,-0.298246384,-0.540562227,1.598873973,9.67522049,0.063896805,0.044868018,0.004459313,-0.124310984,0.572018921,0.482414186,0.430994958,0.504295766,-0.039941218,-1.406893551,-1.730352461,-6.787500381,-49.63125229,24.67500114,206.4350307,,,,88.53131858,24.373288512,Bump,,1.751546174,9.683154821,0.013160529,-17.21250153,-65.11875153,9.375,0.037384925,0.00659734,-0.123394683,1.751546174,9.683154821,0.013160529,20.203032493483743,32,83,18,21
1.78,0.696318269,-0.03071928,0.606408775,1.605463266,9.674086094,0.070123445,0.035827219,0.00433714,0.005803215,0.572443575,0.482164532,0.43088457,0.504146993,-0.043649817,-1.406186104,-1.734500885,-6.0,-51.67500305,23.47500038,204.431422,,,,88.53131809,24.373288456,Bump,,2.782852745,9.923514175,1.097348452,-16.42500114,-67.14375305,8.175000191,0.028344126,0.006475166,0.006719513,2.782852745,9.923514175,1.097348452,20.224044225112284,32,83,18,21
1.79,1.11597234,-0.203082085,1.177295804,1.608218789,9.673574924,0.077177405,0.010995566,0.103847014,0.043982263,0.573181123,0.482340708,0.4305242,0.503447801,-0.04795149,-1.405868351,-1.740787983,-4.762500286,-46.57500076,28.10625076,211.1093922,-0.013214111,996.4827271,,88.5313176,24.3732884,Bump,,2.420579386,9.559804916,0.978664458,-15.20625019,-62.04375076,12.80625057,0.003512472,0.10598504,0.044898562,2.420579386,9.559804916,0.978664458,20.190992760757727,32,83,18,21
1.8,0.728371203,0.137942314,0.191677094,1.619382739,9.671713352,0.076956809,-0.027458372,0.063102332,-0.073731378,0.573810995,0.482319981,0.429885864,0.503295571,-0.047487494,-1.404716015,-1.741736829,-7.181250095,-48.0,26.85000038,209.2215586,,,,88.53131711,24.373288344,Bump,,2.527418911,10.12163997,-0.171086811,-17.625,-63.48750305,11.55000019,-0.034941465,0.065240358,-0.072815082,2.527418911,10.12163997,-0.171086811,20.19805002547996,32,83,18,21
1.81,1.042915344,-1.372714043,-1.142578483,1.629915714,9.669956207,0.075587265,0.043890635,-0.01301142,-0.039278605,0.574327826,0.482285172,0.429299921,0.503239632,-0.04634168,-1.403634906,-1.741726756,-7.218750477,-49.46250153,27.46875191,209.0453837,,,,88.53131662,24.373288288,Bump,,3.060420227,9.408100128,-0.625483844,-17.64375114,-64.95000458,12.16875076,0.036407541,-0.010873392,-0.038362309,3.060420227,9.408100128,-0.625483844,20.18793725158608,32,83,18,21
1.82,1.302549183,-0.595513821,-0.285850421,1.630659223,9.669797421,0.079706792,0.055894128,-0.076968962,0.11239912,0.574591607,0.482289493,0.429250941,0.50297609,-0.048842119,-1.403537929,-1.744811475,-8.400000572,-47.13750076,30.69375038,213.0703055,,,,88.53131613000001,24.373288232,Bump,,3.060898685,9.785208893,1.191147111,-18.84375,-62.60625076,15.39375019,0.048411033,-0.074830934,0.113315417,3.060898685,9.785208893,1.191147111,20.21950527524425,32,83,18,21
1.83,1.106964827,-0.09796381,1.471745908,1.621152103,9.671346188,0.08549016,-0.044684759,-0.00433714,0.155953775,0.574678302,0.482591763,0.429475769,0.502394885,-0.052686643,-1.404489696,-1.749400437,-2.268750191,-48.0,28.05000114,210.3009484,-0.16645813,996.5008545,,88.53131564,24.373288176,Bump,,2.19481653,9.619147062,1.479362577,-12.71250057,-63.48750305,12.75000095,-0.052167852,-0.002199113,0.156870075,2.19481653,9.619147062,1.479362577,20.21688547764112,32,83,18,21
1.84,0.297748983,0.096401215,0.849100783,1.618245065,9.671836853,0.085050508,-0.049449504,0.083383042,-0.014844014,0.574826598,0.482886463,0.429317027,0.502077609,-0.052509164,-1.40479213,-1.750145257,-6.712500095,-48.30000305,27.65625191,209.7951577,,,,88.53131515,24.37328812,Bump,,1.618983817,9.962756348,-0.042592239,-17.15625,-63.78750229,12.35625076,-0.056932598,0.085521071,-0.013927716,1.618983817,9.962756348,-0.042592239,20.191543078765307,32,83,18,21
1.85,0.06404525,0.370586395,-0.783282816,1.62568444,9.670625687,0.080828194,0.000764,-0.030390523,-0.07666353,0.574965507,0.482812718,0.428958073,0.502296209,-0.049678955,-1.404046059,-1.747525394,-6.693750381,-47.86875153,28.10625076,210.4194264,,,,88.53131466,24.373288064,Bump,,2.17316153,9.885707664,-0.857109046,-17.13750076,-63.35625076,12.80625057,-0.006719513,-0.028252495,-0.075747233,2.17316153,9.885707664,-0.857109046,20.20720451598746,32,83,18,21
1.86,1.040833831,-0.04299593,-0.298028722,1.628358841,9.670156002,0.083173003,0.0548862,-0.040500335,0.041844238,0.575222939,0.48279202,0.428822413,0.502137214,-0.051034125,-1.403757691,-1.749416709,-2.306250095,-48.48750305,25.96875191,208.1724416,,,,88.53131417,24.373288008,Bump,,2.499303222,9.700503111,0.653240599,-12.75000095,-63.97500229,10.66875076,0.047403107,-0.038362308,0.042760535,2.499303222,9.700503111,0.653240599,20.213197168652588,32,83,18,21
1.87,0.774996459,-0.07486105,1.631102324,1.622990668,9.671004295,0.089220103,-0.011453714,-0.011453715,0.099418243,0.575347275,0.482904285,0.4290151,0.501722038,-0.054917503,-1.404279053,-1.753758967,-6.450000286,-48.65625381,28.21875191,210.1120807,-0.272155762,996.5133667,,88.53131368,24.373287952,Bump,,2.455514526,10.20251732,1.995614123,-16.89375114,-64.125,12.91875076,-0.018936807,-0.009315688,0.100334538,2.455514526,10.20251732,1.995614123,20.202519229713705,32,83,18,21
1.88,0.549371719,0.646147728,1.781063557,1.619454026,9.671615601,0.08715605,-0.125441083,0.047097674,0.07006619,0.575328529,0.483160526,0.42893675,0.501563787,-0.053766273,-1.404655814,-1.753082275,-6.037500381,-48.73125076,26.43750191,208.4805564,,,,88.53131319,24.373287896,Bump,,1.947757626,10.57962589,0.532642315,-16.48125076,-64.21875,11.13750076,-0.132924178,0.049235702,0.070982488,1.947757626,10.57962589,0.532642315,20.20137202420336,32,83,18,21
1.89,0.227529705,0.672396183,-0.038789779,1.618241668,9.671865463,0.081859834,-0.014996729,0.021930045,0.003726275,0.575247109,0.483387664,0.428752825,0.501595616,-0.050542468,-1.404809356,-1.750157416,-5.71875,-46.53750229,29.00625038,211.9347775,,,,88.5313127,24.37328784,Bump,,1.722832292,10.00558782,-1.077966601,-16.16250038,-62.00625229,13.70625019,-0.022479824,0.024068073,0.004642572,1.722832292,10.00558782,-1.077966601,20.189791038889464,32,83,18,21
1.9,0.12611413,0.324066162,-0.992369711,1.619805038,9.671605587,0.081651546,0.069180437,-0.010690134,-0.014813471,0.57536158,0.483414859,0.428629205,0.50154376,-0.050365431,-1.404649138,-1.75029999,-6.093750477,-47.00625229,28.33125114,211.0778912,,,,88.53131221,24.373287784,Bump,,1.832423615,10.16806049,-0.242632213,-16.53750038,-62.49375153,13.03125095,0.061697342,-0.008552107,-0.013897174,1.832423615,10.16806049,-0.242632213,20.183811677476022,32,83,18,21
1.91,0.262732983,-0.111339569,0.119872868,1.624602914,9.670788765,0.082990732,0.000153,0.014477495,-0.04318814,0.575583547,0.4833,0.428473353,0.501532912,-0.051039472,-1.404146671,-1.751252234,-6.637500286,-48.16875076,27.50625038,209.7280656,-0.306503296,996.517395,,88.53131172,24.373287728,Bump,,2.216950178,9.667003155,0.637089029,-17.08125114,-63.65625381,12.20625019,-0.007330377,0.016615522,-0.042271843,2.216950178,9.667003155,0.637089029,20.21598240235004,32,83,18,21
1.92,0.767172456,-0.484842777,0.389995873,1.630833805,9.669765472,0.079986908,-0.054580768,0.045265081,-0.00763581,0.575921357,0.483402997,0.42798613,0.501461804,-0.049008055,-1.4035182,-1.750228524,-5.850000381,-49.72500229,27.75000191,209.1645491,,,,88.53131123,24.373287672,Bump,,2.693361139,9.686624527,0.155533477,-16.29375076,-65.1937561,12.45000076,-0.062063861,0.047403107,-0.006719512,2.693361139,9.686624527,0.155533477,20.216155100452458,32,83,18,21
1.93,0.882600188,-0.194629669,-0.570468158,1.629799783,9.66999197,0.073426008,-0.035888306,0.006872229,0.072845626,0.576043338,0.483850151,0.42754221,0.501269132,-0.045021312,-1.403657198,-1.747453988,-5.231250286,-46.74375153,29.41875076,212.1847604,,,,88.53131074,24.373287616,Bump,,2.498585415,9.931171036,-0.806859809,-15.67500019,-62.23125076,14.11875057,-0.043371399,0.009010255,0.073761922,2.498585415,9.931171036,-0.806859809,20.20555721476472,32,83,18,21
1.94,0.280171573,-0.089882851,-1.106462836,1.624484539,9.670917511,0.069216523,0.016401719,-0.020586143,0.076663529,0.575936735,0.484217077,0.427443743,0.501121283,-0.042582583,-1.404225469,-1.745521367,-6.243750095,-48.18750381,28.78125191,210.8488694,,,,88.53131025,24.37328756,Bump,,1.427916884,9.306285501,-1.088734299,-16.6875,-63.67500305,13.48125076,0.008918625,-0.018448116,0.077579827,1.427916884,9.306285501,-1.088734299,20.193960738557163,32,83,18,21
1.95,0.243788838,1.460068703,-0.532256842,1.619473457,9.67176342,0.068336621,0.029107707,-0.03781253,0.04074468,0.57566911,0.484283864,0.427666873,0.501173854,-0.042171679,-1.404746652,-1.744628191,-5.756250381,-49.51875305,27.20625114,208.7849697,-0.272155762,996.5135498,,88.53130976,24.373287504,Bump,,1.48642143,9.792387295,-0.580498782,-16.20000076,-65.0062561,11.90625,0.021624614,-0.035674503,0.041660979,1.48642143,9.792387295,-0.580498782,20.194636015340286,32,83,18,21
1.96,-0.182888329,-0.203162193,-0.545528114,1.618794203,9.671882629,0.067762755,0.004428769,0.018020512,-0.003359755,0.575694114,0.484365329,0.427615136,0.501110584,-0.041835384,-1.404820025,-1.744514525,-3.825000048,-48.20625305,27.22500038,209.4560569,,,,88.53130927,24.373287448,Bump,,1.051406255,9.524869919,-0.185683039,-14.26875019,-63.69375229,11.92500019,-0.003054324,0.020158538,-0.002443459,1.051406255,9.524869919,-0.185683039,20.210119656712067,32,83,18,21
1.97,-0.378331721,-0.391841888,-0.214494476,1.622141063,9.671326637,0.066972338,0.005039635,0.038545567,-0.063102331,0.575726777,0.484257013,0.427538246,0.501243293,-0.041263377,-1.404477119,-1.743812144,-4.125,-49.21875381,28.40625191,209.9910861,,,,88.53130878,24.373287392,Bump,,1.977667898,9.782457113,-0.147158593,-14.56875038,-64.70625305,13.10625076,-0.002443459,0.040683594,-0.062186036,1.977667898,9.782457113,-0.147158593,20.217569627454026,32,83,18,21
1.98,0.319503486,-0.121146679,-0.239674408,1.626433432,9.670628548,0.06352572,-0.040042187,-0.028405213,0.023396121,0.57588914,0.48432833,0.427201405,0.501275092,-0.039037179,-1.404048085,-1.74213016,-6.900000095,-45.75,30.31875038,213.5326324,,,,88.53130829,24.373287336,Bump,,2.150668979,10.58489017,0.066520464,-17.34375,-61.23750305,15.01875019,-0.047525279,-0.026267187,0.024312418,2.150668979,10.58489017,0.066520464,20.218010014196583,32,83,18,21
1.99,0.761792421,-0.044487,-0.088738307,1.620818973,9.671572685,0.063326649,0.035430157,0.052839804,0.089644407,0.575865924,0.484604403,0.42722331,0.50101611,-0.039050767,-1.404628813,-1.742633104,-3.075000048,-46.65000153,29.11875153,211.9722516,-0.177032471,996.5022583,,88.53130780000001,24.37328728,Bump,,2.284188473,10.31785135,0.24406791,-13.51875019,-62.11875153,13.81875038,0.027947064,0.05497783,0.090560704,2.284188473,10.31785135,0.24406791,20.21483950575603,32,83,18,21
2.0,-0.278103471,0.490683556,0.27890164,1.61990267,9.671710968,0.065547418,0.009193515,0.027427828,-0.012889248,0.576013148,0.484678715,0.427193746,0.500800252,-0.04044205,-1.404714525,-1.744493663,-6.243750095,-48.93750381,25.57500076,207.5918086,,,,88.53130731,24.373287224,Bump,,1.584646739,10.80299592,0.196809663,-16.6875,-64.42500305,10.27500057,0.001710421,0.029565856,-0.01197295,1.584646739,10.80299592,0.196809663,20.21073943416852,32,83,18,21
2.01,0.128119349,0.17389822,-0.531577891,1.630818188,9.669893742,0.062991163,0.000275,0.030848671,-0.121256659,0.576301485,0.48447907,0.426768586,0.501024127,-0.038607676,-1.403597176,-1.742957056,-7.012500286,-46.72500229,27.52500153,210.501704,,,,88.53130682,24.373287168,Bump,,1.968814468,10.00965567,-0.666640377,-17.45625114,-62.21250153,12.22500038,-0.007208205,0.032986698,-0.120340361,1.968814468,10.00965567,-0.666640377,20.19012330454375,32,83,18,21
2.02,0.809078217,1.54873085,-0.476322204,1.635984778,9.669013023,0.064159088,0.062002777,-0.048411034,-0.012675444,0.576485455,0.484320015,0.426640511,0.501075387,-0.03919756,-1.403058767,-1.743652225,-4.331250191,-45.88125229,29.66250038,212.8829067,,,,88.53130633,24.373287112,Bump,,2.398565459,9.613404179,-0.419701105,-14.77500057,-61.36875153,14.36250019,0.054519682,-0.046273008,-0.011759147,2.398565459,9.613404179,-0.419701105,20.19515134103037,32,83,18,21
2.03,0.732272983,-0.091243982,-0.243134961,1.630995631,9.669847488,0.065452904,0.004550943,-0.026083926,0.124433157,0.576500654,0.484531045,0.426698983,0.500803977,-0.040109875,-1.403568864,-1.745003283,-5.925000191,-44.41875076,31.21875191,215.1006312,-0.095123291,996.4924927,,88.53130584,24.373287056,Bump,,1.600200176,9.67478013,0.294915391,-16.36875153,-59.88750076,15.91875076,-0.002932151,-0.023945899,0.125349455,1.600200176,9.67478013,0.294915391,20.226687985246198,32,83,18,21
2.04,-0.054257929,0.294128895,0.167736605,1.622540176,9.671287537,0.0628484,-0.050396345,0.053756101,0.044287696,0.576282412,0.484892577,0.426793456,0.500624686,-0.038714938,-1.40445298,-1.743832946,-5.53125,-47.47500229,29.81250191,212.1272634,,,,88.53130535,24.373287,Bump,,1.220339561,9.920164204,-0.541735053,-15.97500038,-62.94375229,14.51250076,-0.057879438,0.055894127,0.045203992,1.220339561,9.920164204,-0.541735053,20.21705391817552,32,83,18,21
2.05,-0.499482125,0.024282455,-1.110847235,1.631115794,9.669882298,0.056637151,-0.004245511,0.054794572,-0.141415194,0.576463729,0.484882265,0.426292628,0.500852585,-0.034711787,-1.4035905,-1.740281343,-5.643750191,-47.58750153,29.30625153,211.6263923,,,,88.53130486,24.373286944,Bump,,1.56729883,10.85085249,-1.097109154,-16.08750153,-63.05625153,14.00625038,-0.011728604,0.056932598,-0.140498903,1.56729883,10.85085249,-1.097109154,20.195040911804195,32,83,18,21
2.06,0.684907079,0.708751678,-0.680381373,1.641256273,9.668190002,0.052646326,0.007971786,-0.068355769,-0.046364636,0.576577991,0.484636858,0.425965205,0.501237065,-0.032065578,-1.402556181,-1.737451494,-3.075000048,-47.71875,28.66875076,210.9968532,,,,88.53130437,24.373286888,Bump,,3.033141994,10.60546856,0.183768782,-13.51875019,-63.18750381,13.36875057,0.000489,-0.066217742,-0.04544834,3.033141994,10.60546856,0.183768782,20.200264773925213,32,83,18,21
2.07,1.437337279,0.56645298,1.43024978,1.638063252,9.668685436,0.060401728,0.026572618,-0.024587308,0.126907159,0.576861203,0.484699234,0.426085278,0.500748545,-0.036859721,-1.402858496,-1.742962062,-7.256250381,-49.78125381,27.52500153,208.93904,-0.044921875,996.4866333,,88.53130388,24.373286832,Bump,,2.728774905,10.58680439,2.012363863,-17.70000076,-65.26875305,12.22500038,0.019089524,-0.022449281,0.127823455,2.728774905,10.58680439,2.012363863,20.223792241097648,32,83,18,21
2.08,0.350167453,0.995558262,1.698652387,1.632453024,9.66961956,0.062775932,-0.068875005,0.058826279,0.075197455,0.576926708,0.484937459,0.42614989,0.500387371,-0.038435668,-1.403429091,-1.745138705,-6.506250381,-49.51875305,27.22500038,208.8016309,,,,88.53130339,24.373286776,Bump,,1.712064594,11.46162057,1.333998621,-16.95000076,-65.0062561,11.92500019,-0.076358096,0.060964305,0.076113752,1.712064594,11.46162057,1.333998621,20.19792359623184,32,83,18,21
2.09,-0.923696697,0.42900753,-0.053735923,1.634660006,9.669276237,0.057978503,-0.052870346,0.02254091,-0.075319628,0.576776922,0.484908372,0.426050931,0.5006724,-0.035453685,-1.403219223,-1.741790652,-4.068750381,-46.01250076,28.38750076,211.6725906,,,,88.5313029,24.37328672,Bump,,1.581177175,10.47529888,-0.922193837,-14.51250076,-61.50000381,13.08750057,-0.06035344,0.024678937,-0.074403331,1.581177175,10.47529888,-0.922193837,20.20402630937108,32,83,18,21
2.1,0.046728194,0.332394123,-1.249753952,1.641869128,9.668056965,0.057582742,0.109497511,-0.01725693,-0.10231985,0.577023506,0.484766737,0.425780639,0.50075534,-0.0350553,-1.402475655,-1.741690934,-7.237500191,-49.50000381,25.31250191,207.0835508,,,,88.53130241,24.373286664,Bump,,1.818066669,9.884272003,-0.389551514,-17.68125153,-64.96875,10.01250076,0.102014416,-0.015118903,-0.101403555,1.818066669,9.884272003,-0.389551514,20.218879384103914,32,83,18,21
2.11,0.360704422,0.201423645,0.228327334,1.647368908,9.667085648,0.063376252,0.021777329,-0.036835146,-0.008979712,0.577259272,0.484430715,0.425833836,0.500763565,-0.03845164,-1.401885092,-1.744927704,-5.981250286,-50.36250305,25.68750191,207.0239518,-0.050201416,996.4869995,,88.53130192,24.373286608,Bump,,2.204986006,9.318847656,0.964905724,-16.42500114,-65.83125305,10.38750076,0.014294236,-0.03469712,-0.008063415,2.204986006,9.318847656,0.964905724,20.22353337665027,32,83,18,21
2.12,0.51836288,-0.431123734,0.870092183,1.647342563,9.6670928,0.062907288,-0.067408929,0.036468627,0.03988947,0.577394783,0.48456791,0.425679266,0.500606,-0.038168447,-1.401889682,-1.74523288,-6.900000095,-47.68125153,29.60625076,211.8369799,,,,88.53130143,24.373286552,Bump,,1.84534483,9.593304634,0.460857642,-17.34375,-63.16875076,14.30625057,-0.074892023,0.038606654,0.040805767,1.84534483,9.593304634,0.460857642,20.220632117018877,32,83,18,21
2.13,0.111513257,-0.302116394,-0.348887587,1.646253169,9.667313099,0.057392584,-0.031154104,0.052076222,0.007788527,0.577379405,0.484853357,0.42541939,0.500568241,-0.034848755,-1.402023077,-1.742483258,-5.550000191,-48.86250305,27.99375153,209.8087692,,,,88.53130094,24.373286496,Bump,,1.785045671,9.55262661,-0.838445067,-15.99375057,-64.33125305,12.69375038,-0.038637198,0.054214248,0.008704823,1.785045671,9.55262661,-0.838445067,20.20217501982185,32,83,18,21
2.14,-0.087354183,-0.381791115,-0.925603539,1.653354287,9.666109085,0.056048233,0.041691521,-0.007391464,-0.077274393,0.577613235,0.484747782,0.42511408,0.500660092,-0.033886071,-1.401293755,-1.741868794,-6.150000095,-50.08125305,26.92500114,208.2636458,,,,88.53130045,24.37328644,Bump,,1.742573082,9.486345291,-0.656829819,-16.59375,-65.55000305,11.625,0.034208428,-0.005253438,-0.076358099,1.742573082,9.486345291,-0.656829819,20.22046751507688,32,83,18,21
2.15,0.669322312,-0.757749557,-0.40241383,1.661195457,9.664747715,0.058747679,0.048533207,0.002382373,-0.038912087,0.578009218,0.484563947,0.424853355,0.500602365,-0.03534971,-1.400473297,-1.743870914,-5.418750286,-49.78125381,28.14375114,209.4815766,-0.08190918,996.4908447,,88.53129996,24.373286384,Bump,,2.396651125,9.116654205,-0.144047923,-15.86250019,-65.26875305,12.84375095,0.041050114,0.004520399,-0.037995788,2.396651125,9.116654205,-0.144047923,20.200494374298295,32,83,18,21
2.16,0.423601508,-0.820838928,0.079815954,1.66044414,9.664879799,0.058455519,-0.025503604,-0.021991132,0.065973396,0.578056335,0.484655231,0.424794316,0.500509679,-0.035190318,-1.400551796,-1.7440027,-3.056250095,-51.18750381,26.15625191,207.0665331,,,,88.53129947,24.373286328,Bump,,2.362194443,9.402835846,0.100977113,-13.50000095,-66.65625,10.85625076,-0.032986699,-0.019853106,0.066889694,2.362194443,9.402835846,0.100977113,20.20335092532465,32,83,18,21
2.17,0.627735019,-0.669542313,-0.108800732,1.658548176,9.665215969,0.056656707,-0.001557705,0.052106764,0.028649558,0.57816565,0.484924108,0.424601197,0.500286788,-0.034147378,-1.400754571,-1.743757844,-3.956250191,-48.30000305,28.25625038,210.3282957,,,,88.53129898,24.373286272,Bump,,1.841277063,9.442078352,-0.382851623,-14.40000057,-63.76875305,12.95625019,-0.009040799,0.054244792,0.029565856,1.841277063,9.442078352,-0.382851623,20.21982399225761,32,83,18,21
2.18,0.003266692,-0.073319435,-0.386937648,1.661141217,9.664785385,0.05395437,-0.015729768,-0.047952884,-0.033139414,0.57823047,0.484965041,0.42439872,0.500344038,-0.03246909,-1.400495708,-1.742333829,-5.325000286,-49.36875153,27.80625153,209.3897716,,,,88.53129849,24.373286216,Bump,,2.116690898,10.03262653,-0.344566464,-15.75000095,-64.85625458,12.50625038,-0.023212862,-0.045814858,-0.032223117,2.116690898,10.03262653,-0.344566464,20.21581612432363,32,83,18,21
2.19,0.687723517,-0.104175568,-0.382202923,1.662813663,9.664493084,0.054935133,0.042668905,-0.025106542,0.02583958,0.578333557,0.484923795,0.424345404,0.500310123,-0.03302547,-1.400319815,-1.743041396,-4.162500381,-46.18125153,28.42500114,211.6126938,-0.140045166,996.4977417,,88.53129799999999,24.37328616,Bump,,2.088455606,9.652167892,0.074656069,-14.60625076,-61.65000153,13.12500095,0.035185811,-0.022968516,0.026755877,2.088455606,9.652167892,0.074656069,20.22380954930499,32,83,18,21
2.2,0.192819893,-0.121447563,0.296925075,1.658329368,9.665229321,0.060499122,0.035705046,0.008246675,0.057115857,0.578415841,0.484978914,0.424551725,0.499986395,-0.036465881,-1.400763035,-1.746735275,-6.675000191,-51.76875305,25.16250038,205.922336,,,,88.53129751,24.373286104,Bump,,1.619940937,9.527621508,0.333200555,-17.11875153,-67.2562561,9.862500191,0.028221953,0.010384701,0.058032154,1.619940937,9.527621508,0.333200555,20.216199395227363,32,83,18,21
2.21,-0.347050428,0.003449917,0.177088052,1.659440637,9.665054798,0.057892879,-0.054672398,0.008246674,-0.03649917,0.578369915,0.484997481,0.424463809,0.500096157,-0.034873448,-1.400658131,-1.745093942,-6.618750095,-46.38750076,29.64375114,212.580453,,,,88.53129702,24.373286048,Bump,,1.510828233,10.21495972,0.127298164,-17.0625,-61.87500381,14.34375095,-0.062155493,0.010384702,-0.035582874,1.510828233,10.21495972,0.127298164,20.21264668615638,32,83,18,21
2.22,0.605793715,-0.037119389,-0.244166762,1.664883256,9.664134502,0.055201177,-0.012308926,0.019730932,-0.042943794,0.578536421,0.484978169,0.424158841,0.50018093,-0.033143893,-1.400104284,-1.743736863,-3.168750048,-45.30000305,30.05625153,213.56401,,,,88.53129653,24.373285992,Bump,,2.663809776,9.768698215,-0.24825535,-13.59375095,-60.78750229,14.75625038,-0.019792019,0.02186896,-0.042027498,2.663809776,9.768698215,-0.24825535,20.19360313753531,32,83,18,21
2.23,0.918574452,0.235860825,-0.129093319,1.668200135,9.663553238,0.056851394,0.030818128,0.030848671,0.000794,0.57891953,0.485060751,0.42386499,0.499906689,-0.034066159,-1.399755716,-1.745701551,-6.543750286,-48.45000076,27.03750038,209.1636814,-0.198165894,996.5045776,,88.53129604,24.373285936,Bump,,2.234896374,10.19055309,-0.064127647,-16.98750114,-63.91875076,11.73750019,0.023335035,0.032986698,0.001710421,2.234896374,10.19055309,-0.064127647,20.20442772216439,32,83,18,21
2.24,0.407445014,0.155151367,-0.21257931,1.669906259,9.663259983,0.056588771,-0.005803215,-0.043982265,-2.33e-10,0.578965753,0.48502402,0.423804387,0.499940187,-0.033874543,-1.39958024,-1.745547771,-5.925000191,-46.36875153,28.98750114,212.0116306,,,,88.53129555,24.37328588,Bump,,2.063091683,9.460263634,-0.446500701,-16.35000038,-61.85625076,13.68750095,-0.013286309,-0.041844237,0.000916,2.063091683,9.460263634,-0.446500701,20.20014800502069,32,83,18,21
2.25,0.36180222,-0.717383385,-0.524108261,1.670370221,9.663174629,0.057516359,0.033628106,-0.016065744,0.032314747,0.579038024,0.485020861,0.423780128,0.49988012,-0.034419747,-1.39952904,-1.746247888,-5.34375,-47.26875305,28.61250114,211.1871626,,,,88.53129506,24.373285824,Bump,,2.161915272,9.930214167,0.138185504,-15.76875019,-62.73750305,13.31250095,0.026145012,-0.013927717,0.033231044,2.161915272,9.930214167,0.138185504,20.199127460760558,32,83,18,21
2.26,0.332717061,0.035329342,0.370241612,1.667990267,9.663588047,0.057136465,-0.033689192,0.039767297,0.026328272,0.579072744,0.485188901,0.42373091,0.499718502,-0.034241199,-1.399776459,-1.746483982,-5.568750381,-50.64375305,25.85625076,207.0466583,,,,88.53129457,24.373285768,Bump,,2.190389895,10.12355423,0.397687122,-16.01250076,-66.11250305,10.55625057,-0.041172286,0.041905323,0.027244569,2.190389895,10.12355423,0.397687122,20.228176093009377,32,83,18,21
2.27,0.409460425,0.195212841,-0.192342773,1.673199892,9.662709713,0.053190868,-0.01282816,0.063224505,-0.06261364,0.579363763,0.48534146,0.42324248,0.499646932,-0.031779919,-1.399251163,-1.74503547,-7.781250477,-47.26875305,28.01250076,210.651913,-0.240447998,996.5097656,,88.53129408,24.373285712,Bump,,2.174597216,9.816794205,-0.846580642,-18.22500038,-62.73750305,12.71250057,-0.020311254,0.065362531,-0.061697343,2.174597216,9.816794205,-0.846580642,20.20495834197475,32,83,18,21
2.28,0.78494519,-0.184101582,-1.118860126,1.684148967,9.660806656,0.053207802,0.062216577,0.024862196,-0.076174839,0.579911321,0.485243022,0.422695503,0.4995704,-0.031582808,-1.398118496,-1.74592495,-6.168750286,-48.11250305,29.15625191,211.2159284,,,,88.53129359,24.373285656,Bump,,2.693720102,9.887142897,-0.76271222,-16.61250114,-63.58125305,13.85625076,0.054733484,0.027000223,-0.075258541,2.693720102,9.887142897,-0.76271222,20.22498458089569,32,83,18,21
2.29,1.134775579,0.022119522,-0.299658045,1.68579495,9.660509109,0.055166304,0.029107707,-0.049174615,0.050029826,0.580126226,0.485254824,0.422582701,0.499404848,-0.032712732,-1.397941828,-1.747564554,-4.5,-45.75,30.28125191,213.4999891,,,2.461157084,88.5312931,24.3732856,Bump,,2.871387196,9.569376373,-0.15170496,-14.92500019,-61.21875381,14.98125076,0.021624613,-0.047036589,0.050946122,2.871387196,9.569376373,-0.15170496,20.214677317194692,32,83,18,21
2.3,1.115181923,0.331014633,0.190083355,1.679675937,9.66156292,0.057334077,0.013591741,-0.049785479,0.14095705,0.580111384,0.485461265,0.42271471,0.499109626,-0.034120716,-1.39856708,-1.749325514,-7.012500286,-48.65625381,26.83125114,208.8743221,,,,88.531292854,24.373285569,Bump,,2.042034817,9.922556877,0.371844649,-17.45625114,-64.14375305,11.53125,0.006108648,-0.047647453,0.141873345,2.042034817,9.922556877,0.371844649,20.221356240784967,32,83,18,21
2.31,0.239716887,0.013703823,0.273748249,1.671517074,9.66297102,0.058352426,-0.005345067,0.034636033,0.079717854,0.579977393,0.485721797,0.422907397,0.498848513,-0.034895658,-1.399407029,-1.750291288,-6.150000095,-50.21250153,24.26250076,205.7896669,-0.288009644,996.5154419,,88.531292608,24.373285538,Bump,,1.353141218,10.32742238,0.142971151,-16.59375,-65.68125153,8.962500572,-0.01282816,0.03677406,0.080634152,1.353141218,10.32742238,0.142971151,20.20974925316473,32,83,18,21
2.32,-0.574456394,0.524534702,-0.046873393,1.66947341,9.663327694,0.05785864,0.016523892,0.005681043,-0.047830713,0.579864413,0.485752478,0.422995344,0.498875454,-0.034642721,-1.399620473,-1.749838889,-3.487500191,-49.89375305,24.80625153,206.4357156,,,,88.531292362,24.373285507,Bump,,1.626162267,10.34943657,-0.307716983,-13.93125057,-65.3812561,9.506250381,0.009040798,0.007819069,-0.046914415,1.626162267,10.34943657,-0.307716983,20.21270130864207,32,83,18,21
2.33,0.13318938,0.087518215,-0.381511867,1.675941885,9.662177563,0.062637597,0.091629716,0.01649335,-0.065820679,0.580215067,0.485508651,0.422885433,0.498798266,-0.037355525,-1.39893347,-1.752851546,-4.931250095,-51.30000305,22.25625038,203.4533704,,,,88.531292116,24.373285476,Bump,,1.982214284,10.01970558,0.227318144,-15.37500095,-66.7875061,6.956250191,0.084146621,0.018631376,-0.064904383,1.982214284,10.01970558,0.227318144,20.209194721166305,32,83,18,21
2.34,0.569448411,0.032577991,0.457168743,1.679755747,9.661466122,0.06987137,0.044134981,0.023640466,-0.00311541,0.580594927,0.485318363,0.422873944,0.4985511,-0.041571891,-1.398509741,-1.757521749,-7.312500477,-49.51875305,26.58750153,208.2321442,,,,88.53129187,24.373285445,Bump,,2.464607358,9.565906763,0.569491781,-17.75625038,-64.98750305,11.28750038,0.036651887,0.025778494,-0.002199113,2.464607358,9.565906763,0.569491781,20.197082449944823,32,83,18,21
2.35,0.456761539,-0.123903275,0.302960843,1.679061711,9.661579609,0.070913047,-0.019853105,-0.001832595,0.042913251,0.58074826,0.485438496,0.422777891,0.498337001,-0.042208675,-1.398576915,-1.758744836,-6.243750095,-47.11875153,29.25000191,211.8308526,-0.261581421,996.512207,,88.531291624,24.373285414,Bump,,2.070270181,9.830672455,0.048335013,-16.6875,-62.60625076,13.95000076,-0.0273362,0.000305,0.043829548,2.070270181,9.830672455,0.048335013,20.21791381356869,32,83,18,21
2.36,0.435941994,0.033396244,-0.420307145,1.674126089,9.662441254,0.070131119,0.00442877,-0.001404989,0.06884446,0.580686539,0.48567389,0.42280513,0.498156413,-0.0418668,-1.399090648,-1.7587291,-3.637500048,-48.37500381,27.24375153,209.3872668,,,,88.531291378,24.373285383,Bump,,1.994417727,9.917053699,-0.395413943,-14.08125019,-63.84375381,11.94375038,-0.003054324,0.000733,0.069760758,1.994417727,9.917053699,-0.395413943,20.20002614235054,32,83,18,21
2.37,-0.075187206,-0.169329643,-0.29432863,1.671377301,9.662900925,0.072352849,0.040591964,-0.031459537,0.02461785,0.580658317,0.485693932,0.422947854,0.498048633,-0.04326262,-1.399365067,-1.76007998,-7.162500381,-48.80625153,26.21250153,208.239028,,,,88.53129113199999,24.373285352,Bump,,1.553899026,10.15370388,0.277567422,-17.58750153,-64.27500153,10.91250038,0.033108872,-0.029321509,0.025534148,1.553899026,10.15370388,0.277567422,20.18965365607549,32,83,18,21
2.38,-0.122496605,0.108738899,0.370541856,1.671154201,9.662908077,0.076405425,0.023212862,0.000611,-0.007330378,0.580662668,0.485531688,0.423147529,0.498032138,-0.045688247,-1.399369419,-1.762162089,-8.456250191,-48.63750076,25.57500076,207.7366883,,,,88.531290886,24.373285321,Bump,,1.747239113,9.916335678,0.684825844,-18.88125038,-64.125,10.27500057,0.015729768,0.002748891,-0.00641408,1.747239113,9.916335678,0.684825844,20.2145383401234,32,83,18,21
2.39,-0.008144617,0.13656044,0.690279573,1.670653164,9.66297245,0.079147477,-0.016096287,-0.011056653,0.0171653,0.58068639,0.48545748,0.42326282,0.497978836,-0.047339888,-1.399408042,-1.763700604,-8.456250191,-48.63750076,25.57500076,207.7366883,-0.219299316,996.5071411,,88.53129064,24.37328529,Bump,,1.808375686,10.2759769,0.77108711,-18.88125038,-64.125,10.27500057,-0.02357938,-0.008918626,0.018081597,1.808375686,10.2759769,0.77108711,20.19600251821102,32,83,18,21
2.4,0.146304786,0.181877613,0.462518081,1.666435957,9.663696766,0.07957305,-0.015241076,0.013377939,0.051373728,0.580583274,0.485567957,0.42339009,0.497883156,-0.047714183,-1.399841845,-1.764047801,-5.418750286,-48.11250305,29.13750076,211.1995933,,,,88.531290394,24.373285259,Bump,,1.705603957,10.28004456,0.356530571,-15.86250019,-63.58125305,13.83750057,-0.02272417,0.015515966,0.052290024,1.705603957,10.28004456,0.356530571,20.22685803850058,32,83,18,21
2.41,-0.266901672,0.455926418,0.134024546,1.661680937,9.664514065,0.079752497,0.001069013,-0.00442877,0.022449281,0.580417454,0.485663474,0.423566803,0.497833028,-0.047958354,-1.40033263,-1.764090776,-7.106250286,-50.38125229,26.98125076,208.1708967,,,,88.531290148,24.373285228,Bump,,1.499342704,10.27478046,0.054556357,-17.55000114,-65.86875153,11.68125057,-0.00641408,-0.002290743,0.023365578,1.499342704,10.27478046,0.054556357,20.22776474292933,32,83,18,21
2.42,-0.218582869,0.146939754,-0.109804545,1.665269136,9.663890839,0.080445036,0.01847866,0.031093018,-0.062247122,0.580552012,0.485563129,0.423465863,0.49785988,-0.04827003,-1.399958432,-1.764513552,-7.106250286,-50.38125229,26.98125076,208.1708967,,,,88.531289902,24.373285197,Bump,,1.45782721,9.896116257,-0.02213361,-17.55000114,-65.86875153,11.68125057,0.010995566,0.033231044,-0.061330824,1.45782721,9.896116257,-0.02213361,20.22651447274045,32,83,18,21
2.43,0.260540783,0.268164635,-0.05209177,1.670122743,9.663059711,0.079691175,-0.011698061,-0.020952661,-0.035246896,0.580619872,0.485404402,0.423355654,0.498029247,-0.047679521,-1.399460316,-1.763775289,-6.787500381,-47.92500305,27.20625114,209.5828784,-0.195526123,996.5043945,,88.531289656,24.373285166,Bump,,2.224846482,9.856036568,-0.078006017,-17.23125076,-63.39375305,11.90625,-0.019181154,-0.018814635,-0.034330601,2.224846482,9.856036568,-0.078006017,20.20488301283458,32,83,18,21
2.44,0.90317452,-0.156902313,-0.171642005,1.670257688,9.663028717,0.080538288,0.023518295,-0.010079269,0.044593129,0.580754817,0.485475063,0.4232665,0.49787879,-0.048181791,-1.399442315,-1.764725924,-6.975000381,-44.70000076,30.01875114,213.8837463,,,,88.53128941,24.373285135,Bump,,2.009492421,9.598090172,0.258424847,-17.40000153,-60.18750381,14.71875095,0.0160352,-0.007941242,0.045509425,2.009492421,9.598090172,0.258424847,20.19061021942089,32,83,18,21
2.45,0.220939279,-0.262735367,0.272825092,1.666510999,9.663663387,0.082062744,-0.016707152,-0.010690134,0.062124947,0.580683142,0.485539958,0.423417673,0.497770518,-0.049202232,-1.399821699,-1.765693843,-6.975000381,-44.70000076,30.01875114,213.8837463,,,,88.531289164,24.373285104,Bump,,1.832303971,10.01276636,0.375673149,-17.40000153,-60.18750381,14.71875095,-0.024190245,-0.008552107,0.063041246,1.832303971,10.01276636,0.375673149,20.226751997376876,32,83,18,21
2.46,-0.164860547,-0.050093174,0.037186921,1.661926091,9.664471149,0.079910222,-0.015607595,-0.019975279,0.024373505,0.58047986,0.485697061,0.423513532,0.497772798,-0.04804563,-1.400306284,-1.764388919,-6.956250191,-46.78125,30.73125076,213.3014658,,,,88.531288918,24.373285073,Bump,,1.184925771,9.560762024,-0.451286347,-17.40000153,-62.26875305,15.43125057,-0.023090689,-0.017837251,0.025289802,1.184925771,9.560762024,-0.451286347,20.2060845478542,32,83,18,21
2.47,-0.543510079,-0.480578899,-0.69470346,1.659121931,9.66494751,0.080555271,0.049174614,-0.011606431,0.002748892,0.580319852,0.485676765,0.423705548,0.497815773,-0.048515078,-1.400592983,-1.764438868,-5.662500381,-46.96875,29.85000038,212.43714,-0.184951782,996.5030518,,88.531288672,24.373285042,Bump,,1.111705399,9.627761078,-0.259860535,-16.08750153,-62.45625305,14.55000019,0.041691521,-0.009468404,0.003665189,1.111705399,9.627761078,-0.259860535,20.226713937431697,32,83,18,21
2.48,-0.603115916,-0.281941891,0.001540683,1.657341301,9.665236473,0.082501918,0.011759147,-0.009957095,-0.010079269,0.58019352,0.485575423,0.423928797,0.497871831,-0.049738443,-1.400767088,-1.765150964,-6.262500286,-49.21875381,27.80625153,209.4643795,,,,88.531288426,24.373285011,Bump,,1.298704475,9.63828969,0.443868585,-16.70625114,-64.70625305,12.50625038,0.004276053,-0.007819069,-0.009162971,1.298704475,9.63828969,0.443868585,20.225510483161823,32,83,18,21
2.49,-0.189949095,-0.143096447,0.425974011,1.657803953,9.665160656,0.082095116,-0.022601996,0.027794348,-0.011759147,0.580190778,0.485567138,0.423910439,0.497898698,-0.049479753,-1.400721133,-1.76487267,-6.581250191,-49.57500076,26.96250153,208.540573,,,,88.53128818,24.37328498,Bump,,1.579741526,9.416235733,0.196690026,-17.00625038,-65.0625,11.66250038,-0.030085091,0.029932374,-0.01084285,1.579741526,9.416235733,0.196690026,20.219922744966823,32,83,18,21
2.5,-0.208248377,-0.356090546,-0.333726481,1.660108864,9.664762974,0.082324516,0.015302163,0.026206099,-0.026572618,0.580322444,0.485550672,0.423790678,0.497863293,-0.049549215,-1.400482178,-1.765215874,-4.987500191,-48.60000229,29.08125114,210.8954425,,,,88.531287934,24.373284949,Bump,,1.384247899,9.732806206,-0.406779859,-15.43125057,-64.0687561,13.78125095,0.007819069,0.028344126,-0.025656321,1.384247899,9.732806206,-0.406779859,20.196426587401326,32,83,18,21
2.51,-0.046521425,-0.57857132,-0.84728533,1.658940434,9.664971352,0.081458583,0.018967351,-0.01093448,0.02046397,0.580266893,0.485601455,0.423802793,0.49786818,-0.049063265,-1.400607467,-1.764707327,-5.943750381,-47.15625,27.71250153,210.4416461,-0.140045166,996.4977417,,88.53128768799999,24.373284918,Bump,,1.705125427,9.735438347,-0.601555622,-16.36875153,-62.64375305,12.41250038,0.011484258,-0.008796453,0.021380268,1.705125427,9.735438347,-0.601555622,20.19898448593385,32,83,18,21
2.52,-0.202423811,-0.308598995,-0.554504186,1.656576991,9.665367603,0.082494136,0.032528549,-0.030848672,0.023365578,0.58018133,0.485604659,0.423941255,0.497846901,-0.049756873,-1.400846183,-1.765198648,-7.293750286,-46.3125,30.01875114,212.9504261,,,,88.53128744199999,24.373284887,Bump,,1.408415389,9.743573761,0.135433763,-17.73750114,-61.78125381,14.71875095,0.025045456,-0.028710645,0.024281876,1.408415389,9.743573761,0.135433763,20.21669630066584,32,83,18,21
2.53,-0.268224359,0.006160736,0.320083067,1.653679729,9.665850163,0.084125105,-0.00754418,-0.013500112,0.013500112,0.580042869,0.485564113,0.424161881,0.497859865,-0.050827691,-1.401137173,-1.765852392,-4.462500095,-49.57500076,26.94375038,208.5238459,,,,88.531287196,24.373284856,Bump,,1.405783296,10.14078236,0.634696215,-14.90625095,-65.04375458,11.64375019,-0.015027274,-0.011362085,0.014416409,1.405783296,10.14078236,0.634696215,20.19456167472477,32,83,18,21
2.54,-0.313890159,0.07721138,0.242859669,1.650575876,9.666374683,0.084760655,0.005894845,0.020097451,0.018631376,0.579924583,0.485594973,0.424313068,0.49783875,-0.05130717,-1.401454508,-1.766110837,-6.487500191,-45.88125229,29.04375076,212.3346289,,,,88.53128695,24.373284825,Bump,,1.171525943,9.911071396,-0.16989041,-16.93125153,-61.36875153,13.74375057,-0.001588249,0.022235478,0.019547673,1.171525943,9.911071396,-0.16989041,20.18806864810296,32,83,18,21
2.55,-0.838178039,0.08204031,-0.53500171,1.646212578,9.667109013,0.085886594,0.031459536,-0.018936808,0.010079268,0.579723477,0.485598385,0.424571231,0.497849509,-0.052124942,-1.401899338,-1.766456604,-5.306250095,-48.67500305,29.49375153,211.2130216,-0.140045166,996.4976807,,88.531286704,24.373284794,Bump,,0.810688281,10.21065273,-0.286181581,-15.75000095,-64.14375305,14.19375038,0.023976442,-0.016798781,0.010995566,0.810688281,10.21065273,-0.286181581,20.20311894326691,32,83,18,21
2.56,-0.617327005,0.532440662,0.093656298,1.642517805,9.667736053,0.086047661,-0.001313359,-0.016065744,0.0022602,0.57943508,0.48553519,0.424865246,0.497996062,-0.052339897,-1.402279973,-1.7658723,-5.231250286,-44.96250153,31.55625153,215.0625167,,,,88.531286458,24.373284763,Bump,,1.308275789,10.41476083,0.485742994,-15.67500019,-60.45000076,16.25625038,-0.008796453,-0.013927717,0.003176497,1.308275789,10.41476083,0.485742994,20.217980820520733,32,83,18,21
2.57,-0.422837019,0.426712513,0.472090647,1.642029285,9.667800426,0.088006634,0.007849612,0.023029602,-0.017898338,0.579422146,0.485463157,0.424976856,0.497986123,-0.05354498,-1.40231961,-1.766889334,-3.150000095,-47.53125,30.16875076,212.4038688,,,,88.531286212,24.373284732,Bump,,1.176790178,10.20491009,0.465643281,-13.57500076,-63.00000381,14.86875057,0.000367,0.025167629,-0.016982041,1.176790178,10.20491009,0.465643281,20.20816546108327,32,83,18,21
2.58,-0.342535377,0.523486137,0.239652038,1.641982079,9.667797089,0.089259133,8.73e-11,0.008857539,-0.010079269,0.579404056,0.485395044,0.425057471,0.498004794,-0.054307308,-1.402317762,-1.767465115,-6.562500477,-46.57500076,28.14375114,211.1431973,,,,88.531285966,24.373284701,Bump,,1.356730461,10.57819042,0.131126679,-17.00625038,-62.06250381,12.84375095,-0.007483093,0.010995566,-0.009162972,1.356730461,10.57819042,0.131126679,20.202991414122653,32,83,18,21
2.59,-0.313890159,0.749557972,-0.051217265,1.637081802,9.668642521,0.087747298,-0.014508039,-0.027305655,0.066889693,0.579137534,0.485485867,0.425247595,0.498063892,-0.053547977,-1.402832091,-1.766275048,-4.96875,-49.74375153,29.66250038,210.8078799,-0.17175293,996.5016479,,88.53128572,24.37328467,Bump,,1.086939692,10.20897794,-0.383449823,-15.41250038,-65.23125458,14.36250019,-0.021991132,-0.025167629,0.067805991,1.086939692,10.20897794,-0.383449823,20.18399286224412,32,83,18,21
2.6,-0.799100608,0.101055145,-0.433361456,1.628016412,9.670157909,0.08938279,0.049021899,-0.014721841,0.033292131,0.578785211,0.485578746,0.425684795,0.498009443,-0.054848626,-1.403759241,-1.766924262,-2.90625,-47.94375229,29.08125114,211.2397517,,,,88.531285474,24.373284639,Bump,,0.565663272,10.09483986,0.15409778,-13.35000038,-63.41250229,13.78125095,0.041538806,-0.012583814,0.034208427,0.565663272,10.09483986,0.15409778,20.20465720493071,32,83,18,21
2.61,-1.05431655,0.491812229,0.461705387,1.623873949,9.670838833,0.091097526,-0.032986699,0.002748892,-0.018020511,0.578500032,0.485472247,0.426054195,0.498128742,-0.056040181,-1.40417707,-1.767227769,-5.850000381,-48.18750381,28.14375114,210.2869223,,,,88.531285228,24.373284608,Bump,,0.893001413,10.54325523,0.594377148,-16.27500153,-63.65625381,12.84375095,-0.040469792,0.004886918,-0.017104214,0.893001413,10.54325523,0.594377148,20.219631571043784,32,83,18,21
2.62,-0.614539504,0.373985291,0.104995102,1.621764719,9.671216965,0.088458449,-0.023426664,0.02046397,-0.000305,0.578265637,0.485496402,0.426152855,0.498292938,-0.054490473,-1.404410183,-1.765200734,-7.575000286,-49.74375153,29.06250191,210.2953636,,,,88.531284982,24.373284577,Bump,,1.07497558,10.11805081,-0.334995164,-18.01875114,-65.23125458,13.76250076,-0.030909758,0.022601998,0.000611,1.07497558,10.11805081,-0.334995164,20.18561796867901,32,83,18,21
2.63,-0.838758677,-0.188756943,-0.614447385,1.615576327,9.672224522,0.091419328,0.066278828,-0.019089524,0.036651887,0.578049421,0.485498726,0.426520228,0.498227209,-0.056526983,-1.405031979,-1.766715109,-2.90625,-49.36875153,27.78750038,209.373248,-0.129470825,996.496582,,88.531284736,24.373284546,Bump,,0.741775024,9.751709175,-0.295752883,-13.35000038,-64.83750153,12.48750019,0.058795734,-0.016951498,0.037568184,0.741775024,9.751709175,-0.295752883,20.20074015580781,32,83,18,21
2.64,-0.972374111,0.135009766,0.271215323,1.607835293,9.673491001,0.093914036,0.014202606,-0.029749115,0.03817905,0.577672511,0.48546344,0.42702277,0.498268232,-0.058343958,-1.405815721,-1.767566085,-7.537500381,-48.99375153,26.75625038,208.6396409,,,,88.53128449,24.373284515,Bump,,0.650847781,10.0747406,0.616391122,-17.98125076,-64.48125458,11.45625019,0.006719514,-0.027611088,0.039095345,0.650847781,10.0747406,0.616391122,20.215098117835574,32,83,18,21
2.65,-0.944868505,-0.150184155,0.296048932,1.60119164,9.674597263,0.093504328,-0.021349724,0.005070178,0.026694791,0.577306181,0.485508725,0.427367792,0.498352885,-0.058330644,-1.406504154,-1.766793609,-5.306250095,-48.30000305,28.27500153,210.3448648,,,,88.53128424399999,24.373284484,Bump,,0.680159852,9.59820962,0.129810632,-15.75000095,-63.78750229,12.97500038,-0.028832818,0.007208205,0.027611088,0.680159852,9.59820962,0.129810632,20.209630744710168,32,83,18,21
2.66,-1.105128527,-0.183854103,-0.234208182,1.595732093,9.675494194,0.093990035,0.016035201,0.006261364,0.033444847,0.577071965,0.485566705,0.427627504,0.498344898,-0.058832847,-1.40706408,-1.766862035,-3.918750048,-46.51875305,28.98750114,211.9285117,,,,88.53128399799999,24.373284453,Bump,,0.4115655,9.840243721,-0.165583327,-14.34375095,-62.00625229,13.68750095,0.008552107,0.008399391,0.034361144,0.4115655,9.840243721,-0.165583327,20.20788062963981,32,83,18,21
2.67,-1.172664821,-0.038162708,-0.198327467,1.590292037,9.676385403,0.094474182,0.004673116,-0.013744457,0.02583958,0.576769859,0.48556529,0.427953288,0.498416364,-0.059337305,-1.407622755,-1.766659021,-7.200000286,-48.39375305,27.93750191,209.9976518,-0.068695068,996.4891357,,88.531283752,24.373284422,Bump,,0.620339282,10.25982547,0.277567428,-17.64375114,-63.88125229,12.63750076,-0.002809978,-0.011606431,0.026755878,0.620339282,10.25982547,0.277567428,20.208099363359484,32,83,18,21
2.68,-1.029984295,-0.04834795,0.266241118,1.584220707,9.677366734,0.095992848,0.017134757,-0.004214967,0.012767074,0.576422125,0.485511154,0.428376168,0.498508066,-0.060519502,-1.408239305,-1.766915739,-5.606250286,-48.30000305,28.27500153,210.3448648,,,,88.531283506,24.373284391,Bump,,0.64941206,9.575597954,0.489092952,-16.05000114,-63.78750229,12.97500038,0.009651664,-0.00207694,0.013683371,0.64941206,9.575597954,0.489092952,20.19437964604879,32,83,18,21
2.69,-1.045997828,-0.245483875,0.658109814,1.579122305,9.678160667,0.099818695,0.008246675,-0.015118903,0.015118903,0.576185316,0.485399842,0.42880547,0.49852109,-0.063127942,-1.408740699,-1.768726587,-5.775000095,-48.03750229,31.55625153,213.3012585,,,,88.53128326,24.37328436,Bump,,0.622133881,9.917292786,0.933200824,-16.21875,-63.50625229,16.25625038,0.000764,-0.012980877,0.0160352,0.622133881,9.917292786,0.933200824,20.191743673770578,32,83,18,21
2.7,-0.820584714,0.085955143,0.679863945,1.569838941,9.679677963,0.09914232,-0.04101957,0.005925388,0.062002776,0.575739115,0.485522404,0.429218441,0.498561904,-0.063070193,-1.40970248,-1.767882288,-4.837500095,-47.30625153,29.77500153,212.1866989,,,,88.531283014,24.373284329,Bump,,0.701695248,9.936196089,0.493519679,-15.28125095,-62.79375076,14.47500038,-0.048502664,0.008063415,0.062919073,0.701695248,9.936196089,0.493519679,20.21237444621914,32,83,18,21
2.71,-1.204474807,0.237706184,-0.078872442,1.558257639,9.681565762,0.097482089,-0.012064579,0.006902772,0.069333152,0.575226843,0.485749274,0.429649413,0.49856104,-0.062477063,-1.410907507,-1.766563296,-4.706250191,-47.38125229,28.12500191,210.6929123,-0.034347534,996.4852295,,88.531282768,24.373284298,Bump,,0.338823688,10.09579735,-0.208654135,-15.13125038,-62.85000229,12.82500076,-0.019547673,0.009040799,0.070249451,0.338823688,10.09579735,-0.208654135,20.212404535787165,32,83,18,21
2.72,-1.274247169,0.295677185,-0.420620188,1.553932309,9.682260513,0.097531684,0.021532983,0.033444847,-0.009010256,0.574989647,0.485764623,0.429888606,0.498613447,-0.062682038,-1.411352515,-1.76624918,-6.637500286,-48.52500153,26.68125153,208.803995,,,,88.531282522,24.373284267,Bump,,0.267996138,10.07521915,-0.327338138,-17.08125114,-64.01250458,11.38125038,0.01404989,0.035582873,-0.008093958,0.267996138,10.07521915,-0.327338138,20.2146828927432,32,83,18,21
2.73,-1.146431446,-0.017695427,-0.446332395,1.555347204,9.682034492,0.097407907,0.014935644,-0.007757982,-0.060903218,0.574868977,0.485593498,0.42999804,0.498824894,-0.062545903,-1.411207557,-1.765498042,-3.975000143,-46.93125153,27.90000153,210.7309173,,,,88.531282276,24.373284236,Bump,,0.905085176,10.16291595,-0.297906421,-14.40000057,-62.41875076,12.60000038,0.00745255,-0.005619956,-0.059986922,0.905085176,10.16291595,-0.297906421,20.216529622102257,32,83,18,21
2.74,-0.49693507,-0.16240406,-0.446939021,1.552962422,9.682411671,0.09800167,0.007483094,-0.007147118,0.063957544,0.574733675,0.4855728,0.430162773,0.498858944,-0.063022502,-1.411449611,-1.765616775,-7.968750477,-49.21875381,27.18750191,208.9154242,,,,88.53128203,24.373284205,Bump,,1.469193125,10.36762199,-0.035892338,-18.41250038,-64.70625305,11.88750076,-1.86e-10,-0.005009091,0.064873838,1.469193125,10.36762199,-0.035892338,20.20045369595444,32,83,18,21
2.75,-0.215430081,0.923521519,0.015157688,1.537581146,9.684905052,0.093971319,-0.052687086,0.010690133,0.155617803,0.574196398,0.486077487,0.430504158,0.498691559,-0.061037807,-1.413060665,-1.763415813,-5.381250381,-50.36250305,25.66875076,207.0070207,-0.021133423,996.4835815,,88.531281784,24.373284174,Bump,,1.093519962,11.08164024,-0.102891374,-15.82500076,-65.83125305,10.36875057,-0.060170181,0.01282816,0.156534098,1.093519962,11.08164024,-0.102891374,20.20006065178749,32,83,18,21
2.76,-0.72231257,1.583987713,-0.321262896,1.525742292,9.686839581,0.087385643,-0.040653051,0.022663084,0.047097674,0.57368052,0.486532182,0.43069157,0.4986801,-0.057211431,-1.414321184,-1.759344757,-3.768750191,-47.79375076,28.29375076,210.6253998,,,,88.531281538,24.373284143,Bump,,0.568893574,11.48614669,-0.490528643,-14.21250057,-63.28125381,12.99375057,-0.048136145,0.02480111,0.048013972,0.568893574,11.48614669,-0.490528643,20.21193180715867,32,83,18,21
2.77,-0.554833829,1.411271572,-0.706355929,1.527251542,9.686590672,0.088588495,0.071257378,0.02290743,-0.072631823,0.573648423,0.486373574,0.430781379,0.498794168,-0.057938242,-1.414158463,-1.759675801,-7.406250477,-48.60000229,27.07500076,209.1221251,,,,88.531281292,24.373284112,Bump,,1.266281748,10.7830162,-0.566620409,-17.85000038,-64.08750153,11.77500057,0.063774284,0.025045456,-0.071715525,1.266281748,10.7830162,-0.566620409,20.20599855723111,32,83,18,21
2.78,0.161151588,1.33716011,-0.050427303,1.528451204,9.686360359,0.092926547,0.031154103,-0.002596176,0.009315689,0.57379213,0.486243218,0.430857509,0.498690173,-0.060722956,-1.414007962,-1.762502551,-7.856250286,-47.38125229,28.16250038,210.7264313,,,,88.531281046,24.373284081,Bump,,1.832902122,11.45683498,0.220139685,-18.30000114,-62.86875153,12.86250019,0.023671011,-0.000458,0.010231986,1.832902122,11.45683498,0.220139685,20.208078675090302,32,83,18,21
2.79,0.409015954,0.895339012,-0.330697253,1.514736593,9.688542366,0.089924362,-0.026114469,0.010323615,0.148501228,0.573414803,0.486754313,0.431091785,0.498423025,-0.059295431,-1.415440083,-1.761235237,-5.34375,-46.91250229,29.45625114,212.1246162,-0.039627075,996.4857178,,88.53128079999999,24.37328405,Bump,,1.947159469,11.07757235,-0.3912265,-15.76875019,-62.38125229,14.15625095,-0.033597563,0.012461642,0.149417524,1.947159469,11.07757235,-0.3912265,20.21183170677744,32,83,18,21
2.8,-0.662943125,0.564336777,-0.694297075,1.503186584,9.690360069,0.087934308,0.001221729,0.00763581,0.125532713,0.573078096,0.487144291,0.431334257,0.49821955,-0.058431979,-1.416642308,-1.760379791,-5.268750191,-45.31875229,30.09375191,213.5860034,,,,88.53128055399999,24.373284019,Bump,,0.956171918,11.59418297,-0.276610294,-15.71250057,-60.78750229,14.79375076,-0.006261364,0.009773837,0.126449009,0.956171918,11.59418297,-0.276610294,20.2156002136727,32,83,18,21
2.81,-0.51046136,1.924376965,-0.170437071,1.494639933,9.691706181,0.085257448,-0.027580545,-0.020341797,0.069699672,0.572649568,0.487331077,0.431628287,0.498274893,-0.056979841,-1.417538226,-1.758329213,-6.918750286,-50.13750076,27.31875038,208.5849321,,,,88.53128030799999,24.373283988,Bump,,1.328016579,11.96291709,0.259621255,-17.36250114,-65.625,12.01875019,-0.035063638,-0.01820377,0.070615968,1.328016579,11.96291709,0.259621255,20.19351980627406,32,83,18,21
2.82,-0.086747348,2.48373127,0.527006239,1.482007146,9.693651676,0.08454841,-0.004001165,-0.049663305,0.126387922,0.572113544,0.487546325,0.432131007,0.498244345,-0.056991206,-1.418843925,-1.757537246,-6.243750095,-46.40625,30.91875076,213.6740384,,,,88.531280062,24.373283957,Bump,,1.252403355,11.79709415,0.778145921,-16.6875,-61.89375305,15.61875057,-0.011484259,-0.04752528,0.127304223,1.252403355,11.79709415,0.778145921,20.1950233181056,32,83,18,21
2.83,-0.442113459,1.213876724,0.976204067,1.46657002,9.695912838,0.093967889,0.074372786,-0.001679878,0.123852834,0.571790576,0.487638146,0.432937354,0.497825027,-0.063990206,-1.420374095,-1.763907373,-3.806250095,-50.23125076,27.54375076,208.737674,-0.066055298,996.4889526,,88.531279816,24.373283926,Bump,,0.880080187,11.59753304,1.606541133,-14.25000095,-65.70000458,12.24375057,0.066889692,0.000458,0.124769133,0.880080187,11.59753304,1.606541133,20.183759277593637,32,83,18,21
2.84,-0.735211402,2.275206566,1.507753789,1.449032843,9.698552132,0.093570117,-0.089277887,0.011545344,0.139826947,0.571155429,0.488003731,0.43355763,0.497656032,-0.064480498,-1.422182083,-1.763664722,-6.393750191,-50.71875381,25.50000191,206.6919988,,,,88.53127957,24.373283895,Bump,,0.549152806,12.15793204,0.829711236,-16.83750153,-66.20625305,10.20000076,-0.096760979,0.013683371,0.140743248,0.549152806,12.15793204,0.829711236,20.20313120563985,32,83,18,21
2.85,-1.150529861,1.0955019,-1.040150955,1.430093884,9.701419353,0.087511208,-0.017073672,0.027794347,0.133962649,0.570376635,0.488568559,0.434034839,0.497579098,-0.061116746,-1.424169481,-1.759673834,-6.731250286,-46.55625153,29.66250038,212.502536,,,,88.531279324,24.373283864,Bump,,0.261774796,10.92132092,-1.400758362,-17.17500114,-62.02500153,14.36250019,-0.024556764,0.029932375,0.134878944,0.261774796,10.92132092,-1.400758362,20.18143769095187,32,83,18,21
2.86,-1.557834923,0.489536285,-0.942041889,1.420627236,9.702763557,0.092600487,0.111940971,-0.009926553,0.02809978,0.57005766,0.488548502,0.434613049,0.497459665,-0.065091204,-1.425110579,-1.762842894,-3.431250095,-48.52500153,27.26250076,209.3283139,,,,88.531279078,24.373283833,Bump,,0.096191476,10.48487034,-0.076091769,-13.87500095,-63.99375153,11.96250057,0.104457878,-0.007788526,0.029016077,0.096191476,10.48487034,-0.076091769,20.198623920725296,32,83,18,21
2.87,-0.41238749,1.028313637,1.159409404,1.419209003,9.702963829,0.093440108,-0.038942629,-0.002382373,0.000305,0.569904208,0.488449693,0.434807301,0.497562766,-0.065744989,-1.425251007,-1.762943745,-4.912500381,-51.30000305,26.45625114,207.2808986,-0.007919312,996.4822388,,88.531278832,24.373283802,Bump,,1.804188251,11.5381906,1.864607036,-15.33750057,-66.76875305,11.15625,-0.046425723,-0.000244,0.001221729,1.804188251,11.5381906,1.864607036,20.201705785388302,32,83,18,21
2.88,0.538713217,1.37296772,1.545895755,1.406825185,9.704814911,0.088021223,-0.093431769,-0.018631376,0.239886606,0.569403797,0.488891184,0.435037047,0.497501135,-0.062483007,-1.426559925,-1.759447455,-6.262500286,-51.30000305,26.47500038,207.2974374,,,,88.531278586,24.373283771,Bump,,1.839602041,10.59206886,0.534556586,-16.70625114,-66.7875061,11.17500019,-0.100914864,-0.016493349,0.240802899,1.839602041,10.59206886,0.534556586,20.19146165008513,32,83,18,21
2.89,-0.280845463,0.406095505,-0.048506975,1.374310374,9.709451199,0.090152957,0.057879438,-0.058184871,0.325438209,0.568550587,0.48971881,0.436010316,0.496810272,-0.065516718,-1.429888368,-1.762156904,-6.075000286,-48.30000305,28.29375076,210.3614266,,,,88.53127834,24.37328374,Bump,,-0.455593443,10.61551857,0.21008983,-16.5,-63.78750229,12.99375057,0.050396345,-0.056046845,0.326354511,-0.455593443,10.61551857,0.21008983,20.20363333042276,32,83,18,21
2.9,-2.408403635,0.679970264,0.445696138,1.344311774,9.713607311,0.094928384,-0.003268126,-0.081428275,0.166094135,0.567323506,0.489967555,0.437482446,0.496673688,-0.070498046,-1.432937145,-1.764800906,-5.231250286,-47.71875,28.05000114,210.4478332,,,,88.531278094,24.373283709,Bump,,-1.062413245,10.96092224,0.835095122,-15.67500019,-63.18750381,12.75000095,-0.010751221,-0.079290248,0.167010432,-1.062413245,10.96092224,0.835095122,20.18122000999756,32,83,18,21
2.91,-2.371143937,0.417243958,0.535336688,1.325217366,9.716250896,0.092918672,-0.04413498,-0.007330377,0.08185588,0.566307247,0.49014388,0.438396707,0.496853441,-0.07000133,-1.434912264,-1.762353957,-9.018750191,-50.08125305,26.96250153,208.2969179,0.126831055,996.4661255,,88.531277848,24.373283678,Bump,,-0.76091761,10.06708336,0.403429896,-19.46250153,-65.5687561,11.66250038,-0.051618074,-0.005192351,0.082772179,-0.76091761,10.06708336,0.403429896,20.18149392754997,32,83,18,21
2.92,-1.779229999,-0.10231781,0.190041155,1.311062455,9.718155384,0.094563637,0.020555599,0.050396344,0.068600115,0.565798432,0.490347907,0.438991264,0.496706828,-0.072004206,-1.436353147,-1.763594747,-4.818750381,-48.82500076,29.51250076,211.1510606,,,,88.531277602,24.373283647,Bump,,-0.339780815,9.928419352,0.319441825,-15.26250076,-64.29375458,14.21250057,0.013072506,0.052534372,0.069516411,-0.339780815,9.928419352,0.319441825,20.212904022426383,32,83,18,21
2.93,-1.389156222,0.111159325,0.292864978,1.300880671,9.719524384,0.094633706,-0.012675444,0.013591741,0.080939585,0.565392137,0.490508884,0.439402521,0.496646971,-0.072618037,-1.437397599,-1.763605475,-3.787500143,-48.58125305,27.01875114,209.0808826,,,,88.531277356,24.373283616,Bump,,0.234975187,9.901499939,0.124905346,-14.23125076,-64.0687561,11.71875,-0.020158538,0.015729768,0.08185588,0.234975187,9.901499939,0.124905346,20.19440762565645,32,83,18,21
2.94,-0.972342432,-0.253811359,-0.183820099,1.288038015,9.721255302,0.092357609,-0.021105378,-0.014966187,0.144347347,0.564882964,0.490821347,0.439798489,0.49656707,-0.071580421,-1.438732326,-1.762047708,-6.656250477,-48.24375153,27.90000153,210.0413645,,,,88.53127710999999,24.373283585,Bump,,0.342173632,9.576674461,-0.410369076,-17.10000038,-63.71250153,12.60000038,-0.028588471,-0.01282816,0.145263642,0.342173632,9.576674461,-0.410369076,20.185082420506077,32,83,18,21
2.95,-1.091731429,-0.689306259,-0.475139916,1.265847445,9.724173546,0.091794856,0.011759147,-0.049541134,0.187596571,0.564063132,0.491260871,0.440593272,0.49635978,-0.072391938,-1.441013098,-1.76187855,-4.912500381,-48.86250305,28.61250114,210.3520342,0.179672241,996.4598389,,88.53127686399999,24.373283554,Bump,,2.98e-09,9.551190758,0.032542393,-15.35625076,-64.3500061,13.31250095,0.004276053,-0.047403107,0.188512868,2.98e-09,9.551190758,0.032542393,20.200889730402192,32,83,18,21
2.96,-1.555700302,-0.248587132,0.437882379,1.239877999,9.727522373,0.091425326,-0.033902995,-0.087659097,0.204639703,0.562959552,0.491632253,0.441680253,0.496278778,-0.073605206,-1.443678439,-1.761336863,-3.337500095,-47.66250229,28.91250038,211.2413749,,,,88.53127661799999,24.373283523,Bump,,-0.301495653,9.762716293,0.718803918,-13.76250076,-63.13125229,13.61250019,-0.041386089,-0.085521068,0.205555994,-0.301495653,9.762716293,0.718803918,20.210799742123942,32,83,18,21
2.97,-1.741631866,-0.346913338,0.517725646,1.21296227,9.730918407,0.091052685,-0.020983205,-0.007147118,0.200058216,0.561936587,0.49212189,0.442687377,0.496055529,-0.074929204,-1.44644022,-1.761328757,-7.968750477,-49.21875381,27.18750191,208.9154242,,,,88.531276372,24.373283492,Bump,,-0.897906691,9.473184824,0.381655216,-18.41250038,-64.70625305,11.88750076,-0.028466299,-0.005009091,0.200974509,-0.897906691,9.473184824,0.381655216,20.188632841099874,32,83,18,21
2.98,-2.425478458,-0.519812107,-0.027824152,1.193320274,9.733343601,0.09152941,0.003817905,0.010445788,0.093523397,0.56112045,0.492381543,0.44352901,0.495969966,-0.076552335,-1.448448956,-1.761627734,-5.550000191,-48.50625229,28.81875038,210.7155822,,,,88.531276126,24.373283461,Bump,,-1.198804116,9.474141884,-0.074177498,-15.99375057,-63.97500229,13.51875019,-0.003665189,0.012583814,0.094439695,-1.198804116,9.474141884,-0.074177498,20.20491561903276,32,83,18,21
2.99,-2.163450241,-0.620087624,-0.332517952,1.183609605,9.734540939,0.090475328,-0.012675444,-0.015729768,0.056352276,0.560571432,0.492437989,0.444024265,0.496091664,-0.076291524,-1.449452043,-1.760249972,-2.493750095,-47.92500305,28.42500114,210.6727826,0.251022339,996.4514771,,88.53127588,24.37328343,Bump,,-0.43501516,9.456435013,-0.220139685,-12.93750095,-63.39375305,13.12500095,-0.020158538,-0.013591741,0.057268572,-0.43501516,9.456435013,-0.220139685,20.18341389859975,32,83,18,21
3.0,-1.504512489,-0.663594246,-0.304335609,1.169982374,9.736206532,0.088224363,-0.019639302,-0.023518294,0.158275065,0.559941351,0.492677227,0.444540903,0.496102929,-0.075263146,-1.450865388,-1.75829488,-5.587500095,-47.51250076,27.50625038,210.0676915,,,,88.531275634,24.373283399,Bump,,-0.02213361,9.278768063,-0.018544373,-16.03125,-63.00000381,12.20625019,-0.027122397,-0.021380267,0.159191361,-0.02213361,9.278768063,-0.018544373,20.182067268846744,32,83,18,21
3.01,-1.272634864,-0.664960384,0.082993139,1.145930529,9.739088535,0.085762806,-0.032589636,-0.004092794,0.186985707,0.559054315,0.493231073,0.445305362,0.495867327,-0.074700888,-1.453347325,-1.756859422,-7.125000477,-49.38750076,27.84375191,209.413493,,,,88.531275388,24.373283368,Bump,,-0.363230473,9.57416172,0.428793812,-17.56875038,-64.85625458,12.54375076,-0.04007273,-0.001954767,0.187902007,-0.363230473,9.57416172,0.428793812,20.201254185262727,32,83,18,21
3.02,-1.713333309,-0.515174389,0.237759378,1.126161933,9.741415977,0.083275106,-0.027183483,-0.002748891,0.101556269,0.55823037,0.49362126,0.446004197,0.495779306,-0.073811281,-1.455390275,-1.754915357,-6.431250095,-48.93750381,27.00000191,208.8865816,,,,88.531275142,24.373283337,Bump,,-0.600598478,9.269316292,-0.076570324,-16.875,-64.40625,11.70000076,-0.034666576,-0.000611,0.102472566,-0.600598478,9.269316292,-0.076570324,20.201625404864405,32,83,18,21
3.03,-1.646042585,-0.772974014,-0.330503345,1.110917807,9.74317646,0.082109343,0.001374446,-0.021563526,0.097799453,0.557527006,0.493825674,0.446648762,0.495786905,-0.07377797,-1.456959307,-1.753721833,-2.587500095,-49.08750153,27.60000038,209.3473614,0.332931519,996.4415894,,88.531274896,24.373283306,Bump,,-0.456430919,9.07238698,-0.337986201,-13.01250076,-64.55625153,12.30000019,-0.006108648,-0.0194255,0.098715748,-0.456430919,9.07238698,-0.337986201,20.205497196059927,32,83,18,21
3.04,-1.54971832,-1.09643507,-0.314794801,1.091260076,9.745399952,0.081760749,0.005192351,-0.023518294,0.150272734,0.556733042,0.494136974,0.447425768,0.495668292,-0.074784622,-1.458973885,-1.753577828,-6.693750381,-47.51250076,26.88750076,209.5056828,,,,88.53127465,24.373283275,Bump,,-0.478564537,8.865886497,-0.054556356,-17.13750076,-63.00000381,11.58750057,-0.002290743,-0.021380268,0.151189029,-0.478564537,8.865886497,-0.054556356,20.209043653348907,32,83,18,21
3.05,-1.760461986,-1.006779671,0.069417205,1.07051295,9.747727394,0.078613143,-0.034910922,-0.012522728,0.145691249,0.555846721,0.494548261,0.448152885,0.495595947,-0.073299166,-1.461120725,-1.750953257,-5.775000095,-47.66250229,28.31250191,210.7111787,,,,88.531274404,24.373283244,Bump,,-0.736989379,9.160323381,0.142372949,-16.21875,-63.13125229,13.01250076,-0.042394014,-0.010384701,0.146607548,-0.736989379,9.160323381,0.142372949,20.2190340831785,32,83,18,21
3.06,-1.842905045,-1.022156715,-0.234703988,1.056068659,9.749335289,0.074674256,-0.03686569,0.001527162,0.122478387,0.555172443,0.494862527,0.448627412,0.495608807,-0.07059259,-1.462628126,-1.747392416,-5.15625,-47.02500153,28.96875191,211.6342625,,,,88.531274158,24.373283213,Bump,,-0.713061142,8.991749001,-0.452243465,-15.58125019,-62.49375153,13.66875076,-0.044348783,0.003665189,0.123394684,-0.713061142,8.991749001,-0.452243465,20.200652013932046,32,83,18,21
3.07,-1.857945681,-1.034301281,-0.613277644,1.04264015,9.75079298,0.072864257,0.004123337,-0.025503604,0.114231715,0.554579407,0.495099545,0.449128658,0.49558197,-0.069771394,-1.464014471,-1.745734572,-4.800000191,-49.20000076,27.15000153,208.8912004,0.295944214,996.4459839,,88.531273912,24.373283182,Bump,,-0.851366305,9.113304138,-0.370887503,-15.24375057,-64.6875,11.85000038,-0.003359756,-0.023365578,0.115148012,-0.851366305,9.113304138,-0.370887503,20.19291825891765,32,83,18,21
3.08,-1.85413152,-0.968585014,-0.337856352,1.024444222,9.752726555,0.072187822,0.003573559,-0.01178969,0.112093686,0.553769201,0.495331913,0.449904576,0.495551974,-0.070350248,-1.465880573,-1.744980037,-6.450000286,-47.92500305,27.84375191,210.1559846,,,,88.53127366599999,24.373283151,Bump,,-0.848255649,8.840283394,-0.076570323,-16.89375114,-63.41250229,12.54375076,-0.003909535,-0.009651664,0.113009985,-0.848255649,8.840283394,-0.076570323,20.211807447790747,32,83,18,21
3.09,-2.010617554,-1.123247623,-0.061983608,1.007206202,9.754532337,0.070609394,-0.019883648,-0.011911863,0.101831159,0.552983582,0.495577782,0.450610042,0.495542467,-0.069988851,-1.467655122,-1.743375242,-3.506250143,-48.30000305,28.25625038,210.3282957,,,,88.53127341999999,24.37328312,Bump,,-0.944686389,8.770173645,-0.07609176,-13.95000076,-63.76875305,12.95625019,-0.027366742,-0.009773837,0.102747455,-0.944686389,8.770173645,-0.07609176,20.19083329005048,32,83,18,21
3.1,-1.854608655,-1.364285469,-0.327241793,0.990950614,9.756213665,0.068445049,-0.007330377,0.015118903,0.096211204,0.552266121,0.495861202,0.451217487,0.495506331,-0.068960261,-1.469332635,-1.741334677,-4.575000286,-47.79375076,27.67500114,210.0730135,,,,88.53127317399999,24.373283089,Bump,,-0.944207799,8.6979105,-0.361316222,-15.00000095,-63.28125381,12.37500095,-0.014813471,0.01725693,0.097127501,-0.944207799,8.6979105,-0.361316222,20.197558856828223,32,83,18,21
3.11,-1.940492511,-1.241287231,-0.499408722,0.973946869,9.757938862,0.066500787,-0.004978548,-0.017531819,0.10561852,0.55147922,0.4961088,0.451905444,0.495507911,-0.068173405,-1.471084416,-1.739311159,-4.856250286,-45.05625153,29.13750076,212.8904108,0.187606812,996.4591064,,88.53127292799999,24.373283058,Bump,,-0.839282542,8.727820396,-0.475573495,-15.30000019,-60.52500153,13.83750057,-0.012461641,-0.015393792,0.106534818,-0.839282542,8.727820396,-0.475573495,20.18313825525369,32,83,18,21
3.12,-1.944477797,-1.332116604,-0.450207606,0.956868798,9.759634018,0.065690652,0.008338305,-0.012767074,0.104396789,0.550730854,0.496341839,0.452612445,0.495461613,-0.068544656,-1.472836673,-1.738499403,-3.656250238,-45.15000153,30.03750038,213.6351228,,,,88.531272682,24.373283027,Bump,,-1.032742274,8.702695847,-0.297667137,-14.10000038,-60.63750076,14.73750019,0.000855,-0.010629047,0.105313089,-1.032742274,8.702695847,-0.297667137,20.181014029736616,32,83,18,21
3.13,-2.011124134,-1.301163673,-0.249746069,0.945223927,9.760772705,0.065304831,5.82e-11,-0.010537417,0.081550449,0.550187945,0.496462554,0.453135669,0.495465696,-0.068979658,-1.474029541,-1.737979531,-4.425000191,-46.57500076,28.74375153,211.680801,,,,88.531272436,24.373282996,Bump,,-1.062413263,8.677810669,-0.089970132,-14.85000038,-62.06250381,13.44375038,-0.007483094,-0.008399391,0.082466744,-1.062413263,8.677810669,-0.089970132,20.21850593658712,32,83,18,21
3.14,-2.014791489,-1.322728634,-0.136459567,0.934227377,9.761835575,0.064526364,-0.008888082,-0.016798782,0.085093465,0.549639642,0.49656263,0.453644335,0.495508373,-0.068959568,-1.475158811,-1.736955106,-5.25,-47.17500305,28.98750114,211.5693688,,,,88.53127219,24.373282965,Bump,,-0.916451052,8.745767117,-0.075972119,-15.69375038,-62.66250229,13.68750095,-0.016371176,-0.014660754,0.086009762,-0.916451052,8.745767117,-0.075972119,20.21343920482049,32,83,18,21
3.15,-1.881211877,-1.209396839,-0.162661768,0.917336315,9.763443947,0.063507374,-0.000458,-0.019486587,0.114781491,0.548869669,0.496773332,0.454362273,0.495492876,-0.069121405,-1.476892292,-1.735847712,-4.143750191,-46.76250076,30.05625153,212.7305825,0.126831055,996.4661865,,88.531271944,24.373282934,Bump,,-1.187318611,8.717052841,-0.162711938,-14.58750057,-62.23125076,14.75625038,-0.007941242,-0.01734856,0.115697789,-1.187318611,8.717052841,-0.162711938,20.20783896824375,32,83,18,21
3.16,-2.257924318,-1.255895138,-0.216273949,0.89917323,9.76513195,0.063551813,0.003817905,-0.024740024,0.099418243,0.548037618,0.496941835,0.455196321,0.495479375,-0.070562098,-1.478747845,-1.735796928,-1.875000119,-46.18125153,31.06875038,213.9309616,,,,88.531271698,24.373282903,Bump,,-1.517049575,8.810851669,-0.027756742,-12.30000019,-61.65000153,15.76875019,-0.003665189,-0.022601997,0.10033454,-1.517049575,8.810851669,-0.027756742,20.19635811777657,32,83,18,21
3.17,-2.476683497,-1.223767757,-0.015872702,0.883759201,9.766539097,0.063697346,0.000519,-0.019486586,0.063102332,0.547234029,0.496988997,0.456007376,0.495574489,-0.071952142,-1.48032105,-1.735517681,-4.6875,-48.01875305,28.08750153,210.3245502,,,,88.531271452,24.373282872,Bump,,-1.526620835,8.803792715,0.157328088,-15.13125038,-63.50625229,12.78750038,-0.006963858,-0.01734856,0.064018629,-1.526620835,8.803792715,0.157328088,20.186931772802836,32,83,18,21
3.18,-2.340255499,-1.221045017,0.131325327,0.870582879,9.767718315,0.064391986,0.003359756,-0.001985311,0.052228938,0.546553135,0.497007146,0.45672366,0.495648086,-0.073831979,-1.481661081,-1.735939085,-5.643750191,-46.91250229,29.45625114,212.1246162,,,,88.531271206,24.373282841,Bump,,-1.417029548,8.669675064,0.140219407,-16.06875038,-62.38125229,14.15625095,-0.004123337,0.000153,0.053145236,-1.417029548,8.669675064,0.140219407,20.186257481706843,32,83,18,21
3.19,-2.359490395,-1.420140743,-0.08039042,0.858498991,9.768780231,0.06554934,0.012247839,0.004703659,0.044776388,0.545951366,0.497019455,0.457384273,0.495689765,-0.076207034,-1.482885718,-1.737017691,-2.025000095,-48.20625305,27.18750191,209.4222545,0.103057861,996.4688721,,88.53127096,24.37328281,Bump,,-1.502094418,8.560323,-0.087936232,-12.46875095,-63.69375229,11.88750076,0.004764745,0.006841685,0.045692685,-1.502094418,8.560323,-0.087936232,20.190009715926585,32,83,18,21
3.2,-2.318574905,-1.512331963,-0.275771856,0.850201309,9.769505501,0.065701775,0.007238748,0.005070178,0.031948228,0.545501173,0.497023374,0.45784229,0.495758682,-0.077124603,-1.483731389,-1.736958742,-5.025000095,-48.35625076,26.62500191,208.8372262,,,,88.531270714,24.373282779,Bump,,-1.324666619,8.461499596,-0.245982167,-15.46875095,-63.84375381,11.32500076,-0.000244,0.007208205,0.032864526,-1.324666619,8.461499596,-0.245982167,20.201969066588244,32,83,18,21
3.21,-2.131516933,-1.424120426,-0.264679775,0.843114465,9.770125389,0.064708274,-0.011300998,-0.018020511,0.029474226,0.545063615,0.497030005,0.458229497,0.495875493,-0.076597985,-1.48446244,-1.735493004,-5.606250286,-48.95625305,28.25625038,209.992402,,,,88.531270468,24.373282748,Bump,,-1.084427226,8.676374817,-0.033020952,-16.03125,-64.42500305,12.95625019,-0.018784092,-0.015882484,0.030390523,-1.084427226,8.676374817,-0.033020952,20.208583836908,32,83,18,21
3.22,-1.823040545,-1.324337006,-0.064430049,0.832943529,9.771002293,0.064066175,0.002962694,-0.009101885,0.047708539,0.544481695,0.497044861,0.458778918,0.495991915,-0.07676569,-1.485506058,-1.734424233,-4.575000286,-46.80000305,28.53750038,211.3738201,,,,88.53127022199999,24.373282717,Bump,,-1.045065269,8.683553219,0.085543411,-15.01875019,-62.26875305,13.23750019,-0.004520399,-0.006963858,0.048624837,-1.045065269,8.683553219,0.085543411,20.206407895068708,32,83,18,21
3.23,-2.099691689,-1.293197632,0.057236385,0.820261151,9.772065163,0.06539654,0.011148283,-0.034880378,0.06676752,0.543834418,0.497034878,0.459493861,0.496050179,-0.079561975,-1.48678875,-1.735785127,-5.381250381,-46.53750229,29.64375114,212.4965778,0.042282104,996.4761963,,88.53126997599999,24.373282686,Bump,,-1.436172152,8.571090889,0.100498552,-15.80625057,-62.02500153,14.34375095,0.003665189,-0.032742352,0.067683816,-1.436172152,8.571090889,0.100498552,20.19119735587784,32,83,18,21
3.24,-2.480299711,-1.527547836,0.011193108,0.807251692,9.773135185,0.06740962,0.017867795,-0.011911863,0.044898561,0.543165475,0.49698846,0.460265204,0.496114537,-0.083314575,-1.488099039,-1.737981617,-7.312500477,-49.16250229,27.43125153,209.160251,,,,88.53126972999999,24.373282655,Bump,,-1.868315935,8.512705612,0.141655102,-17.75625038,-64.65000153,12.13125038,0.010384701,-0.009773836,0.045814859,-1.868315935,8.512705612,0.141655102,20.21819461122653,32,83,18,21
3.25,-2.667684436,-1.370737076,0.081517,0.797620833,9.77392292,0.067940585,-0.000458,0.00641408,0.004825832,0.54255259,0.496889308,0.460905254,0.496290252,-0.084973939,-1.489076316,-1.738108873,-4.256250381,-50.02500153,27.76875114,209.0345435,,,,88.53126948399999,24.373282624,Bump,,-1.76709953,8.566305161,0.102891374,-14.68125057,-65.49375153,12.46875095,-0.007941242,0.008552107,0.005742129,-1.76709953,8.566305161,0.102891374,20.20951587666783,32,83,18,21
3.26,-2.449373007,-1.347286224,-0.000299,0.791849792,9.774392605,0.067958433,0.000275,0.006902772,-0.021074835,0.542070597,0.496737063,0.46138832,0.49652046,-0.085612759,-1.489664435,-1.737397194,-1.537500024,-47.71875,29.28750038,211.5396241,,,,88.531269238,24.373282593,Bump,,-1.520399499,8.684032059,0.076091759,-11.98125076,-63.20625305,13.98750019,-0.007208204,0.009040799,-0.020158537,-1.520399499,8.684032059,0.076091759,20.20217416210045,32,83,18,21
3.27,-2.123945236,-1.161411285,0.033488728,0.786950827,9.774782181,0.068638995,0.01282816,-0.002138027,0.002748891,0.541719139,0.496629715,0.461774379,0.496652514,-0.08700148,-1.490157723,-1.737805605,-4.106250286,-45.65625,28.59375191,212.058231,0.002639771,996.4807739,,88.531268992,24.373282562,Bump,,-1.257667565,8.547162437,0.143090791,-14.55000019,-61.12500381,13.29375076,0.005345067,-5.82e-11,0.003665189,-1.257667565,8.547162437,0.143090791,20.20446882984937,32,83,18,21
3.28,-2.061664581,-1.376160622,0.127352785,0.781083375,9.775244236,0.070012715,0.008216131,-0.006536253,0.014110976,0.541389585,0.496559441,0.4621737,0.496710643,-0.089398492,-1.49074322,-1.739343226,-3.712500095,-44.60625076,30.33750153,214.220314,,,,88.531268746,24.373282531,Bump,,-1.49132672,8.587242365,0.310468741,-14.15625095,-60.07500076,15.03750038,0.000733,-0.004398226,0.015027273,-1.49132672,8.587242365,0.310468741,20.19678400249711,32,83,18,21
3.29,-2.319389582,-1.41047287,0.184835427,0.773266464,9.775858879,0.070935436,-0.000458,-0.01178969,0.003970621,0.540856153,0.496420339,0.462753937,0.496890575,-0.091480199,-1.491531193,-1.739988983,-2.887500048,-47.36250305,28.08750153,210.6693166,,,2.459604263,88.5312685,24.3732825,Bump,,-1.622812319,8.465327835,0.139740841,-13.33125019,-62.85000229,12.78750038,-0.007941242,-0.009651664,0.004886918,-1.622812319,8.465327835,0.139740841,20.189909239580047,32,83,18,21
3.3,-2.487250924,-1.408669949,0.043389536,0.764626592,9.776535034,0.071238648,-0.002138027,-0.025350888,0.018784092,0.540247083,0.496281698,0.463378176,0.497109845,-0.092900977,-1.492408693,-1.739815533,-5.081250191,-50.00625229,26.51250076,207.931807,,,,88.5312684125,24.3732824875,Bump,,-1.791267037,8.514620018,0.125383908,-15.52500057,-65.4750061,11.21250057,-0.00962112,-0.023212862,0.019700389,-1.791267037,8.514620018,0.125383908,20.19423890714605,32,83,18,21
3.31,-2.6064713,-1.405064106,0.122321699,0.755669236,9.777228355,0.071777929,0.001007927,-0.000672,0.002871064,0.539645493,0.496154457,0.464006826,0.497303843,-0.09470275,-1.493314922,-1.74006176,-5.4375,-47.8125,26.28750038,208.8021681,0.00793457,996.4801636,,88.531268325,24.373282475,Bump,,-1.959721714,8.6590271,0.332004145,-15.86250019,-63.28125381,10.98750019,-0.006475167,0.001466076,0.003787362,-1.959721714,8.6590271,0.332004145,20.21031384441857,32,83,18,21
3.32,-2.652493477,-1.26658392,0.220471762,0.750934273,9.777593613,0.071769331,-0.008704823,0.017104214,-0.041996954,0.539172202,0.49595587,0.464479029,0.497574434,-0.095284037,-1.493797541,-1.739225507,-1.762500048,-48.54375076,25.70625114,207.9033722,,,,88.5312682375,24.3732824625,Bump,,-1.819980907,8.549555206,0.167019021,-12.20625019,-64.03125,10.40625,-0.016187917,0.019242241,-0.041080656,-1.819980907,8.549555206,0.167019021,20.18057573954519,32,83,18,21
3.33,-2.469086528,-1.441791534,-0.062818158,0.750274152,9.777640343,0.07225886,0.006017018,0.00971275,-0.069944016,0.538839668,0.495655984,0.464835227,0.497900724,-0.096013505,-1.493859887,-1.738637924,-4.5,-48.82500076,23.88750076,206.0700679,,,,88.53126814999999,24.37328245,Bump,,-1.562991738,8.483034706,-0.034935209,-14.94375038,-64.3125,8.587500572,-0.001466075,0.011850777,-0.069027721,-1.562991738,8.483034706,-0.034935209,20.18464290562028,32,83,18,21
3.34,-2.151881576,-1.509069443,-0.064883776,0.745571345,9.77799511,0.072918732,0.007238748,-0.021319181,-0.014721842,0.538377494,0.495433807,0.465329736,0.498159826,-0.097494099,-1.494331956,-1.738677919,-5.53125,-48.07500076,27.22500038,209.5229927,,,,88.53126806249999,24.3732824375,Bump,,-1.366899937,8.395218134,0.079561352,-15.97500038,-63.54375076,11.92500019,-0.000244,-0.019181154,-0.013805544,-1.366899937,8.395218134,0.079561352,20.18184010568087,32,83,18,21
3.35,-2.263974667,-1.769780159,0.060616635,0.739403665,9.778461456,0.073308155,0.000916,-0.000305,0.015577052,0.537993252,0.495371968,0.46573332,0.498259306,-0.098822363,-1.494955301,-1.739054918,-3.993750095,-48.63750076,28.81875038,210.6476405,0.047561646,996.4754028,,88.53126797499999,24.373282425,Bump,,-1.668275976,8.470592308,0.180418825,-14.43750095,-64.125,13.51875019,-0.006566797,0.001832594,0.016493348,-1.668275976,8.470592308,0.180418825,20.18162915209276,32,83,18,21
3.36,-2.565524817,-1.410817623,0.038847622,0.735014409,9.778800488,0.072149821,-0.017318017,0.001404989,-0.031581709,0.537591189,0.495275885,0.466075614,0.498468667,-0.097846821,-1.495414615,-1.737028182,-3.937500238,-47.66250229,26.86875153,209.4112322,,,,88.5312678875,24.3732824125,Bump,,-1.953141481,8.472386837,-0.156131679,-14.36250019,-63.13125229,11.56875038,-0.02480111,0.003543016,-0.030665412,-1.953141481,8.472386837,-0.156131679,20.21421842336044,32,83,18,21
3.37,-2.684028029,-1.31362009,-0.297661796,0.731906921,9.779046535,0.070375029,-0.003512473,-0.035002552,-0.043310313,0.537033528,0.494998008,0.466540545,0.498910636,-0.09585822,-1.495748103,-1.733294308,-3.975000143,-46.57500076,28.74375153,211.680801,,,,88.5312678,24.3732824,Bump,,-1.820459461,8.617511368,-0.170847538,-14.40000057,-62.06250381,13.44375038,-0.010995566,-0.032864525,-0.042394016,-1.820459461,8.617511368,-0.170847538,20.2081463143752,32,83,18,21
3.38,-2.442111373,-1.360383511,-0.006402537,0.726355672,9.779448032,0.072011575,0.025350888,-0.013286309,-0.012522728,0.536523074,0.494726121,0.467131898,0.49917613,-0.098820314,-1.496296346,-1.734614491,-4.481250286,-48.20625305,24.54375076,206.9824825,,,,88.5312677125,24.3732823875,Bump,,-1.846301961,8.575876427,0.422572476,-14.92500019,-63.67500305,9.243750572,0.017867795,-0.011148282,-0.011606431,-1.846301961,8.575876427,0.422572476,20.19896695316349,32,83,18,21
3.39,-2.702283263,-1.108830929,0.556215554,0.721320629,9.779815674,0.072688662,-0.016829325,0.007024945,-0.033902994,0.536041796,0.494500488,0.467645317,0.499435991,-0.100431897,-1.496802449,-1.734743536,-1.837500095,-50.02500153,24.16875076,205.7867413,0.063415527,996.4735107,,88.531267625,24.373282375,Bump,,-1.97826606,8.776873589,0.493519668,-12.26250076,-65.51250458,8.868750572,-0.024312418,0.009162972,-0.032986698,-1.97826606,8.776873589,0.493519668,20.18391336642604,32,83,18,21
3.4,-2.697966456,-1.09375906,-0.027841244,0.720666528,9.779886246,0.069613736,-0.034055711,0.00055,-0.076541357,0.535580456,0.494249061,0.467946663,0.499897286,-0.096297473,-1.496899247,-1.729131341,-4.293750286,-49.65000153,25.93125153,207.5772091,,,,88.5312675375,24.3732823625,Bump,,-1.92430799,8.888379097,-0.101934243,-14.73750019,-65.11875153,10.63125038,-0.041538805,0.002687804,-0.07562506,-1.92430799,8.888379097,-0.101934243,20.199664635004677,32,83,18,21
3.41,-2.25880456,-1.089997292,-0.224204004,0.718743503,9.780026913,0.069790963,0.014508039,-0.011911863,-0.049327331,0.535160482,0.493945524,0.468371734,0.500248909,-0.096798316,-1.49709326,-1.728130102,-5.006250381,-50.38125229,26.94375038,208.1377446,,,,88.53126745,24.37328235,Bump,,-1.459621811,8.85105114,0.007178474,-15.45000076,-65.8500061,11.64375019,0.007024945,-0.009773837,-0.048411034,-1.459621811,8.85105114,0.007178474,20.19893887083122,32,83,18,21
3.42,-2.358897686,-0.796134949,0.297364056,0.716164768,9.780204773,0.071295694,0.008949169,-0.005925388,-0.035491244,0.534879148,0.493741453,0.468727142,0.500418365,-0.099225432,-1.497340918,-1.72954607,-0.881250024,-49.44375229,27.37500191,208.9715219,,,,88.53126736249999,24.3732823375,Bump,,-1.825723678,8.903692961,0.375074945,-11.32500076,-64.9125061,12.07500076,0.001466075,-0.003787362,-0.034574946,-1.825723678,8.903692961,0.375074945,20.1869280747964,32,83,18,21
3.43,-2.593528509,-1.055962563,0.165682368,0.715564728,9.780255318,0.070445675,-0.019150611,-0.007024945,-0.076541357,0.534560621,0.493514478,0.468998715,0.500728011,-0.098131377,-1.497409582,-1.727323174,-3.637500048,-50.40000153,25.40625191,206.7523205,0.052841187,996.4747925,,88.53126727499999,24.373282325,Bump,,-1.962593126,8.678289223,-0.099541423,-14.08125019,-65.88750458,10.10625076,-0.026633704,-0.004886918,-0.075625061,-1.962593126,8.678289223,-0.099541423,20.19735406596952,32,83,18,21
3.44,-2.619385481,-1.156996727,-0.26971294,0.714472592,9.780348301,0.068484638,-0.010231985,-0.027947064,-0.048869182,0.53405565,0.493191198,0.469397977,0.501211077,-0.095561285,-1.497541845,-1.723041117,-4.725000381,-48.73125076,27.82500076,209.7258851,,,,88.53126718749999,24.3732823125,Bump,,-1.696989822,8.903693199,-0.070348983,-15.16875076,-64.20000458,12.52500057,-0.017715078,-0.025809037,-0.047952886,-1.696989822,8.903693199,-0.070348983,20.195940189375893,32,83,18,21
3.45,-2.445030451,-0.949877739,0.066611096,0.68648383,9.78235054,0.068222903,-0.003756818,-0.01423315,-0.027427828,0.531850129,0.492558733,0.471576452,0.502131283,-0.099090192,-1.500391245,-1.720624745,-4.368750095,-45.63750076,30.76875114,213.9878042,,,1.846574187,88.5312671,24.3732823,Bump,,-1.89092809,9.025128603,0.406181648,-14.81250095,-61.10625076,15.46875095,-0.011239912,-0.012095123,-0.026511532,-1.89092809,9.025128603,0.406181648,20.204634003922088,32,83,18,21
3.46,-2.584542394,-0.691099167,0.337043017,0.651207387,9.78473568,0.072086301,-0.01951713,0.011056652,-0.076052664,0.529107332,0.491582155,0.474493489,0.503236741,-0.110276416,-1.503936291,-1.724059403,-1.668750048,-48.15000153,27.43125153,209.6703407,,,,88.531266875,24.37328229047619,Bump,,-2.003749704,9.093204498,0.197647153,-12.11250019,-63.61875153,12.13125038,-0.027000223,0.013194679,-0.075136368,-2.003749704,9.093204498,0.197647153,20.205403746034705,32,83,18,21
3.47,-2.670984507,-0.801045895,-0.236846283,0.617836714,9.786914825,0.069914654,-0.00641408,-0.017104214,-0.096974783,0.52616021,0.490595058,0.477299735,0.504634142,-0.112676069,-1.507349551,-1.718313277,-4.181250095,-48.56250381,25.74375153,207.9287702,0.08984375,996.4705811,,88.53126664999999,24.37328228095238,Bump,,-1.94632194,9.03816967,-0.282353073,-14.60625076,-64.03125,10.44375038,-0.013897174,-0.014966187,-0.096058488,-1.94632194,9.03816967,-0.282353073,20.18181216039088,32,83,18,21
3.48,-2.400254607,-0.956432343,-0.258615442,0.584273696,9.788999557,0.066458791,0.017501276,-0.022418737,-0.059559316,0.523298413,0.48974891,0.479953989,0.50591293,-0.113278423,-1.510796726,-1.711268663,-4.181250095,-48.56250381,25.74375153,207.9287702,,,,88.531266425,24.37328227142857,Bump,,-1.835893154,8.920443058,0.005383851,-14.60625076,-64.03125,10.44375038,0.010018182,-0.020280711,-0.05864302,-1.835893154,8.920443058,0.005383851,20.194984504585054,32,83,18,21
3.49,-2.515186548,-0.646207809,0.324058801,0.557340562,9.790561676,0.068183772,-0.013744457,-0.012522728,-0.04535671,0.521197736,0.489026755,0.48211655,0.506724179,-0.121731445,-1.513507485,-1.713920236,-1.537500024,-46.85625076,27.46875191,210.3803041,,,,88.53126619999999,24.37328226190476,Bump,,-1.943450546,9.099426079,0.344087903,-11.98125076,-62.32500076,12.16875076,-0.021227551,-0.010384702,-0.044440412,-1.943450546,9.099426079,0.344087903,20.20503439662857,32,83,18,21
3.5,-2.532203674,-0.814044952,0.112578291,0.533409804,9.791888237,0.068696424,-0.017928882,0.019853105,-0.100120738,0.51919961,0.488302216,0.484111682,0.507570207,-0.128091007,-1.515927017,-1.714713454,-1.537500024,-46.85625076,27.46875191,210.3803041,,,,88.531265975,24.373282252380957,Bump,,-2.176870406,8.909675121,-0.238684059,-11.98125076,-62.32500076,12.16875076,-0.025411975,0.021991132,-0.09920444,-2.176870406,8.909675121,-0.238684059,20.200125450343204,32,83,18,21
3.51,-2.52983582,-0.808784962,-0.503567263,0.502742127,9.793553829,0.062343344,0.007116575,-0.014355323,-0.108550671,0.516253799,0.487344295,0.486685157,0.509032518,-0.123340152,-1.519114614,-1.702019691,-5.475000381,-48.73125076,27.84375191,209.7425084,0.121551514,996.4666138,,88.53126574999999,24.373282242857144,Bump,,-1.797009802,8.973563385,-0.52115677,-15.91875076,-64.20000458,12.54375076,-0.000367,-0.012217296,-0.107634374,-1.797009802,8.973563385,-0.52115677,20.214259593647533,32,83,18,21
3.52,-2.200091243,-0.781109333,-0.350532562,0.473790228,9.795033455,0.056315305,0.014966187,-0.031306821,-0.061850059,0.51356414,0.486519858,0.489020869,0.510301799,-0.118327711,-1.522123039,-1.689884365,-6.206250191,-49.51875305,27.20625114,208.7849697,,,,88.531265525,24.37328223333333,Bump,,-1.690289903,9.069276428,0.058863436,-16.65000153,-65.0062561,11.90625,0.007483094,-0.029168793,-0.060933762,-1.690289903,9.069276428,0.058863436,20.20634774526476,32,83,18,21
3.53,-2.229802489,-0.610920429,0.231759556,0.443245783,9.796453476,0.057950376,-0.009132429,-0.010567961,-0.055771954,0.511082053,0.485581607,0.491539136,0.511266917,-0.130079657,-1.525195241,-1.694730818,-2.34375,-48.41250229,26.98125076,209.1317937,,,,88.53126529999999,24.373282223809525,Bump,,-2.012363881,9.116654158,0.297906417,-12.76875019,-63.90000153,11.68125057,-0.016615522,-0.008429934,-0.054855657,-2.012363881,9.116654158,0.297906417,20.186517377083256,32,83,18,21
3.54,-2.432242513,-0.506403923,0.02465174,0.411560401,9.79783392,0.058385687,-0.014630211,0.001649335,-0.089125171,0.508370429,0.484528184,0.494214788,0.512389243,-0.14094732,-1.528396249,-1.698035538,-6.056250095,-48.60000229,29.10000038,210.9117159,,,,88.531265075,24.373282214285712,Bump,,-2.012363887,9.282237625,-0.052642098,-16.48125076,-64.08750153,13.80000019,-0.022113305,0.003787362,-0.088208874,-2.012363887,9.282237625,-0.052642098,20.18282274989601,32,83,18,21
3.55,-2.427780747,-0.401083469,-0.291068107,0.381477445,9.799070835,0.054938532,0.004123337,-0.013591741,-0.09834923,0.505575269,0.483498722,0.496768132,0.513656497,-0.143050924,-1.531484306,-1.692491829,-4.200000286,-48.24375153,28.50000191,210.5724753,0.132110596,996.4655151,,88.53126485,24.373282204761903,Bump,,-2.002313948,9.319087029,-0.263689059,-14.64375019,-63.71250153,13.20000076,-0.003359756,-0.011453715,-0.097432932,-2.002313948,9.319087029,-0.263689059,20.20569677112825,32,83,18,21
3.56,-2.296611309,-0.76433754,-0.374791414,0.360582024,9.799877167,0.052553307,0.023609924,-0.004459313,-0.103785926,0.50360167,0.482746214,0.498569459,0.514558017,-0.144727185,-1.533630252,-1.688738465,-3.487500191,-46.44375229,30.00000191,212.8601429,,,,88.53126462499999,24.37328219523809,Bump,,-1.973480463,9.276375532,-0.113659075,-13.91250038,-61.93125153,14.70000076,0.01612683,-0.002321286,-0.102869628,-1.973480463,9.276375532,-0.113659075,20.181060452421665,32,83,18,21
3.57,-2.380488992,-0.558366299,-0.124796651,0.339293614,9.800637722,0.051924717,0.003940078,-0.011300998,-0.105252001,0.501602232,0.481892586,0.500479624,0.515454918,-0.15190348,-1.535787344,-1.690252125,-5.925000191,-46.80000305,28.55625153,211.3905513,,,,88.5312644,24.373282185714285,Bump,,-1.907079625,9.150153732,-0.061734824,-16.36875153,-62.28750229,13.25625038,-0.003543016,-0.009162972,-0.104335704,-1.907079625,9.150153732,-0.061734824,20.20343102325094,32,83,18,21
3.58,-2.143104434,-0.557430267,-0.105597563,0.313129365,9.801522255,0.049514215,-0.009010256,0.00442877,-0.103083432,0.499118119,0.480893701,0.50276804,0.516571194,-0.156846248,-1.53846246,-1.688307822,-6.506250381,-46.78125,30.73125076,213.3014658,,,,88.53126417499999,24.373282176190475,Bump,,-1.732882142,9.39326458,0.011006985,-16.95000076,-62.26875305,15.43125057,-0.016493349,0.006566796,-0.102167133,-1.732882142,9.39326458,0.011006985,20.217609209657,32,83,18,21
3.59,-1.934196413,-0.134922028,-0.012422871,0.28988491,9.802248955,0.047275737,-0.014630212,0.00103847,-0.098899007,0.496876776,0.479970559,0.504824638,0.517583936,-0.16170042,-1.540839553,-1.686925173,-4.050000191,-49.10625076,28.25625038,209.9165729,0.124191284,996.4663086,,88.53126395,24.373282166666662,Bump,,-1.650449395,9.446863651,-0.062811594,-14.49375057,-64.57500458,12.95625019,-0.022113305,0.003176497,-0.097982711,-1.650449395,9.446863651,-0.062811594,20.203018967115035,32,83,18,21
3.6,-1.928818166,-0.200221539,-0.124078877,0.268651709,9.802857876,0.046482461,0.014813471,-0.014844014,-0.106107214,0.494748965,0.478977963,0.50683558,0.51857543,-0.171400607,-1.542990506,-1.690502048,-2.606250048,-46.21875,29.55000114,212.592853,,,,88.53126372499999,24.373282157142857,Bump,,-1.730010748,9.575119209,-0.039242291,-13.05000019,-61.68750381,14.25000095,0.007330377,-0.012705988,-0.105190915,-1.730010748,9.575119209,-0.039242291,20.19552679704826,32,83,18,21
3.61,-2.049090028,-0.206095219,-0.052847616,0.244277656,9.803491592,0.047059445,0.013591741,-0.027641631,-0.089644406,0.492439225,0.477883384,0.509089738,0.519574732,-0.190449782,-1.545425892,-1.702890694,-5.53125,-46.29375076,29.36250114,212.3855221,,,,88.5312635,24.373282147619047,Bump,,-1.868315935,9.367422104,-0.006221339,-15.97500038,-61.76250076,14.06250095,0.006108648,-0.025503605,-0.088728111,-1.868315935,9.367422104,-0.006221339,20.205731528737694,32,83,18,21
3.62,-2.190232992,-0.249364376,-0.002779627,0.218300231,9.804105759,0.046789004,-0.000336,0.000305,-0.098410316,0.490033552,0.476808548,0.511393189,0.520573616,-0.211282805,-1.548029423,-1.716939449,-4.293750286,-50.36250305,26.30625153,207.579778,,,,88.531263275,24.37328213809524,Bump,,-2.033899248,9.590433121,0.047856453,-14.73750019,-65.83125305,11.00625038,-0.007819069,0.002443459,-0.097494018,-2.033899248,9.590433121,0.047856453,20.198330115619655,32,83,18,21
3.63,-2.317439318,-0.338790894,-0.206081644,0.199437097,9.804519653,0.044784628,-0.002748891,0.00641408,-0.133473955,0.488125652,0.475958765,0.513122559,0.521442056,-0.220888838,-1.549947977,-1.721184969,-2.043750048,-48.16875076,28.72500038,210.8093562,0.134765625,996.4651489,,88.53126304999999,24.37328212857143,Bump,,-2.007578206,9.357372093,-0.28809585,-12.46875095,-63.65625381,13.42500019,-0.010231985,0.008552107,-0.132557655,-2.007578206,9.357372093,-0.28809585,20.20182467157264,32,83,18,21
3.64,-2.144168735,-0.277302265,-0.309395924,0.183049604,9.804852962,0.041362477,0.012247839,-0.019608759,-0.133718301,0.486277178,0.475116208,0.514714748,0.522366703,-0.222334959,-1.551660061,-1.717421234,-4.556250095,-49.36875153,27.80625153,209.3897716,,,,88.531262825,24.37328211904762,Bump,,-1.77403872,9.43968544,-0.055034921,-15.00000095,-64.85625458,12.50625038,0.004764745,-0.017470733,-0.132802004,-1.77403872,9.43968544,-0.055034921,20.21765859235106,32,83,18,21
3.65,-1.847249746,-0.294182777,0.019218359,0.162605703,9.80521059,0.042029401,0.016890411,-0.007391464,-0.109039363,0.484168291,0.473994806,0.51675722,0.523327231,-0.253275536,-1.553668499,-1.74212271,-6.243750095,-47.73750305,28.70625114,211.0199834,,,,88.53126259999999,24.37328210952381,Bump,,-1.77009055,9.332606554,0.307477705,-16.6875,-63.20625305,13.40625095,0.009407317,-0.005253437,-0.108123066,-1.77009055,9.332606554,0.307477705,20.19544410551203,32,83,18,21
3.66,-1.951036453,-0.097577572,0.341265053,0.140824154,9.80552721,0.046431957,-0.015882484,-0.010690134,-0.097738365,0.482176721,0.472849682,0.518876463,0.524104327,-0.319108441,-1.555671394,-1.801919818,-4.818750381,-45.67500305,29.25000191,212.6352586,,,,88.531262375,24.3732821,Bump,,-1.851566172,9.489934731,0.172761793,-15.26250076,-61.14375305,13.95000076,-0.023365578,-0.008552107,-0.096822068,-1.851566172,9.489934731,0.172761793,20.218447622552954,32,83,18,21
3.67,-2.04658711,-0.251529694,-0.155806206,0.119408365,9.805812359,0.04629319,0.004673116,0.012156209,-0.125044021,0.480025873,0.471761957,0.520914763,0.525036097,-0.370267749,-1.557736754,-1.846866965,-4.556250095,-47.94375229,29.10000038,211.2561288,0.118911743,996.4671021,,88.53126214999999,24.37328209047619,Bump,,-2.045265198,9.58744216,-0.238684054,-15.00000095,-63.43125153,13.80000019,-0.002809978,0.014294236,-0.124127723,-2.045265198,9.58744216,-0.238684054,20.21621402567824,32,83,18,21
3.68,-2.04465884,-0.274245739,-0.38716127,0.099093709,9.806056499,0.042647969,0.026175556,-0.004581486,-0.149722955,0.477664933,0.470592305,0.522962958,0.526201755,-0.40670976,-1.559794903,-1.876554608,-5.15625,-48.09375381,28.50000191,210.6506676,,,,88.531261925,24.373282080952382,Bump,,-1.81950233,9.393743134,-0.267996135,-15.60000038,-63.56250381,13.20000076,0.018692462,-0.002443459,-0.148806661,-1.81950233,9.393743134,-0.267996135,20.18783164539157,32,83,18,21
3.69,-1.742354989,-0.260330677,0.039749064,0.084265038,9.806192875,0.043123575,0.019700389,-0.00763581,-0.151341747,0.475810349,0.469436198,0.524721891,0.52716279,-0.473733157,-1.561139286,-1.937840402,-6.0,-47.19375229,31.05000114,213.3419613,,,,88.53126169999999,24.373282071428573,Bump,,-1.575912976,9.484191704,0.203389928,-16.44375038,-62.66250229,15.75000095,0.012217295,-0.005497783,-0.150425453,-1.575912976,9.484191704,0.203389928,20.182774452035005,32,83,18,21
3.7,-1.579802155,-0.321866035,0.197512388,0.073298343,9.806266785,0.046212804,0.00772744,-0.010690134,-0.113804109,0.474624336,0.468616456,0.525986135,0.527701557,-0.562522411,-1.561953187,-2.022815466,-2.400000095,-49.51875305,29.85000038,211.0816542,,,,88.531261475,24.373282061904764,Bump,,-1.484148234,9.239286423,0.122033954,-12.84375095,-65.0062561,14.55000019,0.000244,-0.008552107,-0.11288781,-1.484148234,9.239286423,0.122033954,20.184031120055096,32,83,18,21
3.71,-1.667840183,-0.305962086,0.040500386,0.059727326,9.806350708,0.047733484,0.008704823,-0.020463971,-0.087903441,0.473324716,0.467889369,0.527289271,0.528212696,-0.676809311,-1.562995076,-2.133254886,-5.287500381,-48.24375153,27.88125038,210.0246735,0.097763062,996.4697266,,88.53126125,24.37328205238095,Bump,,-1.96546452,9.445906639,0.013399807,-15.73125076,-63.71250153,12.58125019,0.00122173,-0.018325944,-0.086987144,-1.96546452,9.445906639,0.013399807,20.180728873026062,32,83,18,21
3.72,-2.028238952,-0.180025578,-0.051699558,0.036489539,9.806463242,0.048071003,0.009468404,-0.003817905,-0.115911594,0.471071243,0.466731831,0.529434234,0.529104918,-0.92479673,-1.564622164,-2.374783158,-9.28125,-49.74375153,26.40000153,207.9557843,,,,88.53126102499999,24.37328204285714,Bump,,-1.992742729,9.634461021,0.107198456,-19.70625114,-65.21250153,11.10000038,0.001985311,-0.001679878,-0.114995293,-1.992742729,9.634461021,0.107198456,20.183777718430235,32,83,18,21
3.73,-2.000874221,0.122954845,0.178025704,0.017470571,9.80650425,0.050481388,0.005528326,0.00103847,-0.152288592,0.469033599,0.465468943,0.53145799,0.529998094,-1.237798154,-1.565337181,-2.68155694,-4.650000095,-48.99375153,25.31250191,207.323027,,,,88.5312608,24.37328203333333,Bump,,-1.752742589,9.762716293,0.260817666,-15.09375095,-64.46250153,10.01250076,-0.001954767,0.003176497,-0.151372293,-1.752742589,9.762716293,0.260817666,20.20732027093665,32,83,18,21
3.74,-1.574954033,0.003483772,0.166968353,0.00679372,9.806490898,0.055384668,0.017379103,0.014599668,-0.169881493,0.467595324,0.464268491,0.533017993,0.530754983,-1.448165476,-1.565107822,-2.886955261,-6.318750381,-49.27500153,25.51875114,207.3789311,,,,88.53126057499999,24.373282023809523,Bump,,-1.570648789,9.736395454,0.217746857,-16.76250076,-64.76250458,10.21875,0.009896009,0.016737695,-0.168965197,-1.570648789,9.736395454,0.217746857,20.182847545938408,32,83,18,21
3.75,-1.310416996,0.01818943,0.087066233,-0.003288417,9.806475639,0.058274865,0.007483093,-0.003512472,-0.129350618,0.466239437,0.463228315,0.534403503,0.531463146,-1.627009034,-1.564846158,-3.06129992,-6.956250191,-48.60000229,27.07500076,209.1221251,0.113616943,996.4676514,,88.53126035,24.373282014285717,Bump,,-1.109791136,9.768937683,0.116291179,-17.40000153,-64.0687561,11.77500057,5.82e-11,-0.001374446,-0.128434321,-1.109791136,9.768937683,0.116291179,20.19275902521175,32,83,18,21
3.76,-1.23724544,0.151423931,-0.042490786,-0.012942834,9.806466579,0.058611015,0.002840521,0.011056652,-0.094012089,0.465086058,0.462508053,0.535486758,0.532010257,-1.78809458,-1.564663589,3.064313531,-1.725000024,-49.63125229,25.89375114,207.5520718,,,,88.53126012499999,24.373282004761904,Bump,,-1.30289194,9.95593667,-0.05383851,-12.16875076,-65.1000061,10.59375,-0.004642572,0.013194679,-0.093095793,-1.30289194,9.95593667,-0.05383851,20.213795012438776,32,83,18,21
3.77,-1.449663162,0.277431488,-0.25299105,-0.019795666,9.806462288,0.057552319,0.026175556,0.00763581,-0.15363249,0.464035839,0.461833477,0.536394536,0.532598794,-1.902068377,-1.56459105,2.953565121,-5.4375,-50.75625229,24.60000038,205.8580466,,,,88.5312599,24.37328199523809,Bump,,-1.558684683,9.609575844,-0.342652199,-15.88125038,-66.24375153,9.300000191,0.018692462,0.009773836,-0.152716196,-1.558684683,9.609575844,-0.342652199,20.180930877429432,32,83,18,21
3.78,-1.488389194,-0.063480377,-0.396559179,-0.025174198,9.806462288,0.055135634,0.039095345,-0.013133593,-0.174401894,0.462843746,0.461019531,0.537349373,0.533377886,-1.999006033,-1.56461525,2.860379696,-6.956250191,-48.60000229,27.07500076,209.1221251,,,,88.53125967499999,24.37328198571429,Bump,,-1.034656513,9.71198864,-0.198125713,-17.40000153,-64.0687561,11.77500057,0.031612252,-0.010995566,-0.173485596,-1.034656513,9.71198864,-0.198125713,20.21257873930356,32,83,18,21
3.79,-0.791461647,0.187642574,-0.176516928,-0.028220208,9.806467533,0.052800173,-0.001069013,0.008613194,-0.100365084,0.461874157,0.460314661,0.538097769,0.534072489,-2.061672568,-1.564692855,2.800845146,-5.400000095,-50.79375076,27.28125191,208.2401827,0.103057861,996.4688721,,88.53125945,24.37328197619048,Bump,,-0.883549735,10.04267669,-0.159720913,-15.84375095,-66.26250458,11.98125076,-0.008552107,0.01075122,-0.099448785,-0.883549735,10.04267669,-0.159720913,20.19127419099093,32,83,18,21
3.8,-0.862502724,0.61467886,-0.376773417,-0.034277888,9.806479454,0.046671072,-0.015118903,0.002596176,-0.067042409,0.460858315,0.459913343,0.538727552,0.534660488,-2.204776406,-1.564886987,2.660370708,-7.125000477,-48.54375076,24.50625038,206.7859282,,,,88.531259225,24.373281966666667,Bump,,-0.996371365,10.08622608,-0.633140874,-17.55000114,-64.03125,9.206250191,-0.022601996,0.004734202,-0.066126112,-0.996371365,10.08622608,-0.633140874,20.184726593104863,32,83,18,21
3.81,-1.079049706,0.535489082,-0.616117761,-0.037401631,9.806499481,0.03943192,0.04327977,0.000183,-0.148134708,0.459674209,0.459265426,0.539427578,0.53553015,-2.32982409,-1.565250695,2.53874588,-4.762500286,-49.06875229,26.34375191,208.230208,,,,88.53125899999999,24.373281957142854,Bump,,-1.173679471,10.54935694,-0.257826641,-15.20625019,-64.55625153,11.04375076,0.035796676,0.002321286,-0.147218412,-1.173679471,10.54935694,-0.257826641,20.20786948661457,32,83,18,21
3.82,-0.468793169,1.022376537,0.131658599,-0.035016075,9.806503296,0.040558215,0.013469569,-0.003604102,-0.137750009,0.459086046,0.458498925,0.539966702,0.536147982,-2.281697273,-1.565321803,2.58939147,-6.243750095,-48.73125076,27.84375191,209.7425084,,,,88.531258775,24.37328194761905,Bump,,-0.184725912,10.73276653,0.277088854,-16.66875076,-64.21875,12.54375076,0.005986475,-0.001466076,-0.136833708,-0.184725912,10.73276653,0.277088854,20.205157713871195,32,83,18,21
3.83,-0.281500161,0.918942451,0.110130839,-0.028373572,9.806507111,0.044827152,0.010537417,0.02809978,-0.083841192,0.459316611,0.458184227,0.539920211,0.536266357,-2.135202527,-1.565381169,2.736040235,-4.856250286,-48.45000076,29.70000076,211.5084264,0.055496216,996.4747314,,88.53125854999999,24.37328193809524,Bump,,-0.44602215,10.66433182,-0.027278182,-15.30000019,-63.93750381,14.40000057,0.003054324,0.030237806,-0.082924895,-0.44602215,10.66433182,-0.027278182,20.21509888054108,32,83,18,21
3.84,-0.692501545,0.225168228,-0.554921985,-0.026506826,9.80651474,0.044155519,0.047067131,0.021563527,-0.116980606,0.459012836,0.457827806,0.54013437,0.536615074,-2.111428976,-1.565537333,2.76102829,-6.843750477,-48.73125076,27.86250114,209.7591246,,,,88.531258325,24.37328192857143,Bump,,-0.58384873,10.4697957,-0.510867625,-17.26875114,-64.21875,12.56250095,0.039584038,0.023701554,-0.116064306,-0.58384873,10.4697957,-0.510867625,20.209402841752155,32,83,18,21
3.85,-0.590048075,0.9290061,-0.458645582,-0.023626097,9.806542397,0.039682766,0.005406154,-0.023273948,-0.112704553,0.458532542,0.457455948,0.540313452,0.537162215,-2.108127594,-1.566083431,2.765925765,-8.737500191,-46.76250076,28.83750153,211.6613068,,,,88.53125809999999,24.37328191904762,Bump,,-0.260339108,11.02086239,-0.252682066,-19.18125153,-62.23125076,13.53750038,-0.002076941,-0.021135921,-0.111788253,-0.260339108,11.02086239,-0.252682066,20.212139237215396,32,83,18,21
3.86,0.006128943,1.26718092,-0.215516314,-0.018680674,9.806559563,0.03771016,0.0160352,0.008246675,-0.056810423,0.458410189,0.457210004,0.540288329,0.537501305,-2.030694008,-1.566511631,2.844054937,-2.362500191,-50.62500381,26.43750191,207.5745639,,,,88.531257875,24.37328190952381,Bump,,-0.047377889,10.90504971,0.020578279,-12.80625057,-66.11250305,11.13750076,0.008552107,0.010384702,-0.055894127,-0.047377889,10.90504971,0.020578279,20.19128138290285,32,83,18,21
3.87,-0.25534368,1.369434834,0.204655686,-0.011759947,9.806556702,0.041072581,0.030940301,-0.003481929,-0.078984816,0.458672702,0.456964716,0.540169269,0.537605584,-1.850404382,-1.566436291,3.024311185,-6.825000286,-50.10000229,28.21875191,209.3903218,0.015853882,996.479126,,88.53125764999999,24.3732819,Bump,,-0.633499794,10.87597704,0.290727951,-17.26875114,-65.58750153,12.91875076,0.023457207,-0.001343902,-0.078068519,-0.633499794,10.87597704,0.290727951,20.18709758175119,32,83,18,21
3.88,-0.503549427,1.003038406,0.108811248,-0.003267384,9.806546688,0.045039831,0.032039858,-0.005925388,-0.088758653,0.458874911,0.456551999,0.540117443,0.537835687,-1.64392668,-1.566190541,-3.05201757,-4.931250095,-50.34375381,25.66875076,207.0156531,,,,88.53125742499999,24.37328189047619,Bump,,-0.392901486,10.88877869,0.089013006,-15.37500095,-65.83125305,10.36875057,0.024556764,-0.003787362,-0.087842354,-0.392901486,10.88877869,0.089013006,20.210024590065636,32,83,18,21
3.89,-0.383326992,1.411439419,-0.090866137,-0.000965,9.80654192,0.046101268,0.002290743,0.008552107,-0.013744457,0.458926976,0.456438139,0.540105015,0.537900388,-1.591827393,-1.566087544,-2.999801278,-5.231250286,-47.47500229,31.83750153,213.8464421,,,,88.5312572,24.37328188095238,Bump,,-0.514456865,11.13141098,-0.160797682,-15.67500019,-62.96250153,16.53750038,-0.00519235,0.010690133,-0.01282816,-0.514456865,11.13141098,-0.160797682,20.21227338957069,32,83,18,21
3.9,-0.665633798,1.220669746,-0.246497005,0.00235396,9.806534767,0.047628589,0.031551166,0.009346231,-0.080206544,0.459014863,0.456287056,0.540076017,0.537982702,-1.521408677,-1.565937996,-2.929268122,-3.075000048,-48.71250153,27.80625153,209.7187498,,,,88.53125697499999,24.37328187142857,Bump,,-0.808774054,11.00877881,0.151346031,-13.51875019,-64.20000458,12.50625038,0.024068072,0.011484257,-0.079290248,-0.808774054,11.00877881,0.151346031,20.219620205680027,32,83,18,21
3.91,-0.653706819,1.130160809,0.165084615,0.011521937,9.806507111,0.051445045,0.042607818,0.025961754,-0.134542968,0.459279224,0.455913618,0.539958596,0.538191438,-1.35267818,-1.565412521,-2.760336399,-7.593750477,-49.44375229,26.19375038,207.9132407,-0.002639771,996.4815674,,88.53125675,24.37328186190476,Bump,,-0.008614161,11.00554848,0.422093922,-18.03750038,-64.93125153,10.89375019,0.035124725,0.02809978,-0.133626666,-0.008614161,11.00554848,0.422093922,20.196504707076457,32,83,18,21
3.92,0.11407261,1.412825584,0.348771721,0.019042392,9.806485653,0.053430285,-0.011087196,0.001649335,-0.018020512,0.459553793,0.455728248,0.539759994,0.538313299,-1.228429615,-1.565008819,-2.636254907,-5.700000286,-48.03750229,28.74375153,210.8946424,,,,88.53125652499999,24.373281852380952,Bump,,0.279960252,11.29292655,0.008973086,-16.14375114,-63.52500153,13.44375038,-0.018570289,0.003787362,-0.017104213,0.279960252,11.29292655,0.008973086,20.194880723431712,32,83,18,21
3.93,0.046378016,1.237708092,-0.343170241,0.015410829,9.806489944,0.053827161,0.026267185,-0.001527162,0.045814859,0.459486023,0.455808148,0.539864063,0.538199157,-1.291730642,-1.565086663,-2.699576616,-3.787500143,-48.22500229,27.86250114,210.017625,,,,88.5312563,24.373281842857143,Bump,,-0.457507694,10.83900814,-0.265603315,-14.23125076,-63.71250153,12.56250095,0.018784092,0.000611,0.046731156,-0.457507694,10.83900814,-0.265603315,20.21105651842968,32,83,18,21
3.94,-0.870130479,1.008524418,0.093986258,0.015943922,9.806454182,0.059824927,0.062949615,-0.037446011,-0.040255989,0.45947659,0.455443501,0.54014653,0.538232446,-1.310765505,-1.564480007,-2.717918992,-7.256250381,-47.40000153,30.20625114,212.5078406,,,,88.53125607499999,24.373281833333333,Bump,,-0.844068184,10.68993521,0.547956385,-17.70000076,-62.86875153,14.90625095,0.055466522,-0.035307985,-0.039339691,-0.844068184,10.68993521,0.547956385,20.19363214161012,32,83,18,21
3.95,-0.416902259,1.511847973,0.869927853,0.017350593,9.806441784,0.061534552,-0.020983205,-0.006658426,-0.014355323,0.459459245,0.455266193,0.540229648,0.538313866,-1.296218693,-1.564282775,-2.703010559,-6.806250095,-47.17500305,30.41250038,212.8088255,-0.058120728,996.4879761,,88.53125585,24.373281823809524,Bump,,-0.331645218,11.45827045,0.816431069,-17.23125076,-62.66250229,15.11250019,-0.028466299,-0.004520399,-0.013439025,-0.331645218,11.45827045,0.816431069,20.21723029302414,32,83,18,21
3.96,-0.437121004,1.449199677,0.185232565,0.011226828,9.806460381,0.059943542,-0.012217296,0.014660755,0.077121679,0.459251195,0.455431134,0.540379584,0.538201392,-1.385661244,-1.564581513,-2.792372942,-5.90625,-48.24375153,27.90000153,210.0413645,,,,88.531255625,24.373281814285715,Bump,,-0.719761044,11.03234825,-0.289531539,-16.33125114,-63.71250153,12.60000038,-0.019700389,0.016798781,0.078037975,-0.719761044,11.03234825,-0.289531539,20.21433651007372,32,83,18,21
3.97,-0.898694694,1.238963604,-0.384936467,0.007624764,9.806441307,0.06348436,0.070035648,0.0171653,-0.02669479,0.459235072,0.455388144,0.540585697,0.538044512,-1.451224208,-1.564275026,-2.857826471,-8.418750763,-48.97500229,28.95000076,210.5880938,,,,88.53125539999999,24.373281804761906,Bump,,-1.333998621,10.95613647,0.127417805,-18.86250114,-64.46250153,13.65000057,0.062552554,0.019303327,-0.025778494,-1.333998621,10.95613647,0.127417805,20.197159761095,32,83,18,21
3.98,-1.083928674,1.083714008,0.335096788,0.016282552,9.806386948,0.069904383,0.025198172,0.014477495,-0.137627834,0.459482029,0.454877719,0.540607125,0.53824386,-1.342909038,-1.56347388,-2.749026299,-7.068750381,-50.04375076,28.46250153,209.6291567,,,,88.531255175,24.373281795238096,Bump,,-0.144526484,11.01320534,0.774317396,-17.51250076,-65.53125,13.16250038,0.017715079,0.016615522,-0.136711539,-0.144526484,11.01320534,0.774317396,20.21003484271166,32,83,18,21
3.99,0.294155583,1.18289566,0.578856379,0.022211377,9.806370258,0.070669416,-0.014355322,0.006566796,0.012522727,0.459685698,0.454763085,0.540423959,0.538350731,-1.266301215,-1.563239753,-2.672583938,-4.800000191,-47.17500305,28.98750114,211.5693688,-0.050201416,996.4871826,,88.53125494999999,24.373281785714287,Bump,,0.476171714,10.51693401,0.062691956,-15.24375057,-62.64375305,13.68750095,-0.021838416,0.008704823,0.013439025,0.476171714,10.51693401,0.062691956,20.210181714963387,32,83,18,21
4.0,0.210918343,0.733861446,-0.155414913,0.012589123,9.806372643,0.072725017,0.029962917,-0.02254091,0.119912757,0.459536254,0.454949275,0.540721059,0.538022548,-1.399291933,-1.563263476,-2.805643439,-7.387500286,-46.23750305,28.21875191,211.3957201,,,,88.531254725,24.37328177619048,Bump,,-0.365503659,10.79581761,0.169292206,-17.83125114,-61.72500229,12.91875076,0.022479824,-0.020402883,0.120829053,-0.365503659,10.79581761,0.169292206,20.18412495475344,32,83,18,21
4.01,-0.72807917,0.93755579,0.398919538,0.004015645,9.806355953,0.075902704,0.022754713,-0.035124724,0.048563749,0.459248453,0.454885378,0.541178823,0.537862062,-1.517838299,-1.563037753,-2.923543811,-8.100000381,-49.87500381,27.16875076,208.5787567,,,,88.53125449999999,24.37328176666667,Bump,,-0.820738173,10.74712372,0.600119925,-18.54375076,-65.34375,11.86875057,0.015271619,-0.032986698,0.049480048,-0.820738173,10.74712372,0.600119925,20.216102116267184,32,83,18,21
4.02,-0.884818852,1.102240562,0.382304385,0.001868994,9.806346416,0.077183053,-0.003023781,-0.004214967,-0.005558869,0.459113836,0.45477958,0.541368842,0.537875235,-1.546561062,-1.562923074,-2.951819777,-7.575000286,-49.23750305,28.46250153,210.030725,,,,88.531254275,24.37328175714286,Bump,,-0.881515861,10.77679462,0.123948222,-18.01875114,-64.7250061,13.16250038,-0.010506874,-0.00207694,-0.004642572,-0.881515861,10.77679462,0.123948222,20.200210094897912,32,83,18,21
4.03,-0.953841895,0.516029358,-0.343801409,-0.001373836,9.80631876,0.080643609,0.042668905,-0.005070178,0.008857539,0.458989561,0.454614967,0.541659743,0.537827581,-1.587644994,-1.562568963,-2.992369652,-3.093750238,-48.78750229,28.20000076,210.028638,0.015853882,996.479187,,88.53125404999999,24.37328174761905,Bump,,-1.030708387,10.16411209,-0.225523539,-13.53750038,-64.2562561,12.90000057,0.035185812,-0.002932151,0.009773836,-1.030708387,10.16411209,-0.225523539,20.21305829864431,32,83,18,21
4.04,-1.004788518,0.405241966,0.136078745,-0.003070257,9.80628109,0.085067123,0.054061533,-0.017104214,-0.008093958,0.458931535,0.45439142,0.541927099,0.537796736,-1.606875658,-1.562116385,-3.011072397,-8.006250381,-49.55625153,25.70625114,207.4170665,,,,88.531253825,24.37328173809524,Bump,,-0.802552724,10.1034544,0.66185475,-18.45000076,-65.04375458,10.40625,0.046578439,-0.014966187,-0.007177661,-0.802552724,10.1034544,0.66185475,20.192801984041225,32,83,18,21
4.05,-0.650942326,0.32710743,0.764639199,-0.003257091,9.806265831,0.086771693,-0.012308925,0.009346231,-0.00763581,0.458935261,0.454309702,0.542004406,0.537784666,-1.608323991,-1.561939716,-3.012380242,-8.8125,-50.38125229,26.36250114,207.6212696,,,,88.5312536,24.373281728571428,Bump,,-0.453439891,10.28435183,0.78006018,-19.25625038,-65.86875153,11.0625,-0.019792019,0.011484258,-0.006719512,-0.453439891,10.28435183,0.78006018,20.21582092913985,32,83,18,21
4.06,-0.383176774,0.381014347,0.229228482,-0.007813505,9.806272507,0.085701153,-0.007055488,0.002993238,0.052961976,0.458773687,0.454419017,0.542127043,0.537706554,-1.661667943,-1.562020898,-3.065624118,-5.962500095,-45.71250153,28.36875153,211.8233519,,,,88.53125337499999,24.37328171904762,Bump,,-0.556570542,10.01826973,-0.245503603,-16.40625,-61.20000076,13.06875038,-0.014538582,0.005131264,0.053878273,-0.556570542,10.01826973,-0.245503603,20.195568067149367,32,83,18,21
4.07,-0.939249724,0.189567089,-0.442598507,-0.016449213,9.806237221,0.088491186,0.050549061,-0.05497783,0.061850059,0.458443806,0.45433566,0.542602777,0.537578464,-1.754222572,-1.561620295,-0.015821934,-5.4375,-48.41250229,25.74375153,208.0021843,0.026428223,996.4780273,,88.53125315,24.37328170952381,Bump,,-1.106919742,10.06516914,0.003349951,-15.86250019,-63.90000153,10.44375038,0.043065967,-0.052839804,0.062766355,-1.106919742,10.06516914,0.003349951,20.18043350605921,32,83,18,21
4.08,-1.055831313,0.239661694,0.349332556,-0.021423376,9.806191444,0.092407893,0.028252496,-0.006291907,0.009101885,0.458244786,0.454150498,0.54299137,0.537512243,-1.798604786,-1.561122775,3.082094193,-8.643750191,-50.41875076,24.84375191,206.2316929,,,,88.53125292499999,24.3732817,Bump,,-1.110867888,10.00379348,0.659222648,-19.08750153,-65.88750458,9.543750763,0.020769402,-0.00415388,0.010018183,-1.110867888,10.00379348,0.659222648,20.21621527905677,32,83,18,21
4.09,-0.9945077,0.152002811,0.343470797,-0.021010847,9.806186676,0.093000278,-0.008521564,0.020586143,-0.034391687,0.458199903,0.454053074,0.543053448,0.537570089,-1.792999923,-1.561076522,3.087960839,-3.543750048,-49.98750305,25.08750153,206.6509518,,,,88.5312527,24.37328169047619,Bump,,-0.87960161,9.741659737,0.129690994,-13.96875095,-65.4750061,9.787500381,-0.016004658,0.022724169,-0.03347539,-0.87960161,9.741659737,0.129690994,20.18365146707145,32,83,18,21
4.1,-0.67027843,-0.248429298,-0.349244311,-0.021253259,9.806165695,0.095152937,0.031917684,-0.002748892,-0.015882484,0.458149016,0.453893751,0.543197989,0.537601948,-1.790482998,-1.560849607,3.09086597,-7.031250477,-48.93750381,24.95625114,207.0198387,,,,88.53125247499999,24.37328168095238,Bump,,-0.65467627,9.639246941,-0.162233379,-17.47500038,-64.40625,9.65625,0.024434591,-0.000611,-0.014966187,-0.65467627,9.639246941,-0.162233379,20.192772545503612,32,83,18,21
4.11,-0.441251993,-0.088341713,-0.006614558,-0.025834739,9.8061409,0.096613646,0.017989968,-0.036957319,0.050029827,0.457945317,0.453821123,0.543473661,0.537558258,-1.832093954,-1.560600638,3.049771786,-6.337500095,-51.63750076,24.35625076,205.2522005,0.031707764,996.477417,,88.53125225,24.37328167142857,Bump,,-0.377467766,9.755537748,0.430708073,-16.78125,-67.10625458,9.056250572,0.010506874,-0.034819292,0.050946123,-0.377467766,9.755537748,0.430708073,20.21800247868203,32,83,18,21
4.12,-0.50873436,0.00979805,0.538905025,-0.032053174,9.806120872,0.096657794,-0.025014913,-0.027183482,0.066401,0.45771648,0.453877926,0.543717831,0.537458211,-1.890923262,-1.560406744,2.991251707,-7.012500286,-48.20625305,28.80000114,210.8554837,,,,88.53125202499999,24.373281661904763,Bump,,-0.846102095,10.07904758,0.797288501,-17.4375,-63.67500305,13.50000095,-0.032498006,-0.025045456,0.0673173,-0.846102095,10.07904758,0.797288501,20.2180242858775,32,83,18,21
4.13,-0.909030348,0.174338818,0.495708272,-0.039015425,9.806099892,0.096299272,-0.001527162,0.00763581,0.023518294,0.457418188,0.453921422,0.544007868,0.537381977,-1.95567888,-1.560199618,2.926972985,-6.037500381,-48.26250076,26.36250114,208.6447598,,,,88.53125179999999,24.373281652380957,Bump,,-1.153340542,9.872307396,0.290488666,-16.48125076,-63.75000381,11.0625,-0.009010255,0.009773836,0.024434591,-1.153340542,9.872307396,0.290488666,20.20293751552493,32,83,18,21
4.14,-1.19028765,0.165931702,0.172417112,-0.04106758,9.806069851,0.098471172,0.017989968,-0.008246674,-0.019120068,0.457277879,0.453754798,0.544243008,0.537404031,-1.965924919,-1.559919119,2.917291045,-9.356250763,-49.01250076,26.79375076,208.6641824,,,,88.531251575,24.373281642857144,Bump,,-1.045065299,9.940981627,0.292522572,-19.80000114,-64.48125458,11.49375057,0.010506874,-0.006108648,-0.01820377,-1.045065299,9.940981627,0.292522572,20.205273488486792,32,83,18,21
4.15,-0.805272639,0.004938126,0.231301501,-0.040358525,9.806058884,0.099884093,0.004184424,0.010567961,-0.029749114,0.457241714,0.453606606,0.544333309,0.537468433,-1.95479244,-1.559812665,2.928759217,-5.925000191,-51.65625381,26.28750038,206.9712197,0.058135986,996.4743042,,88.53125134999999,24.37328163333333,Bump,,-0.716889656,9.731130981,0.356052011,-16.36875153,-67.14375305,10.98750019,-0.00329867,0.012705987,-0.028832818,-0.716889656,9.731130981,0.356052011,20.197937820879133,32,83,18,21
4.16,-0.487310752,-0.174211979,0.246847622,-0.040554874,9.806055069,0.100133818,-0.005192351,-0.000916,-0.007941242,0.457181111,0.453540549,0.544397563,0.537510663,-1.955605626,-1.559782863,2.928181887,-3.018750191,-47.66250229,28.91250038,211.2413749,,,,88.531251125,24.373281623809525,Bump,,-0.499621356,9.532526779,0.334516609,-13.46250057,-63.13125229,13.61250019,-0.012675444,0.00122173,-0.007024945,-0.499621356,9.532526779,0.334516609,20.19172843086792,32,83,18,21
4.17,-0.469006941,-0.269672394,0.292213604,-0.045463314,9.806032658,0.100238707,-0.006200277,-0.035613417,0.038056876,0.45692569,0.453505322,0.544656694,0.537495077,-1.996481121,-1.559576809,2.88784492,-5.925000191,-47.4375,26.47500038,209.1660074,,,,88.53125089999999,24.37328161428572,Bump,,-0.558125876,9.471390247,0.401994199,-16.36875153,-62.92500305,11.17500019,-0.013683371,-0.03347539,0.038973172,-0.558125876,9.471390247,0.401994199,20.193146581814798,32,83,18,21
4.18,-0.621863723,-0.413928032,0.201567933,-0.05197414,9.806002617,0.099964358,-0.009926553,-0.008704823,0.06902772,0.456686288,0.453582168,0.544897377,0.537389696,-2.05025506,-1.559303522,2.834364176,-7.031250477,-49.95000076,28.18125153,209.4312224,,,,88.531250675,24.373281604761907,Bump,,-0.964307535,9.507641411,0.163669072,-17.45625114,-65.41875458,12.88125038,-0.017409646,-0.006566796,0.069944017,-0.964307535,9.507641411,0.163669072,20.20690073824308,32,83,18,21
4.19,-1.101349711,-0.37839365,-0.074669328,-0.054885589,9.805985928,0.100075886,0.006627883,0.016920954,-0.0126449,0.456551224,0.453575075,0.545039475,0.53736636,-2.072440863,-1.55915916,2.812445164,-3.150000095,-49.55625153,26.28750038,207.9440638,0.015853882,996.479126,,88.53125044999999,24.373281595238097,Bump,,-1.317248881,9.35115099,-0.200398896,-13.59375095,-65.02500153,10.98750019,-0.000855,0.019058981,-0.011728604,-1.317248881,9.35115099,-0.200398896,20.210094981177505,32,83,18,21
4.2,-1.11032027,-0.362967491,-0.337584525,-0.050704468,9.806005955,0.100270383,0.007605267,-0.005070178,-0.078862642,0.456510454,0.453327581,0.545049816,0.537599266,-2.038903713,-1.559334874,2.84651351,-8.868750572,-52.48125076,24.28125191,204.8283414,,,,88.531250225,24.373281585714288,Bump,,-0.736510807,9.404271317,-0.245025036,-19.3125,-67.95000458,8.981250763,0.000122,-0.002932151,-0.077946346,-0.736510807,9.404271317,-0.245025036,20.211663161749037,32,83,18,21
4.21,-0.241678804,-0.384938717,-0.219725575,-0.048841158,9.806017399,0.100148559,0.004123337,-0.014966187,-0.000916,0.456447929,0.453183919,0.545082152,0.537740737,-2.024528623,-1.559439182,2.861274362,-6.693750381,-50.02500153,27.16875076,208.5065375,,,,88.53125,24.373281576190475,Bump,,-0.122033955,9.661739349,0.192861507,-17.13750076,-65.49375153,11.86875057,-0.003359756,-0.01282816,9.31e-10,-0.122033955,9.661739349,0.192861507,20.21158472571178,32,83,18,21
4.22,-0.106241543,-0.041085243,0.394095421,-0.054113457,9.805996895,0.099370498,-0.015118904,-0.010567961,0.051007209,0.45625551,0.453278318,0.545250207,0.537654072,-2.069432378,-1.559259534,2.816545844,-5.868750095,-46.38750076,29.62500191,212.5640068,,,,88.53124977499999,24.373281566666662,Bump,,-0.285942309,9.713065386,0.632303387,-16.3125,-61.87500381,14.32500076,-0.022601997,-0.008429934,0.051923508,-0.285942309,9.713065386,0.632303387,20.183648244121947,32,83,18,21
4.23,-0.653474033,0.24430418,0.569935709,-0.053878499,9.806015491,0.097723681,-0.033933538,-0.020830489,-0.027427829,0.45612973,0.453231364,0.545278221,0.53777191,-2.074633241,-1.559415936,2.811665058,-7.556250095,-50.41875076,25.46250153,206.7947104,-0.079269409,996.4904175,,88.53124955,24.373281557142857,Bump,,-0.770010328,10.12116127,0.53072806,-18.0,-65.90625,10.16250038,-0.041416632,-0.018692462,-0.026511532,-0.770010328,10.12116127,0.53072806,20.1997768121881,32,83,18,21
4.24,-0.57524398,-0.059412479,-0.155694924,-0.049791351,9.806035995,0.097847711,0.006261364,-0.006108648,-0.058490303,0.456108928,0.453012586,0.545268953,0.537983268,-2.0415169,-1.559597671,2.845226645,-6.806250095,-49.10625076,27.65625191,209.3878673,,,,88.53124932499999,24.373281547619047,Bump,,-0.691047168,9.669874954,-0.169411845,-17.23125076,-64.57500458,12.35625076,-0.00122173,-0.003970621,-0.057574006,-0.691047168,9.669874954,-0.169411845,20.182302350400665,32,83,18,21
4.25,-0.837935686,0.067012787,-0.19566682,-0.048395447,9.806030273,0.099057376,0.019578216,-0.028649558,-0.035613417,0.45602712,0.452797294,0.545382559,0.53811872,-2.025257111,-1.559555173,2.862037897,-5.90625,-49.78125381,27.50625038,208.9225088,,,,88.5312491,24.37328153809524,Bump,,-0.768694282,9.742975473,-0.017347964,-16.35000038,-65.25,12.20625019,0.012095123,-0.026511531,-0.03469712,-0.768694282,9.742975473,-0.017347964,20.20198115529295,32,83,18,21
4.26,-0.666221648,-0.159114361,-0.06783903,-0.044475012,9.80604887,0.099008847,-0.011331542,0.02046397,-0.09230167,0.45609656,0.452687472,0.545290411,0.538245589,-1.99279809,-1.559726954,2.894567966,-4.6875,-48.97500229,26.71875191,208.6150707,,,,88.53124887499999,24.37328152857143,Bump,,-0.854716253,9.68949604,0.201475669,-15.13125038,-64.46250153,11.41875076,-0.018814635,0.022601996,-0.091385372,-0.854716253,9.68949604,0.201475669,20.197661220054936,32,83,18,21
4.27,-0.707079858,0.056726933,0.202351458,-0.033759901,9.806127548,0.095377345,-0.05299252,-0.032681265,-0.119118631,0.456114933,0.452408463,0.545020968,0.538737327,-1.910606444,-1.560483813,2.977247238,-5.456250191,-49.76250076,27.50625038,208.931648,-0.08190918,996.4909058,,88.53124865,24.37328151904762,Bump,,-0.116291174,10.17141037,0.298624268,-15.90000057,-65.25,12.20625019,-0.060475613,-0.030543239,-0.118202334,-0.116291174,10.17141037,0.298624268,20.215508167310333,32,83,18,21
4.28,-0.04468099,0.281260967,0.167702332,-0.029513102,9.806172371,0.092210058,-0.022693627,-0.052839802,-0.01178969,0.455987856,0.45225814,0.544947088,0.539045751,-1.880560875,-1.560921431,3.007807374,-7.706250191,-48.86250305,27.37500191,209.2595373,,,,88.53124842499999,24.37328150952381,Bump,,-0.394217528,10.31725287,0.474377081,-18.15000153,-64.33125305,12.07500076,-0.03017672,-0.050701776,-0.010873393,-0.394217528,10.31725287,0.474377081,20.194036600502084,32,83,18,21
4.29,-0.882845014,0.634423256,0.67903012,-0.033619838,9.806152344,0.092932776,-0.000458,-0.047586367,0.012767073,0.455671906,0.452089697,0.545278847,0.539118707,-1.917915225,-1.560715556,2.971341848,-4.443750381,-47.71875,28.68750191,211.0133936,,,1.848538876,88.5312482,24.3732815,Bump,,-1.370608783,10.21208858,0.816431081,-14.88750076,-63.20625305,13.38750076,-0.007941242,-0.045448341,0.013683371,-1.370608783,10.21208858,0.816431081,20.184682680657104,32,83,18,21
4.3,-1.882192314,0.43761301,0.607988998,-0.02489498,9.80616951,0.093615036,-0.014508038,0.021838416,-0.154701505,0.455740973,0.451715618,0.545180947,0.539472759,-1.829953253,-1.560910761,3.059870005,-7.762500286,-51.09375381,24.67500114,205.7775584,,,,88.53124801999999,24.373281447,Bump,,-1.88650136,10.26185932,0.426879558,-18.20625114,-66.5625,9.375,-0.021991132,0.023976443,-0.15378521,-1.88650136,10.26185932,0.426879558,20.18571966728211,32,83,18,21
4.31,-1.282853782,0.085148335,-0.451372299,0.001258541,9.806215763,0.091991987,-0.013286309,0.083627388,-0.29339835,0.456330925,0.451185435,0.5443964,0.540209383,-1.557434678,-1.561375558,-2.950906754,-8.118750572,-49.72500229,25.74375153,207.3716184,-0.021133423,996.4835205,,88.53124783999999,24.373281394,Bump,,-0.984646529,9.40738225,-0.820139945,-18.54375076,-65.1937561,10.44375038,-0.020769403,0.085765415,-0.292482057,-0.984646529,9.40738225,-0.820139945,20.2104604252687,32,83,18,21
4.32,-0.389376819,-0.426093102,-1.175982475,0.023761047,9.806193352,0.091584392,0.020922119,0.049174615,-0.288480893,0.456898123,0.450734317,0.543716013,0.540791631,-1.316950321,-1.561153531,-2.710639,-4.012500286,-47.625,25.59375191,208.2536559,,,,88.53124765999999,24.373281341,Bump,,0.118684001,9.632068062,-0.750389183,-14.45625019,-63.11250305,10.29375076,0.013439025,0.051312641,-0.287564594,0.118684001,9.632068062,-0.750389183,20.20472872253265,32,83,18,21
4.33,0.410824999,-0.237709045,-0.557356864,0.037603019,9.806157112,0.090787739,-0.003634645,-0.051618073,-0.126998788,0.457125261,0.450364649,0.543373227,0.541251957,-1.178287208,-1.560768843,-2.571714401,-5.850000381,-51.28125381,23.79375076,204.8906097,,,,88.53124747999999,24.373281288,Bump,,0.848016363,9.729216766,0.532163757,-16.29375076,-66.75,8.493750572,-0.011117739,-0.049480047,-0.126082488,0.848016363,9.729216766,0.532163757,20.18404490704491,32,83,18,21
4.34,0.66165942,-0.00160265,0.829181254,0.040888075,9.806159496,0.089216422,-0.036621343,-0.056504992,0.024251332,0.457067177,0.450241134,0.54332146,0.541455716,-1.14110142,-1.560789764,-2.53419292,-9.018750191,-48.65625381,28.25625038,210.1451124,,,,88.53124729999999,24.373281235,Bump,,0.141176539,10.21615624,1.308874011,-19.44375038,-64.14375305,12.95625019,-0.044104437,-0.054366966,0.025167629,0.141176539,10.21615624,1.308874011,20.1833642722446,32,83,18,21
4.35,-0.633610718,0.460729599,0.947667569,0.040680289,9.806179523,0.087012485,-0.044898561,-0.005192351,-0.032223117,0.45693852,0.450243786,0.543329,0.541554511,-1.133430719,-1.560997188,-2.526288509,-7.781250477,-49.95000076,28.20000076,209.4475335,-0.060775757,996.4884033,,88.53124711999999,24.373281182,Bump,,-1.32993083,10.45902786,0.386680147,-18.22500038,-65.4375,12.90000057,-0.052381655,-0.003054324,-0.03130682,-1.32993083,10.45902786,0.386680147,20.208038765258365,32,83,18,21
4.36,-1.821588874,0.527766228,-0.474500977,0.05425676,9.806122303,0.085917111,0.003940077,0.015332706,-0.19614868,0.457057402,0.449794993,0.543063611,0.542093009,-1.009122908,-1.560424745,-2.401375294,-4.200000286,-51.28125381,25.81875038,206.7240416,,,,88.53124693999999,24.373281129,Bump,,-1.867598057,9.832108021,-0.873978466,-14.62500095,-66.75,10.51875019,-0.003543015,0.017470732,-0.195232382,-1.867598057,9.832108021,-0.873978466,20.18291052025457,32,83,18,21
4.37,-1.379832685,0.077991486,-0.668933332,0.08149597,9.805901051,0.089401305,0.053664471,0.022174392,-0.305493474,0.457631156,0.44891654,0.542511523,0.542889297,-0.833412081,-1.55845058,-2.225111485,-7.237500191,-49.83750153,24.46875191,206.1496846,,,,88.53124675999999,24.373281076,Bump,,-0.90209415,9.917292786,-0.185204484,-17.68125153,-65.32500458,9.168750763,0.046181378,0.024312418,-0.304577178,-0.90209415,9.917292786,-0.185204484,20.21287440237161,32,83,18,21
4.38,0.121596962,0.163496017,0.686635226,0.106206927,9.805668831,0.089123879,-0.021227551,0.022601997,-0.233655777,0.458238155,0.448396415,0.541779995,0.543537289,-0.698872179,-1.556649983,-2.090741873,-8.25,-48.43125153,26.41875076,208.6120137,,,,88.53124657999999,24.373281023,Bump,,0.593898585,9.800044632,0.954736209,-18.69375038,-63.91875076,11.11875057,-0.028710645,0.024740024,-0.232739482,0.593898585,9.800044632,0.954736209,20.20824968908626,32,83,18,21
4.39,0.852230668,-0.162574768,0.87025702,0.119265519,9.805531502,0.087836713,-0.036621343,0.058337585,-0.137994353,0.45871529,0.448340118,0.541211903,0.543747306,-0.634798646,-1.555694938,-2.0274508,-3.562500238,-52.46250153,24.84375191,205.3400149,-0.113616943,996.4946289,,88.53124639999999,24.37328097,Bump,,0.77946198,9.958329678,0.627517726,-14.00625038,-67.93125153,9.543750763,-0.044104438,0.060475613,-0.137078057,0.77946198,9.958329678,0.627517726,20.18325395122568,32,83,18,21
4.4,0.410508834,0.097089767,0.129954636,0.128361963,9.805433273,0.08588279,-0.023182318,-0.008124501,-0.100853774,0.458946362,0.448258132,0.540851176,0.543978721,-0.589827806,-1.555043101,-1.982758284,-7.425000191,-47.8125,27.71250153,210.0969186,,,,88.53124622,24.373280917,Bump,,0.153619215,9.904849815,-0.481914476,-17.86875153,-63.28125381,12.41250038,-0.030665411,-0.005986475,-0.099937478,0.153619215,9.904849815,-0.481914476,20.183393508563405,32,83,18,21
4.41,-0.198443636,0.008577824,-0.751276791,0.140064791,9.8052845,0.084640034,0.020922119,-0.034513861,-0.12614358,0.459069535,0.447909445,0.540588379,0.544423074,-0.543732136,-1.554109395,-1.936253726,-6.393750191,-47.86875153,28.08750153,210.4027352,,,,88.53124604,24.373280864,Bump,,-0.225403893,9.831629753,-0.313459769,-16.83750153,-63.35625076,12.78750038,0.013439025,-0.032375833,-0.12522728,-0.225403893,9.831629753,-0.313459769,20.21946558314005,32,83,18,21
4.42,-0.430253536,0.019333839,0.078722015,0.155563898,9.805038929,0.085907709,0.010293071,-0.018631376,-0.168659768,0.459329933,0.44738397,0.540292531,0.544928938,-0.504805401,-1.552674949,-1.89684999,-7.856250286,-47.68125153,26.92500114,209.4528691,,,,88.53124586,24.373280811,Bump,,-0.144167557,9.836894035,0.71186474,-18.28125,-63.15000153,11.625,0.002809978,-0.016493348,-0.167743471,-0.144167557,9.836894035,0.71186474,20.194970831830243,32,83,18,21
4.43,-0.098779213,0.216410637,0.800901115,0.172957286,9.804764271,0.083964985,-0.047861255,0.017776165,-0.162795466,0.459696084,0.447053134,0.53974542,0.54543364,-0.452177614,-1.55118984,-1.844298244,-6.843750477,-48.01875305,27.48750114,209.7882301,-0.034347534,996.4852295,,88.53124568,24.373280758,Bump,,0.152662086,9.948399162,0.644147849,-17.26875114,-63.50625229,12.18750095,-0.05534435,0.019914192,-0.161879164,0.152662086,9.948399162,0.644147849,20.19482568588268,32,83,18,21
4.44,-0.023262944,-0.02324152,-0.114974439,0.186451897,9.804538727,0.081474259,-0.01924224,0.021227551,-0.119271349,0.459996611,0.446866766,0.539262176,0.545810848,-0.412053451,-1.550043046,-1.804394364,-9.150000572,-49.29375076,26.19375038,207.9853167,,,,88.5312455,24.373280705,Bump,,0.064606212,9.683274651,-0.376151717,-19.59375,-64.78125,10.89375019,-0.026725334,0.023365578,-0.118355053,0.064606212,9.683274651,-0.376151717,20.212511982690295,32,83,18,21
4.45,-0.324900188,-0.043805122,-0.493797302,0.19999779,9.804273129,0.081275847,0.01188132,-0.004092794,-0.134206991,0.460255995,0.446511254,0.538916171,0.546224713,-0.38612549,-1.548780322,-1.778299928,-9.300000191,-50.17500305,27.99375153,209.1581209,,,,88.53124532,24.373280652,Bump,,-0.205782751,9.734600544,-0.300299242,-19.72500038,-65.64375305,12.69375038,0.004398226,-0.001954767,-0.133290695,-0.205782751,9.734600544,-0.300299242,20.217889943095354,32,83,18,21
4.46,-0.283287883,-0.209270477,-0.169585824,0.213427588,9.803996086,0.080576636,-0.009254602,-0.00849102,-0.182098791,0.460482627,0.446156383,0.538574696,0.546660364,-0.360993415,-1.547531843,-1.752943754,-6.168750286,-49.91250229,25.48125076,207.0451479,,,,88.53124514,24.373280599,Bump,,0.197168582,9.505727196,0.144526486,-16.59375,-65.40000153,10.18125057,-0.016737695,-0.006352994,-0.181182495,0.197168582,9.505727196,0.144526486,20.219440042552915,32,83,18,21
4.47,0.157844536,-0.307452202,0.201215476,0.22646749,9.80371809,0.07875333,-0.033902996,0.008399391,-0.139124455,0.460742489,0.445914,0.538158029,0.547049314,-0.33477883,-1.546342552,-1.726773262,-7.125000477,-51.05625153,26.83125114,207.7229734,-0.026412964,996.4842529,,88.53124496,24.373280546,Bump,,0.800159895,9.59665432,0.371844637,-17.56875038,-66.54375458,11.53125,-0.041386087,0.010537417,-0.138208158,0.800159895,9.59665432,0.371844637,20.21013512741036,32,83,18,21
4.48,0.580839187,-0.142619133,0.22866872,0.238021344,9.803471565,0.075231321,-0.040042187,0.003359756,-0.074953108,0.461014003,0.445844293,0.537668228,0.54735893,-0.306174681,-1.545337617,-1.698550344,-9.056250572,-47.17500305,28.40625191,211.0540915,,,,88.53124478,24.373280493,Bump,,0.544367149,9.714859962,0.028115666,-19.5,-62.66250229,13.10625076,-0.04752528,0.005497783,-0.074036811,0.544367149,9.714859962,0.028115666,20.19505038342124,32,83,18,21
4.49,0.105257489,-0.1985569,-0.275895879,0.246055529,9.803290367,0.072998345,-0.006719512,-0.025045455,-0.074067356,0.461102217,0.445685104,0.53741926,0.547658741,-0.28842555,-1.544624329,-1.680679739,-5.793750286,-46.65000153,29.15625191,212.0053841,,,,88.5312446,24.37328044,Bump,,0.065084779,9.441599655,-0.310588381,-16.23750114,-62.13750076,13.85625076,-0.014202606,-0.022907429,-0.073151058,0.065084779,9.441599655,-0.310588381,20.183340028667946,32,83,18,21
4.5,-0.395399824,-0.45997715,-0.212061744,0.256213591,9.803027153,0.073299751,0.010048726,-0.032314747,-0.10891719,0.461206213,0.445305273,0.537252218,0.548043877,-0.278676718,-1.543619215,-1.670433581,-9.75,-49.44375229,25.59375191,207.3676063,,,,88.53124442,24.373280387,Bump,,-0.075373914,9.407980442,0.110069847,-20.17500114,-64.93125153,10.29375076,0.002565632,-0.03017672,-0.108000892,-0.075373914,9.407980442,0.110069847,20.211085876637096,32,83,18,21
4.51,-0.189743735,-0.360664368,0.220369801,0.267375782,9.802745342,0.071103763,-0.031123561,0.000672,-0.110505439,0.461360753,0.44506605,0.536920696,0.548432887,-0.259962365,-1.542580545,-1.651575029,-6.375000477,-52.83750153,24.69375038,205.0491637,-0.116256714,996.4949951,,88.53124423999999,24.373280334,Bump,,0.104805633,9.336315155,0.23353949,-16.81875038,-68.32500458,9.393750191,-0.038606654,0.002809978,-0.109589142,0.104805633,9.336315155,0.23353949,20.202336169989437,32,83,18,21
4.52,-0.099079005,-0.696679115,-0.152850661,0.278215423,9.80245924,0.069139931,-0.014660755,0.014813471,-0.106443189,0.461570874,0.444883317,0.536557347,0.548759818,-0.243603863,-1.541559517,-1.63527894,-8.118750572,-49.36875153,26.56875038,208.2877773,,,,88.53124405999999,24.373280281,Bump,,0.206739876,9.120004082,-0.171804665,-18.54375076,-64.83750153,11.26875019,-0.022143848,0.016951497,-0.105526889,0.206739876,9.120004082,-0.171804665,20.19696888036988,32,83,18,21
4.53,-0.036189049,-0.507771492,-0.270068973,0.285232097,9.802264214,0.068160042,-0.006444623,-0.014233149,-0.086559539,0.461669922,0.444712937,0.536365211,0.549002409,-0.234565482,-1.540886283,-1.626116991,-10.14375019,-48.75000381,27.90000153,209.7828375,,,,88.53124387999999,24.373280228,Bump,,0.267397933,9.144171715,-0.19501505,-20.58750153,-64.23750305,12.60000038,-0.013927717,-0.012095123,-0.085643242,0.267397933,9.144171715,-0.19501505,20.21625417540379,32,83,18,21
4.54,-0.017543465,-0.661879539,-0.203766368,0.290556222,9.802115917,0.066950094,-0.013897174,-0.034758206,-0.057238028,0.461688131,0.444553614,0.536244184,0.549234271,-0.226478294,-1.540384531,-1.617775083,-7.743750095,-47.88750076,28.10625076,210.4096306,,,,88.53124369999999,24.373280175,Bump,,0.205304182,9.130532837,0.003828517,-18.1875,-63.35625076,12.80625057,-0.021380267,-0.032620179,-0.056321733,0.205304182,9.130532837,0.003828517,20.184447899292245,32,83,18,21
4.55,-0.110913068,-0.699294567,0.008407038,0.294967651,9.801994801,0.065355204,-0.014508039,-0.009162972,-0.039248063,0.461662337,0.444414154,0.536150068,0.549460709,-0.218049802,-1.53998512,-1.609049201,-9.412500381,-48.09375381,27.91875076,210.1354562,-0.108337402,996.4939575,,88.53124351999999,24.373280122,Bump,,0.07609176,9.215717125,0.192382941,-19.85625076,-63.58125305,12.61875057,-0.021991132,-0.007024945,-0.038331765,0.07609176,9.215717125,0.192382941,20.199705004171637,32,83,18,21
4.56,-0.387551367,-0.437497139,0.179075964,0.299347907,9.801876545,0.06314747,-0.028313582,-0.022296564,-0.052595457,0.461622372,0.444295928,0.53603977,0.549697429,-0.207911558,-1.539594889,-1.598624766,-9.412500381,-48.09375381,27.91875076,210.1354562,,,,88.53124333999999,24.373280069,Bump,,-0.178863496,9.279964209,0.175872464,-19.85625076,-63.58125305,12.61875057,-0.035796676,-0.020158538,-0.05167916,-0.178863496,9.279964209,0.175872464,20.18045414579069,32,83,18,21
4.57,-0.4142517,-0.58955431,0.053742863,0.30504106,9.801708221,0.062147301,-0.004978548,-0.008979712,-0.065423619,0.461630046,0.444098264,0.535932779,0.549954981,-0.20098646,-1.539046705,-1.591355443,-7.893750191,-48.01875305,27.50625038,209.8050773,,,,88.53124315999999,24.373280016,Bump,,-0.120598261,9.190353203,0.141655101,-18.33750153,-63.50625229,12.20625019,-0.012461642,-0.006841686,-0.06450732,-0.120598261,9.190353203,0.141655101,20.198746425679765,32,83,18,21
4.58,-0.395033628,-0.585455418,0.171728432,0.311242655,9.801514149,0.061897824,-0.007177661,0.005497783,-0.068416854,0.461723372,0.443919927,0.535785526,0.550164074,-0.196322381,-1.538430333,-1.586544752,-6.768750191,-48.97500229,28.91250038,210.5555715,,,,88.53124297999999,24.373279963,Bump,,-0.029192437,9.198488808,0.266560441,-17.21250153,-64.4437561,13.61250019,-0.014660755,0.00763581,-0.067500558,-0.029192437,9.198488808,0.266560441,20.182252131027276,32,83,18,21
4.59,-0.26027897,-0.641583443,0.15232975,0.318203777,9.801303387,0.059767641,-0.02611447,-0.001649335,-0.074464415,0.461788148,0.443782017,0.535568506,0.550432175,-0.185677506,-1.537773788,-1.575772583,-6.768750191,-48.97500229,28.91250038,210.5555715,-0.042266846,996.4862061,,88.5312428,24.37327991,Bump,,0.174077843,9.189037085,0.170488613,-17.21250153,-64.4437561,13.61250019,-0.033597562,0.000489,-0.07354812,0.174077843,9.189037085,0.170488613,20.18475271665072,32,83,18,21
4.6,-0.000302,-0.563849449,0.061978951,0.321477562,9.801208496,0.057758696,-0.028313582,-0.023640467,-0.027672174,0.461768091,0.443723053,0.535461545,0.550600588,-0.177769527,-1.537484169,-1.567723632,-6.150000095,-51.15000153,26.45625114,207.3493047,,,,88.53124262,24.373279857,Bump,,0.299581397,9.35067234,0.170368975,-16.59375,-66.61875153,11.15625,-0.035796677,-0.021502441,-0.026755877,0.299581397,9.35067234,0.170368975,20.184701049871084,32,83,18,21
4.61,-0.054883659,-0.343027592,0.163820229,0.320567682,9.801249504,0.055938488,-0.022601997,-0.028557928,0.018631376,0.461616024,0.443716079,0.535510629,0.550685972,-0.172756888,-1.537606955,-1.562416494,-8.568750381,-49.72500229,25.74375153,207.3716184,,,,88.53124244,24.373279804,Bump,,0.005742771,9.377471924,0.25555346,-19.01250076,-65.1937561,10.44375038,-0.030085091,-0.026419901,0.019547673,0.005742771,9.377471924,0.25555346,20.20596841208464,32,83,18,21
4.62,-0.530076399,-0.434845924,0.198568121,0.319621637,9.80128479,0.0551733,-0.008521563,-0.014110976,-0.020463971,0.461484998,0.443673581,0.535590887,0.550751984,-0.170936644,-1.53771764,-1.560274899,-7.987500191,-47.8125,26.32500076,208.8366639,,,,88.53124226,24.373279751,Bump,,-0.616750047,9.250054121,0.183649134,-18.43125153,-63.30000305,11.02500057,-0.016004657,-0.01197295,-0.019547673,-0.616750047,9.250054121,0.183649134,20.20984179517061,32,83,18,21
4.63,-0.942288369,-0.567813396,0.029003046,0.323671162,9.801156521,0.05437558,-0.012828161,-0.013286309,-0.069944018,0.461403534,0.44345355,0.535580337,0.551007628,-0.166448556,-1.537320137,-1.555236757,-6.881250381,-49.08750153,26.38125038,208.2550577,-0.026412964,996.4841919,,88.53124208,24.373279698,Bump,,-0.525942415,9.152546692,-0.033020954,-17.32500076,-64.55625153,11.08125019,-0.020311254,-0.011148282,-0.06902772,-0.525942415,9.152546692,-0.033020954,20.203334750603887,32,83,18,21
4.64,-0.689208388,-0.690897465,-0.119390123,0.327166021,9.801050663,0.052504934,-0.016584979,-0.013622285,-0.044409869,0.461293563,0.443289816,0.535549521,0.551261336,-0.159128435,-1.537,-1.547416687,-10.81875038,-50.58750153,25.53750038,206.7854833,,,,88.5312419,24.373279645,Bump,,-0.200039974,9.168817711,0.029671001,-21.26250076,-66.07500458,10.23750019,-0.024068072,-0.011484258,-0.043493572,-0.200039974,9.168817711,0.029671001,20.21848690193898,32,83,18,21
4.65,-0.51726082,-0.630931854,0.038099252,0.327076122,9.801064014,0.050553022,-0.018539746,-0.002382373,-0.007757983,0.46115905,0.443269908,0.535570323,0.551369727,-0.153347738,-1.537042379,-1.541353762,-9.225000381,-51.35625076,25.63125038,206.5231989,,,,88.53124172,24.373279592,Bump,,-0.236291237,9.126823902,0.072382885,-19.66875076,-66.84375,10.33125019,-0.02602284,-0.000244,-0.006841685,-0.236291237,9.126823902,0.072382885,20.19499482318095,32,83,18,21
4.66,-0.695281506,-0.584312439,-0.050482694,0.328563496,9.801025867,0.048210086,-0.021838416,-0.004276054,-0.033139414,0.46103628,0.443211049,0.53554821,0.55154115,-0.145692416,-1.53692776,-1.533364832,-9.056250572,-47.32500076,29.83125114,212.2252265,,,,88.53124154,24.373279539,Bump,,-0.354137748,9.278409004,-0.042592242,-19.48125076,-62.81250381,14.53125095,-0.029321509,-0.002138027,-0.032223117,-0.354137748,9.278409004,-0.042592242,20.191428483451272,32,83,18,21
4.67,-0.52243197,-0.430232048,-0.166424438,0.329945356,9.800991058,0.045945004,-0.025381431,-0.011911863,-0.027305656,0.460918725,0.443157852,0.535526454,0.551703215,-0.13836199,-1.536819696,-1.525720119,-7.950000286,-48.54375076,27.33750153,209.3861157,-0.005279541,996.4818115,,88.53124136,24.373279486,Bump,,-0.003589236,9.36550808,-0.106480607,-18.39375114,-64.03125,12.03750038,-0.032864525,-0.009773837,-0.026389359,-0.003589236,9.36550808,-0.106480607,20.214743965127575,32,83,18,21
4.68,-0.351636171,-0.34435463,-0.086093279,0.329541385,9.801010132,0.04457671,-0.009010255,-0.021563527,0.00311541,0.460804373,0.443139985,0.535560489,0.551780075,-0.134453855,-1.536881149,-1.521570385,-10.42500019,-48.11250305,28.57500076,210.7069437,,,,88.53124118,24.373279433,Bump,,-0.175154619,9.359765053,0.002392823,-20.86875153,-63.60000229,13.27500057,-0.016493349,-0.0194255,0.004031708,-0.175154619,9.359765053,0.002392823,20.188943833540776,32,83,18,21
4.69,-0.613138825,-0.455301285,-0.040824918,0.327386349,9.801083565,0.044297688,-0.00122173,-0.028863361,0.008246675,0.46060431,0.443058953,0.535730064,0.551847547,-0.134492122,-1.537100732,-1.521087587,-8.981250763,-49.74375153,28.44375038,209.7611587,,,,88.531241,24.37327938,Bump,,-0.553220588,9.211888695,0.017228323,-19.40625,-65.23125458,13.14375019,-0.008704823,-0.026725334,0.009162972,-0.553220588,9.211888695,0.017228323,20.218528901577624,32,83,18,21
4.7,-0.960689783,-0.572591782,0.017940249,0.325149268,9.801162243,0.043442963,-0.013652828,-0.026694791,-0.0022602,0.460330144,0.442941159,0.535933882,0.551972985,-0.132820077,-1.537341297,-1.518692136,-5.25,-48.50625229,28.81875038,210.7155822,,,,88.53124082,24.373279327,Bump,,-0.597009242,9.262616158,0.151346035,-15.69375038,-63.97500229,13.51875019,-0.021135921,-0.024556764,-0.001343902,-0.597009242,9.262616158,0.151346035,20.180486178987596,32,83,18,21
4.71,-0.856444359,-0.344253063,0.109634325,0.323347405,9.801233292,0.040758595,-0.029901831,0.001160643,-0.005558869,0.460096106,0.44294256,0.536018431,0.552084863,-0.12538911,-1.537555814,-1.510829806,-7.706250191,-49.20000076,26.55000114,208.3528151,0.031707764,996.477417,,88.53124064,24.373279274,Bump,,-0.591505754,9.359764862,-0.006699903,-18.15000153,-64.6875,11.25,-0.037384924,0.00329867,-0.004642572,-0.591505754,9.359764862,-0.006699903,20.218795153068307,32,83,18,21
4.72,-1.005769819,-0.346617699,-0.236993968,0.321475446,9.801303864,0.038510673,-0.017867795,-0.030390522,-0.001832594,0.459806755,0.442869559,0.536167741,0.552239448,-0.119223278,-1.537773669,-1.503993988,-7.275000095,-48.16875076,26.86875153,209.1529798,,,,88.53124045999999,24.373279221,Bump,,-0.642233598,9.458349419,-0.214875469,-17.71875,-63.63750076,11.56875038,-0.025350888,-0.028252496,-0.000916,-0.642233598,9.458349419,-0.214875469,20.181726396478023,32,83,18,21
4.73,-0.750079423,-0.245014191,-0.137704451,0.317042589,9.801453114,0.037326133,-0.005711586,-0.006047562,0.025106543,0.459531277,0.442868084,0.536379695,0.552264124,-0.11718842,-1.538237333,-1.50144434,-6.131250381,-46.65000153,28.53750038,211.45564,,,,88.53124027999999,24.373279168,Bump,,-0.448056035,9.74237752,0.029910283,-16.57500076,-62.11875153,13.23750019,-0.013194679,-0.003909534,0.026022839,-0.448056035,9.74237752,0.029910283,20.21564572454792,32,83,18,21
4.74,-1.280158281,-0.376249313,-0.027672231,0.314485461,9.801537514,0.036405336,-0.007299834,-0.015332706,-0.004703659,0.459316581,0.442825973,0.536535978,0.552324712,-0.115248092,-1.53850925,-1.499029756,-8.118750572,-51.30000305,25.87500191,206.7657364,,,,88.53124009999999,24.373279115,Bump,,-0.894915664,9.26405201,-0.179940264,-18.54375076,-66.76875305,10.57500076,-0.014782928,-0.013194679,-0.003787362,-0.894915664,9.26405201,-0.179940264,20.20110804436345,32,83,18,21
4.75,-1.176913917,-0.563773155,-0.277297609,0.314164817,9.801550388,0.03622327,0.00122173,-0.026267185,-0.017104214,0.459155634,0.442694128,0.536659986,0.552443683,-0.114793323,-1.538542509,-1.498036027,-8.512500763,-51.33750153,24.99375153,205.9592151,0.108337402,996.4684448,,88.53123991999999,24.373279062,Bump,,-0.695832831,9.404750252,-0.090927264,-18.95625114,-66.82500458,9.693750381,-0.006261364,-0.024129158,-0.016187917,-0.695832831,9.404750252,-0.090927264,20.21971859184477,32,83,18,21
4.76,-0.828246653,-0.270540714,-0.049698235,0.309600949,9.801701069,0.034504008,-0.020250168,-0.005436697,0.041233373,0.458826318,0.442675307,0.536892265,0.552506715,-0.110982224,-1.539025307,-1.493579984,-7.312500477,-47.85000229,29.64375114,211.7787987,,,,88.53123973999999,24.373279009,Bump,,-0.462412968,9.513264656,0.03589234,-17.73750114,-63.31875229,14.34375095,-0.027733261,-0.00329867,0.042149671,-0.462412968,9.513264656,0.03589234,20.182951862589416,32,83,18,21
4.77,-1.019685,-0.289126396,-0.095250361,0.303393945,9.801899433,0.033154693,-0.001802051,-0.001893681,0.022418737,0.45853956,0.442751989,0.53712371,0.552458376,-0.1088484,-1.539669514,-1.491052628,-8.137500763,-48.28125381,26.40000153,208.6696667,,,,88.53123955999999,24.373278956,Bump,,-0.918843901,9.291330338,-0.308674121,-18.58125114,-63.76875305,11.10000038,-0.009285145,0.000244,0.023335034,-0.918843901,9.291330338,-0.308674121,20.20215417137605,32,83,18,21
4.78,-1.202990174,-0.451612473,-0.431156248,0.301046312,9.801972866,0.033112379,0.008857539,-0.015271619,-0.013744458,0.458300486,0.442628294,0.537337035,0.552548409,-0.109549999,-1.539907753,-1.491083622,-9.131250381,-45.73125076,28.42500114,211.8636885,,,,88.53123937999999,24.373278903,Bump,,-0.694875693,9.508598709,-0.287617278,-19.57500076,-61.21875381,13.12500095,0.001374446,-0.013133592,-0.01282816,-0.694875693,9.508598709,-0.287617278,20.21877506933557,32,83,18,21
4.79,-0.735988945,-0.076096535,-0.231723227,0.295855463,9.802136421,0.031321452,-0.01499673,-0.018753549,0.040866853,0.457962662,0.442633212,0.537579209,0.552588999,-0.10547208,-1.540452719,-1.486389816,-8.306250572,-47.68125153,28.98750114,211.2972327,0.137405396,996.4649658,,88.53123919999999,24.37327885,Bump,,-0.421136789,9.582656622,-0.27517461,-18.73125076,-63.16875076,13.68750095,-0.022479824,-0.016615522,0.041783151,-0.421136789,9.582656622,-0.27517461,20.200930388181924,32,83,18,21
4.8,-0.935179293,-0.376516342,-0.538578808,0.286861882,9.802402973,0.031420285,0.018173227,0.004886918,0.067805989,0.457638472,0.442719921,0.537934154,0.55244267,-0.109102432,-1.541365266,-1.489572644,-6.206250191,-49.46250153,26.81250191,208.4611183,,,,88.53123902,24.373278797,Bump,,-0.82217387,9.518648529,-0.509192652,-16.63125038,-64.93125153,11.51250076,0.010690134,0.007024945,0.068722287,-0.82217387,9.518648529,-0.509192652,20.205189515482,32,83,18,21
4.81,-1.370708227,-0.035702705,-0.435332328,0.280659467,9.802584648,0.030584246,-0.004001165,-0.032681265,0.046364637,0.457278252,0.442696124,0.538247585,0.55245477,-0.108542196,-1.542003274,-1.488300323,-10.27500057,-51.01875305,26.49375153,207.4425984,,,,88.53123884,24.373278744,Bump,,-0.81056869,9.951151133,-0.272183575,-20.71875,-66.48750305,11.19375038,-0.011484258,-0.030543239,0.047280935,-0.81056869,9.951151133,-0.272183575,20.20785727409621,32,83,18,21
4.82,-1.005872369,0.132818699,-0.240552038,0.275677487,9.80272913,0.029618088,0.006261364,-0.016920954,0.037323838,0.456997067,0.442700952,0.538479537,0.552457511,-0.107032165,-1.542518675,-1.486277819,-10.35000038,-48.95625305,27.05625153,208.9277528,,,,88.53123866,24.373278691,Bump,,-0.735553682,9.728259659,-0.062691955,-20.79375076,-64.42500305,11.75625038,-0.00122173,-0.014782928,0.038240135,-0.735553682,9.728259659,-0.062691955,20.19823451376468,32,83,18,21
4.83,-0.974868983,-0.100203991,0.018940847,0.269061446,9.802905083,0.032389844,0.035888306,-0.002901608,0.041844238,0.456770688,0.442627728,0.538852841,0.552339435,-0.119831402,-1.543157339,-1.498521626,-6.018750191,-49.93125153,27.52500153,208.8661023,0.108337402,996.4683838,,88.53123848,24.373278638,Bump,,-0.636969388,9.786166,0.224446765,-16.44375038,-65.40000153,12.22500038,0.028405212,-0.000764,0.042760535,-0.636969388,9.786166,0.224446765,20.205200606911266,32,83,18,21
4.84,-0.883627623,0.245355129,0.224902876,0.25669609,9.803230762,0.033645708,-0.01499673,-0.00971275,0.074708763,0.456246257,0.442607015,0.53945443,0.552202046,-0.130415432,-1.544394433,-1.508091867,-9.09375,-48.16875076,26.90625191,209.1869892,,,,88.5312383,24.373278585,Bump,,-0.65982084,9.948160172,-0.011964107,-19.51875114,-63.65625381,11.60625076,-0.022479824,-0.007574723,0.07562506,-0.65982084,9.948160172,-0.011964107,20.20354811095635,32,83,18,21
4.85,-0.964135528,0.005625725,-0.471003756,0.232277773,9.803853989,0.028912764,0.008460477,-0.007269291,0.082283485,0.454725385,0.442486674,0.540705591,0.552329153,-0.123681035,-1.546925724,-1.498325884,-5.793750286,-49.50000381,26.56875038,208.2243409,,,,88.53123812,24.373278532,Bump,,-0.89539423,9.766066551,-0.60681982,-16.23750114,-64.98750305,11.26875019,0.000977,-0.005131264,0.083199784,-0.89539423,9.766066551,-0.60681982,20.21634754565492,32,83,18,21
4.86,-1.127499521,0.064677238,-0.476324439,0.205553703,9.804467201,0.022725645,0.033444847,-0.024740023,0.068416855,0.45283632,0.442186296,0.542209208,0.55264765,-0.11012125,-1.549706399,-1.480736494,-7.200000286,-48.39375305,27.93750191,209.9976518,,,,88.53123794,24.373278479,Bump,,-0.807338357,9.933563805,-0.160319121,-17.64375114,-63.88125229,12.63750076,0.025961753,-0.022601997,0.069333153,-0.807338357,9.933563805,-0.160319121,20.182314491666336,32,83,18,21
4.87,-1.020613968,0.182003021,0.144316576,0.180842467,9.804950714,0.02421678,0.007483094,-0.030482153,0.072876169,0.451396301,0.441805899,0.543679118,0.552685857,-0.133478384,-1.552189291,-1.500751078,-7.406250477,-50.62500381,25.23750114,206.4971041,0.110977173,996.4678955,,88.53123776,24.373278426,Bump,,-0.835095108,9.867402315,0.18185452,-17.85000038,-66.11250305,9.9375,4.66e-11,-0.028344125,0.073792467,-0.835095108,9.867402315,0.18185452,20.19202523646837,32,83,18,21
4.88,-0.864126801,-0.173260689,0.005517105,0.161179081,9.805291176,0.026156137,0.015424336,-0.008124502,0.109161536,0.450414538,0.441619962,0.544751287,0.552579939,-0.160876155,-1.554144382,-1.526006341,-7.668750286,-50.64375305,25.87500191,207.0634835,,,,88.53123758,24.373278373,Bump,,-0.87338028,9.729695511,0.044985066,-18.11250114,-66.1312561,10.57500076,0.007941242,-0.005986475,0.110077833,-0.87338028,9.729695511,0.044985066,20.21921380004101,32,83,18,21
4.89,-1.147718132,-0.0344944,0.023644867,0.1379366,9.80563736,0.027655508,0.011911863,-0.014355322,0.109802945,0.449209988,0.441396952,0.546018064,0.552487999,-0.198668912,-1.556450188,-1.561186671,-8.081250191,-48.88125229,28.66875076,210.3915326,,,,88.5312374,24.37327832,Bump,,-1.160997558,9.689974403,-0.000479,-18.50625038,-64.36875153,13.36875057,0.00442877,-0.012217296,0.110719241,-1.160997558,9.689974403,-0.000479,20.21736140417731,32,83,18,21
4.9,-1.315751374,-0.100677967,-0.073211575,0.106313482,9.80602932,0.028326187,0.011514801,-0.024862197,0.090469074,0.447390765,0.440985724,0.547823757,0.552504927,-0.261688694,-1.559573054,-1.620129347,-8.325000763,-49.18125153,28.08750153,209.7307656,,,,88.53123722,24.373278267,Bump,,-1.240678519,9.704092264,-0.071186473,-18.76875114,-64.65000153,12.78750038,0.004031708,-0.02272417,0.09138537,-1.240678519,9.704092264,-0.071186473,20.20068612656467,32,83,18,21
4.91,-1.282015622,-0.212360382,-0.078912295,0.072479963,9.80633688,0.028773237,0.025350889,-0.027030766,0.114384431,0.445440695,0.44054918,0.549746066,0.55251956,-0.382662982,-1.562845051,-1.736758947,-9.618750572,-51.15000153,24.46875191,205.5651683,0.108337402,996.4683838,,88.53123704,24.373278214,Bump,,-1.194018483,9.353065109,0.012442678,-20.0625,-66.63750458,9.168750763,0.017867795,-0.024892739,0.115300728,-1.194018483,9.353065109,0.012442678,20.208125762810845,32,83,18,21
4.92,-1.370702386,-0.217672348,0.136065282,0.037105151,9.806524754,0.031570526,0.010537418,-0.009346231,0.12504402,0.4436225,0.440173045,0.55168429,0.552350104,-0.724664539,-1.565780878,-2.074772179,-6.468750477,-48.11250305,29.15625191,211.2159284,,,,88.53123685999999,24.373278161,Bump,,-1.524228036,9.556335449,0.178265286,-16.91250038,-63.58125305,13.85625076,0.003054324,-0.007208205,0.125960319,-1.524228036,9.556335449,0.178265286,20.195401650366616,32,83,18,21
4.93,-1.39379251,-0.301903725,-0.066728985,0.000694,9.806596279,0.03146695,-0.008552107,-0.006261364,0.110413808,0.441574469,0.439768642,0.553685814,0.552310705,-1.552242696,-1.567467153,0.243692994,-4.087500095,-50.04375076,26.25000191,207.6788551,,,,88.53123667999999,24.373278108,Bump,,-1.360558963,9.375557709,-0.124426779,-14.53125095,-65.53125,10.95000076,-0.016035201,-0.004123337,0.111330103,-1.360558963,9.375557709,-0.124426779,20.19289095501881,32,83,18,21
4.94,-1.415867209,-0.649493217,-0.256572962,-0.024747828,9.806571007,0.030859884,0.029107707,-0.010812307,0.099509872,0.440082937,0.439450264,0.555108309,0.552327096,-2.246713161,-1.566740394,2.694063663,-8.137500763,-48.20625305,26.00625038,208.3459196,,,,88.53123649999999,24.373278055,Bump,,-1.385444283,9.275178671,-0.077766737,-18.5625,-63.69375229,10.70625019,0.021624613,-0.00867428,0.100426167,-1.385444283,9.275178671,-0.077766737,20.204972334621665,32,83,18,21
4.95,-1.303980768,-0.503217697,-0.002867606,-0.050667822,9.806460381,0.032738352,0.017989967,-0.023640467,0.125288364,0.438677311,0.439093798,0.556578606,0.552248746,-2.559308767,-1.564632297,2.384659171,-8.4375,-52.06875229,24.60000038,205.2884989,0.071350098,996.4727783,,88.53123631999999,24.373278002,Bump,,-1.287817168,9.231988525,0.23976083,-18.86250114,-67.55625153,9.300000191,0.010506875,-0.02150244,0.126204664,-1.287817168,9.231988525,0.23976083,20.201523906301663,32,83,18,21
4.96,-1.270011842,-0.39816761,0.319752991,-0.088283814,9.806180477,0.036068462,-0.0216857,-0.051618074,0.17867795,0.436834633,0.438733146,0.558582246,0.551972836,-2.75009048,-1.561066568,2.197839618,-6.037500381,-48.99375153,26.73750114,208.6227489,,,,88.53123613999999,24.373277949,Bump,,-1.508435416,9.325308609,0.341216508,-16.48125076,-64.46250153,11.4375,-0.029168794,-0.049480047,0.179594241,-1.508435416,9.325308609,0.341216508,20.21151325551196,32,83,18,21
4.97,-1.446525753,-0.577105045,0.19615816,-0.132317692,9.805665493,0.041045846,0.018112141,0.003604102,0.185397461,0.4348239,0.438386738,0.560859203,0.551526606,-2.83965826,-1.55666852,2.112483621,-9.112500191,-50.60625076,26.15625191,207.3325491,,,,88.53123595999999,24.373277896,Bump,,-1.807179302,9.260223627,0.246460736,-19.55625153,-66.07500458,10.85625076,0.010629048,0.005742129,0.18631376,-1.807179302,9.260223627,0.246460736,20.191781416274704,32,83,18,21
4.98,-1.913572967,-0.087315083,0.254839912,-0.176300965,9.804955959,0.045104321,-0.012064579,-0.004459313,0.108672845,0.432542279,0.437802449,0.563309371,0.551287532,-2.890350223,-1.55224067,2.066916585,-8.962500572,-49.66875076,28.05000114,209.4552168,,,,88.53123577999999,24.373277843,Bump,,-2.047777629,9.637811089,0.09810573,-19.40625,-65.15625,12.75000095,-0.019547673,-0.002321286,0.10958914,-2.047777629,9.637811089,0.09810573,20.227823009745588,32,83,18,21
4.99,-1.573456645,-0.442506313,-0.344601899,-0.214369833,9.804210663,0.042510005,0.014508038,-0.008857539,0.084299341,0.430159211,0.437219366,0.565481007,0.551391751,-2.945285439,-1.548506737,2.017265081,-6.487500191,-48.75000381,28.50000191,210.3112129,0.08454895,996.4711914,,88.5312356,24.37327779,Bump,,-1.63764782,9.235816956,-0.268474698,-16.93125153,-64.21875,13.20000076,0.007024945,-0.006719513,0.085215636,-1.63764782,9.235816956,-0.268474698,20.22812046057529,32,83,18,21
5.0,-1.102422237,-0.475707531,0.134955674,-0.250410102,9.803348064,0.044439837,0.03130682,-0.019120068,0.146302114,0.428319424,0.436831921,0.567402005,0.551157832,-2.965992808,-1.544860244,2.000506818,-8.193750381,-49.44375229,26.21250153,207.9302051,,,,88.53123542,24.373277737,Bump,,-1.261615723,9.238687992,0.490528639,-18.63750076,-64.93125153,10.91250038,0.023823727,-0.016982041,0.147218412,-1.261615723,9.238687992,0.490528639,20.21609347959871,32,83,18,21
5.01,-1.118258715,-0.105784416,0.945032597,-0.277984202,9.802567482,0.052801706,-0.024587308,-0.024434591,0.177608933,0.427356601,0.436589718,0.568825662,0.550629735,-2.953884602,-1.541939139,2.014739275,-7.968750477,-49.57500076,26.34375191,207.985813,,,,88.53123524,24.373277684,Bump,,-1.47110734,9.731609535,0.931286561,-18.41250038,-65.0625,11.04375076,-0.0320704,-0.022296564,0.178525232,-1.47110734,9.731609535,0.931286561,20.208833671834388,32,83,18,21
5.02,-1.163214087,0.088624954,0.64375329,-0.308910549,9.801607609,0.057893287,-0.040042186,0.002015854,0.197736928,0.426193535,0.436475962,0.570296943,0.550098926,-2.956247807,-1.538742185,2.014619708,-8.400000572,-48.80625153,27.63750076,209.5215626,,,,88.53123506,24.373277631,Bump,,-1.821895123,9.534919739,-0.108634146,-18.84375,-64.27500153,12.33750057,-0.047525279,0.00415388,0.198653227,-1.821895123,9.534919739,-0.108634146,20.19880550307552,32,83,18,21
5.03,-1.724719465,-0.081342697,-0.31494157,-0.35323973,9.80011797,0.0560971,0.024465134,-0.033536476,0.15668682,0.423853397,0.436135367,0.572534442,0.549852341,-2.983888388,-1.534316123,1.991701663,-2.268750191,-48.0,28.05000114,210.3009484,0.110977173,996.4680786,,88.53123488,24.373277578,Bump,,-2.373680115,9.62154007,-0.179461694,-12.71250057,-63.48750305,12.75000095,0.01698204,-0.03139845,0.157603112,-2.373680115,9.62154007,-0.179461694,20.217917909418137,32,83,18,21
5.04,-1.720360637,-0.071578979,0.03479407,-0.397724584,9.798407555,0.05763907,0.030695955,-0.009773837,0.122020237,0.421326697,0.435399741,0.575069636,0.549732059,-2.997705936,-1.529805183,1.983624101,-7.518750191,-51.15000153,26.47500038,207.3658715,,,,88.5312347,24.373277525,Bump,,-1.971207309,9.441120911,0.39481574,-17.96250153,-66.63750458,11.17500019,0.023212862,-0.00763581,0.122936536,-1.971207309,9.441120911,0.39481574,20.21169564994953,32,83,18,21
5.05,-1.46752739,-0.211668491,0.515734434,-0.434724569,9.796793938,0.064439371,-0.015729768,0.002871064,0.106229384,0.419590831,0.434835404,0.577133209,0.549343795,-2.994444847,-1.52596724,1.990910232,-7.537500381,-50.49375153,26.49375153,207.6857118,,,,88.53123452,24.373277472,Bump,,-1.739582062,9.771689415,0.608375154,-17.96250153,-65.98125458,11.19375038,-0.023212862,0.005009091,0.107145683,-1.739582062,9.771689415,0.608375154,20.189825136472574,32,83,18,21
5.06,-0.979001403,-0.270220757,0.135877609,-0.471004248,9.795101643,0.0667485,-0.020005821,-0.00311541,0.17489059,0.417994216,0.434641555,0.578879207,0.54887718,-3.000766754,-1.522267759,1.987698853,-6.356250286,-48.24375153,27.90000153,210.0413645,,,,88.53123434,24.373277419,Bump,,-1.391665649,9.478927612,0.09092726,-16.80000114,-63.71250153,12.60000038,-0.027488915,-0.000977,0.175806883,-1.391665649,9.478927612,0.09092726,20.218896943832995,32,83,18,21
5.07,-1.295898616,-0.166984081,0.042421475,-0.511636645,9.793052673,0.067867767,0.016340633,-0.022143848,0.200974513,0.416149721,0.434443459,0.580813915,0.548391223,-3.00967598,-1.518142939,1.982331336,-7.818750381,-51.86250305,24.80625153,205.5621641,0.145324707,996.4638672,,88.53123416,24.373277366,Bump,,-1.993221259,9.618189812,0.192861505,-18.26250076,-67.3500061,9.506250381,0.00885754,-0.020005822,0.201890808,-1.993221259,9.618189812,0.192861505,20.214652342538603,32,83,18,21
5.08,-1.883192539,-0.2261343,0.206304938,-0.546851635,9.79114151,0.070070438,-0.00424551,-0.056382818,0.174524069,0.414333791,0.433961123,0.582717299,0.548129439,-3.014153004,-1.514549613,1.981851578,-9.037500381,-48.18750381,27.54375076,209.7520822,,,,88.53123398,24.373277313,Bump,,-2.356332123,9.561120987,0.295513589,-19.48125076,-63.65625381,12.24375057,-0.011728604,-0.054244792,0.175440365,-2.356332123,9.561120987,0.295513589,20.21918933720963,32,83,18,21
5.09,-1.750544488,-0.166951656,0.199057512,-0.583213449,9.789020061,0.072075389,0.003329213,-0.007880156,0.172813651,0.412523821,0.433539003,0.584618777,0.547803015,-3.018620729,-1.510836959,1.981244385,-6.0,-48.24375153,28.53750038,210.6054772,,,,88.5312338,24.37327726,Bump,,-2.42105794,9.343972588,0.214396908,-16.44375038,-63.73125076,13.23750019,-0.004153881,-0.005742129,0.173729941,-2.42105794,9.343972588,0.214396908,20.20981548922022,32,83,18,21
5.1,-1.979754031,-0.243894577,0.188062817,-0.624520808,9.786463261,0.07401881,-0.006261364,-0.016187917,0.152105331,0.410546646,0.433154911,0.586701363,0.547366142,-3.023614883,-1.506623387,1.980320811,-7.893750191,-49.44375229,26.19375038,207.9132407,,,,88.53123362,24.373277207,Bump,,-2.491885519,9.53396225,0.261774799,-18.33750153,-64.93125153,10.89375019,-0.013744457,-0.01404989,0.153021626,-2.491885519,9.53396225,0.261774799,20.205033244290107,32,83,18,21
5.11,-1.608213186,-0.112029552,0.164611824,-0.643080205,9.785268784,0.073053014,-0.014508038,0.018997895,0.127243131,0.4099406,0.433392495,0.58733201,0.546955854,-3.028475046,-1.504750609,1.976065278,-8.568750381,-52.46250153,24.28125191,204.8361443,0.163818359,996.4616089,,88.53123344,24.373277154,Bump,,-2.193620145,9.425328493,0.193220429,-19.01250076,-67.95000458,8.981250763,-0.021991132,0.021135921,0.128159431,-2.193620145,9.425328493,0.193220429,20.197030946686905,32,83,18,21
5.12,-1.400111079,-0.181117058,0.082318243,-0.660427183,9.784113407,0.073034178,0.001496619,-0.015577052,0.137627837,0.409369007,0.433555365,0.587964386,0.546575308,-3.031451464,-1.502989054,1.97376579,-6.206250191,-50.13750076,26.68125153,208.0201925,,,,88.53123326,24.373277101,Bump,,-1.829073668,9.543533707,0.118684003,-16.65000153,-65.60625458,11.38125038,-0.005986475,-0.013439025,0.138544133,-1.829073668,9.543533707,0.118684003,20.217484677813587,32,83,18,21
5.13,-1.056574017,-0.22392416,-0.023220651,-0.681655228,9.782654285,0.073293559,0.002596175,-0.005192351,0.183717582,0.408749297,0.4338229,0.588687003,0.546048731,-3.034475088,-1.500828743,1.971307456,-6.018750191,-47.25,27.35625076,210.0694798,,,,88.53123307999999,24.373277048,Bump,,-1.95302186,9.456913948,0.032542387,-16.46250153,-62.71875381,12.05625057,-0.004886918,-0.003054324,0.184633881,-1.95302186,9.456913948,0.032542387,20.21474083928792,32,83,18,21
5.14,-1.560832679,-0.353189945,-0.09309252,-0.721614659,9.779793262,0.071857952,-0.003145954,-0.052351113,0.186619192,0.40674068,0.433529079,0.590630412,0.545682609,-3.042309642,-1.496780813,1.967420459,-9.412500381,-49.87500381,25.78125191,207.3352243,,,,88.53123289999999,24.373276995,Bump,,-2.277368963,9.06700325,-0.11186446,-19.85625076,-65.36250305,10.48125076,-0.010629047,-0.050213084,0.187535486,-2.277368963,9.06700325,-0.11186446,20.181861617978218,32,83,18,21
5.15,-1.158703327,-0.292266846,-0.193458259,-0.753508568,9.777409554,0.069817387,-0.00216857,-0.014966187,0.182587484,0.405131549,0.433336824,0.592146456,0.54538995,-3.049200773,-1.493553758,1.963607907,-6.581250191,-49.57500076,26.96250153,208.540573,0.158538818,996.4625244,,88.53123271999999,24.373276942,Bump,,-2.518685102,9.611489868,0.043549371,-17.00625038,-65.0625,11.66250038,-0.009651663,-0.012828161,0.18350378,-2.518685102,9.611489868,0.043549371,20.181082005516718,32,83,18,21
5.16,-1.933297038,0.026647568,0.043050524,-0.7861076,9.774855614,0.067779396,-0.020005822,-0.067195127,0.189826228,0.40336068,0.432993978,0.593798369,0.545178622,-3.055571556,-1.490250945,1.960854709,-6.487500191,-48.99375153,26.73750114,208.6227489,,,,88.53123253999999,24.373276889,Bump,,-2.436850643,9.493284416,0.138305148,-16.93125153,-64.46250153,11.4375,-0.027488914,-0.065057097,0.190742526,-2.436850643,9.493284416,0.138305148,20.19507210463171,32,83,18,21
5.17,-1.643867791,-0.189122677,0.157129917,-0.809725255,9.772921562,0.068564724,0.017012584,-0.002504546,0.173546681,0.402602479,0.43317692,0.594678253,0.544634461,-3.057118058,-1.487837136,1.960246444,-7.200000286,-47.58750153,28.70625114,211.0996777,,,,88.53123235999999,24.373276836,Bump,,-2.745165765,9.522237539,0.35712878,-17.64375114,-63.05625153,13.40625095,0.009529491,-0.000367,0.17446298,-2.745165765,9.522237539,0.35712878,20.21242860764639,32,83,18,21
5.18,-1.936869502,-0.136406422,0.106445383,-0.827994853,9.771385193,0.069488883,-0.006872229,0.009621121,0.109650226,0.402030975,0.433314741,0.595360637,0.544201314,-3.057859778,-1.485965312,1.96020788,-6.656250477,-48.84375381,27.35625076,209.2521737,,,,88.53123217999999,24.373276783,Bump,,-2.788595533,9.535876656,-0.211046955,-17.08125114,-64.33125305,12.05625057,-0.014355322,0.011759147,0.110566527,-2.788595533,9.535876656,-0.211046955,20.21949401308341,32,83,18,21
5.19,-1.727194667,-0.097249508,-0.643198639,-0.845473319,9.769909382,0.066314548,-0.016707152,-0.035857762,0.130053112,0.401230931,0.433415949,0.596035004,0.543972909,-3.063308477,-1.484208643,1.955930471,-4.743750095,-48.07500076,27.84375191,210.0782727,0.1743927,996.4604492,,88.53123199999999,24.37327673,Bump,,-2.161316991,9.82373333,-0.609571576,-15.18750095,-63.56250381,12.54375076,-0.024190246,-0.033719737,0.130969408,-2.161316991,9.82373333,-0.609571576,20.18601667564414,32,83,18,21
5.2,-1.403781533,-0.005316734,-0.245693952,-0.866160184,9.7681036,0.065529,0.010170899,-0.027427828,0.163284156,0.400490686,0.433579847,0.596800089,0.543548793,-3.066078544,-1.482103944,1.954103827,-4.631250381,-48.20625305,26.58750153,208.8783331,,,,88.53123182,24.373276677,Bump,,-2.315773773,9.809137154,0.175633183,-15.05625057,-63.69375229,11.28750038,0.002687805,-0.025289802,0.164200455,-2.315773773,9.809137154,0.175633183,20.203765228614085,32,83,18,21
5.21,-1.299908817,0.799764156,0.765949786,-0.882478356,9.766664982,0.062172065,-0.051312643,-0.020769403,0.118660482,0.399844572,0.433807492,0.597331494,0.543259084,-3.071250319,-1.480462909,1.949612379,-7.387500286,-50.21250153,25.68750191,207.0931875,,,,88.53123164,24.373276624,Bump,,-2.076970053,10.54708347,0.803509855,-17.83125114,-65.68125153,10.38750076,-0.058795737,-0.018631375,0.11957678,-2.076970053,10.54708347,0.803509855,20.19523563426524,32,83,18,21
5.22,-1.169652939,0.640546799,0.346230686,-0.89209044,9.765810013,0.059276696,-0.041141743,-0.017776165,0.099021178,0.399450213,0.433982372,0.597614646,0.543098152,-3.075242996,-1.479501724,1.945972323,-6.675000191,-46.38750076,29.00625038,212.0178718,,,,88.53123146,24.373276571,Bump,,-2.236690998,10.20957589,-0.061016979,-17.10000038,-61.85625076,13.70625019,-0.048624837,-0.015638138,0.099937479,-2.236690998,10.20957589,-0.061016979,20.218796575912585,32,83,18,21
5.23,-1.439105392,0.663834572,-0.196633384,-0.905965775,9.764533043,0.058957955,0.016279546,-0.07629701,0.164628056,0.398851246,0.433965355,0.59821853,0.542886943,-3.076605678,-1.47808522,1.945641637,-5.418750286,-50.34375381,25.03125191,206.4368729,0.1743927,996.4606323,,88.53123128,24.373276518,Bump,,-2.456950283,10.42265682,-0.015792628,-15.86250019,-65.8125,9.731250763,0.008796453,-0.074158984,0.165544358,-2.456950283,10.42265682,-0.015792628,20.213684756925428,32,83,18,21
5.24,-1.849233747,0.663648605,0.127429623,-0.927524805,9.762506485,0.059352618,-0.002443459,-0.066278827,0.151799895,0.39799501,0.433965042,0.5991368,0.54250282,-3.077685595,-1.475879312,1.945987284,-7.631250381,-48.01875305,26.85000038,209.2120241,,,,88.5312311,24.373276465,Bump,,-3.183889723,10.39442139,0.334995171,-18.07500076,-63.48750305,11.55000019,-0.009926553,-0.064140802,0.152716193,-3.183889723,10.39442139,0.334995171,20.213533148188446,32,83,18,21
5.25,-2.298158169,0.763241768,0.117323402,-0.943221688,9.761026859,0.055527035,-0.044440412,-0.02254091,0.072387477,0.397193074,0.434019029,0.599765271,0.542352945,-3.082787514,-1.474298358,1.94214046,-5.53125,-47.71875,28.05000114,210.4478332,,,,88.53123092,24.373276412,Bump,,-3.299702406,10.10130072,-0.181854524,-15.97500038,-63.18750381,12.75000095,-0.051923506,-0.020402884,0.073303773,-3.299702406,10.10130072,-0.181854524,20.1987477263918,32,83,18,21
5.26,-2.192077637,0.415637493,-0.301353984,-0.948700905,9.760509491,0.053033253,-0.009498947,-0.00641408,-0.016920955,0.396724209,0.433899894,0.600084305,0.542438567,-3.085749865,-1.473752677,1.940188468,-4.293750286,-47.71875,26.62500191,209.1596305,,,,88.53123074,24.373276359,Bump,,-2.873301411,10.34752235,-0.062691954,-14.73750019,-63.18750381,11.32500076,-0.016982041,-0.004276053,-0.016004657,-2.873301411,10.34752235,-0.062691954,20.196592780093507,32,83,18,21
5.27,-1.411448359,0.94869709,0.10937978,-0.954345167,9.759967327,0.051442921,-0.016493349,-0.026725335,0.02932151,0.396306649,0.433789089,0.600404114,0.542478532,-3.087740183,-1.473184049,1.93910265,-6.656250477,-49.91250229,24.86250114,206.4788922,0.17175293,996.4609375,,88.53123056,24.373276306,Bump,,-2.233939171,10.39394321,0.078963149,-17.10000038,-65.40000153,9.5625,-0.023976442,-0.024587307,0.030237807,-2.233939171,10.39394321,0.078963149,20.190936282877228,32,83,18,21
5.28,-1.604393721,0.51340723,-0.176280491,-0.964716494,9.758942604,0.052356724,0.01517999,-0.021807873,0.069821843,0.395874873,0.433720365,0.600893915,0.542306393,-3.08737421,-1.472118199,1.940306664,-8.100000381,-47.94375229,27.88125038,210.1797501,,,,88.53123038,24.373276253,Bump,,-2.801995337,10.20837975,-0.212363008,-18.54375076,-63.41250229,12.58125019,0.007696896,-0.019669846,0.070738141,-2.801995337,10.20837975,-0.212363008,20.18225501986604,32,83,18,21
5.29,-2.208136082,0.099175453,-0.519952416,-0.971115351,9.758303642,0.053381309,0.018356487,-0.007880156,0.017287474,0.395540565,0.433574021,0.601270854,0.54224956,-3.086678743,-1.47145772,1.941818714,-6.300000191,-49.14375305,26.77500153,208.5828833,,,2.473735332,88.5312302,24.3732762,Bump,,-3.078605652,10.04650517,-0.509192657,-16.72500038,-64.6312561,11.47500038,0.010873393,-0.005742129,0.01820377,-3.078605652,10.04650517,-0.509192657,20.2145888950502,32,83,18,21
5.3,-2.100180864,0.532011986,-0.556641936,-0.972707748,9.758152962,0.051763056,-0.010384701,-0.015577052,-0.049174615,0.395258948,0.433432996,0.601440042,0.542380005,-3.088427663,-1.471303463,1.940803528,-8.475000381,-47.25,26.73750114,209.5043514,,,,88.531229927,24.37327616,Bump,,-2.881437016,10.19916725,-0.531206626,-18.91875076,-62.71875381,11.4375,-0.017867794,-0.013439025,-0.048258318,-2.881437016,10.19916725,-0.531206626,20.2125160403652,32,83,18,21
5.31,-1.723731875,0.492885113,-0.534267768,-0.972825974,9.758145332,0.050906841,0.026297729,-0.037323838,-0.024251332,0.394901887,0.433095127,0.601688385,0.542634487,-3.089312077,-1.471295953,1.941133976,-8.756250381,-50.21250153,25.70625114,207.1101413,0.216674805,996.4553833,,88.531229654,24.37327612,Bump,,-2.253440678,10.21137071,-0.168693993,-19.18125153,-65.70000458,10.40625,0.018814635,-0.035185811,-0.023335034,-2.253440678,10.21137071,-0.168693993,20.21998870693145,32,83,18,21
5.32,-1.269649744,0.779117584,0.024945438,-0.978348583,9.757576466,0.054024735,0.032223118,-0.00839939,0.037873616,0.394671053,0.432894409,0.602066725,0.542542934,-3.086429715,-1.470713913,1.944749057,-6.281250477,-49.53750229,24.41250038,206.2344681,,,,88.531229381,24.37327608,Bump,,-2.679482746,10.21639557,0.108634148,-16.72500038,-65.0062561,9.112500191,0.024740024,-0.006261364,0.038789914,-2.679482746,10.21639557,0.108634148,20.219865473482955,32,83,18,21
5.33,-2.020901561,0.410656929,-0.066030457,-0.980691165,9.757324219,0.056961561,0.027275112,-0.007269291,-0.035613417,0.394472227,0.432597473,0.602379233,0.542577475,-3.083574295,-1.470456421,1.948460877,-6.300000191,-51.67500305,21.43125153,202.5253251,,,,88.53122910799999,24.37327604,Bump,,-2.916850805,10.19677429,-0.119162569,-16.72500038,-67.14375305,6.131250381,0.019792019,-0.005131264,-0.03469712,-2.916850805,10.19677429,-0.119162569,20.202217268224103,32,83,18,21
5.34,-1.725096107,0.460669994,-0.271629378,-0.975747317,9.757806778,0.059179978,0.027641631,0.00641408,-0.096455549,0.394440502,0.432203799,0.602452606,0.542832762,-3.08101511,-1.470949233,1.951781571,-7.518750191,-48.35625076,25.38750076,207.6999085,,,,88.531228835,24.373276,Bump,,-2.481357098,10.16052294,-0.193220427,-17.96250153,-63.82500076,10.08750057,0.020158538,0.008552107,-0.095539251,-2.481357098,10.16052294,-0.193220427,20.21075949660722,32,83,18,21
5.35,-1.173219502,0.669548512,-0.086424239,-0.972275943,9.758141518,0.061098665,0.021074835,-0.022907429,-0.059253884,0.394376978,0.431859389,0.602552712,0.543041915,-3.078834295,-1.471292019,1.95468688,-8.493750572,-50.15625381,24.54375076,206.0746192,0.25630188,996.4506836,,88.531228562,24.37327596,Bump,,-1.953979039,10.35852909,0.055513485,-18.9375,-65.64375305,9.243750572,0.013591741,-0.020769402,-0.058337587,-1.953979039,10.35852909,0.055513485,20.217790629195296,32,83,18,21
5.36,-0.792932034,0.65136528,0.134914517,-0.971482694,9.758203506,0.06374155,0.035582873,-0.001282816,-0.033780822,0.394396216,0.43168202,0.602646232,0.54306519,-3.076073885,-1.471356273,1.957725883,-5.4375,-46.95000076,28.57500076,211.3257894,,,,88.531228289,24.37327592,Bump,,-2.08235389,10.03250694,0.38285163,-15.88125038,-62.43750381,13.27500057,0.02809978,0.000855,-0.032864526,-2.08235389,10.03250694,0.38285163,20.213985895627097,32,83,18,21
5.37,-1.227722526,0.244445324,0.431890622,-0.967294514,9.758592606,0.067811444,0.02678642,-0.004459313,-0.089003,0.394500181,0.431358635,0.602700591,0.543186247,-3.071600914,-1.471755505,1.962595105,-5.606250286,-50.26875305,26.04375076,207.3882334,,,,88.531228016,24.37327588,Bump,,-1.97503581,10.24654522,0.602512747,-16.05000114,-65.7562561,10.74375057,0.019303327,-0.002321286,-0.088086702,-1.97503581,10.24654522,0.602512747,20.18989392406973,32,83,18,21
5.38,-0.850723565,0.748978138,0.347756386,-0.962182879,9.759095669,0.068187635,-0.018020511,-0.012370012,-0.051770791,0.394522145,0.431131139,0.602647156,0.543410152,-3.07084322,-1.472275198,1.963730216,-6.937500477,-48.52500153,26.68125153,208.803995,,,,88.531227743,24.37327584,Bump,,-1.876930094,10.20538864,-0.095234342,-17.38125038,-64.01250458,11.38125038,-0.025503605,-0.010231985,-0.050854492,-1.876930094,10.20538864,-0.095234342,20.198021765412403,32,83,18,21
5.39,-1.107649595,0.435588837,-0.353135616,-0.963065892,9.758999825,0.069417745,0.041447174,-0.05723803,-0.002993237,0.394286349,0.430833116,0.602897584,0.543539852,-3.06963861,-1.472176492,1.965863287,-4.387500286,-49.83750153,24.43125153,206.1149357,0.251022339,996.4514771,,88.53122746999999,24.3732758,Bump,,-2.368296266,9.841081142,-0.276969213,-14.81250095,-65.30625153,9.131250381,0.033964081,-0.055100004,-0.00207694,-2.368296266,9.841081142,-0.276969213,20.18516637660606,32,83,18,21
5.4,-1.553544343,0.097486496,0.030210823,-0.962640285,9.758991241,0.076149072,0.063316134,0.003848448,-0.063713197,0.394262299,0.430371463,0.603209227,0.543577284,-3.062650442,-1.47216779,1.97369802,-6.581250191,-47.00625229,27.69375038,210.5044807,,,,88.53122719699999,24.37327576,Bump,,-2.685225582,9.924949837,0.482393044,-17.02500153,-62.47500229,12.39375019,0.05583304,0.005986475,-0.062796899,-2.685225582,9.924949837,0.482393044,20.21816204109035,32,83,18,21
5.41,-1.721628666,0.275220871,0.587888122,-0.951328278,9.760094166,0.076954186,-0.02489274,-0.014202606,-0.16584979,0.394353285,0.429917634,0.603054762,0.544041574,-3.060876727,-1.473316967,1.976145327,-6.600000381,-50.21250153,26.30625153,207.6499732,,,,88.531226924,24.37327572,Bump,,-2.132004976,9.68949585,0.402472772,-17.04375076,-65.70000458,11.00625038,-0.032375834,-0.01206458,-0.164933488,-2.132004976,9.68949585,0.402472772,20.204246985378035,32,83,18,21
5.42,-0.432757169,-0.462502956,-0.14790158,-0.93797195,9.761357307,0.080572426,0.037781986,0.048685922,-0.14446952,0.394773886,0.429564402,0.602741808,0.544362307,-3.055898309,-1.474649668,1.981052756,-7.950000286,-48.54375076,27.33750153,209.3861157,,,,88.531226651,24.37327568,Bump,,-1.250848025,9.346963406,-0.110668046,-18.39375114,-64.03125,12.03750038,0.030298893,0.050823949,-0.143553223,-1.250848025,9.346963406,-0.110668046,20.18914571222014,32,83,18,21
5.43,-0.550934374,-0.179851532,-0.09989585,-0.937162817,9.761411667,0.083327129,0.038392851,-0.03573559,-0.054305878,0.394569188,0.429131538,0.60301584,0.544548571,-3.052911282,-1.474706888,1.985152125,-4.800000191,-49.20000076,27.15000153,208.8912004,0.314437866,996.4439697,,88.531226378,24.37327564,Bump,,-1.276810181,9.446385193,-0.042113679,-15.24375057,-64.6875,11.85000038,0.030909758,-0.033597563,-0.053389582,-1.276810181,9.446385193,-0.042113679,20.206868027376235,32,83,18,21
5.44,-0.256853133,-0.101347446,-0.095562102,-0.94002825,9.761153221,0.081388883,-0.013744457,-0.042607818,-0.005345067,0.394180074,0.428948015,0.603267521,0.544696212,-3.055226326,-1.474432647,1.98382616,-6.843750477,-48.37500381,26.64375114,208.8448818,,,,88.531226105,24.3732756,Bump,,-1.57878437,9.517691231,0.089970129,-17.26875114,-63.86250305,11.34375,-0.021227551,-0.040469791,-0.00442877,-1.57878437,9.517691231,0.089970129,20.204725129618318,32,83,18,21
5.45,-0.778447807,-0.199896812,0.103263443,-0.94843027,9.76033783,0.081661828,0.020433426,-0.051495901,-0.041844238,0.393356413,0.428392351,0.60401687,0.544898361,-3.055705905,-1.473572195,1.985718846,-6.131250381,-46.65000153,28.53750038,211.45564,,,,88.53122583199999,24.37327556,Bump,,-1.819143385,9.27757144,0.407976262,-16.57500076,-62.11875153,13.23750019,0.012950334,-0.049357875,-0.040927939,-1.819143385,9.27757144,0.407976262,20.194326508721318,32,83,18,21
5.46,-0.80930993,-0.16738224,0.51976043,-0.955682009,9.759531975,0.092637479,0.036071565,0.000428,-0.076541356,0.392934427,0.427566931,0.604907185,0.544863582,-3.044965029,-1.472729504,1.998601019,-6.168750286,-46.03125,28.42500114,211.6959648,,,,88.53122555899999,24.37327552,Bump,,-1.805145431,9.633982277,0.647019237,-16.61250114,-61.50000381,13.12500095,0.028588472,0.002565632,-0.07562506,-1.805145431,9.633982277,0.647019237,20.184542303687984,32,83,18,21
5.47,-0.988108367,-0.229669094,0.259183541,-0.961729288,9.758855343,0.101091001,0.009010256,-0.021227551,-0.094836758,0.392424077,0.426744327,0.605742306,0.544948369,-3.036864281,-1.472026289,2.008994222,-7.762500286,-51.33750153,24.97500038,205.9422952,0.34085083,996.4407349,,88.531225286,24.37327548,Bump,,-1.789831352,9.247780991,-0.001435696,-18.1875,-66.82500458,9.675000191,0.001527162,-0.019089524,-0.09392046,-1.789831352,9.247780991,-0.001435696,20.20686292782371,32,83,18,21
5.48,-0.523641646,-0.666444778,-0.25346604,-0.964718193,9.758552551,0.101765804,0.041325001,0.005314524,-0.087536924,0.391763031,0.426100194,0.606321305,0.545284122,-3.036493421,-1.471714437,2.011622071,-7.800000191,-48.65625381,26.19375038,208.2954874,,,,88.531225013,24.37327544,Bump,,-1.339980692,9.065806627,0.005982056,-18.24375153,-64.125,10.89375019,0.033841909,0.00745255,-0.086620626,-1.339980692,9.065806627,0.005982056,20.200812308036152,32,83,18,21
5.49,-0.397142321,-0.680804253,0.167006157,-0.963423878,9.758631229,0.106408358,0.033750278,-0.027183483,-0.087353664,0.39154017,0.425506443,0.606683761,0.545504659,-3.031590104,-1.471794903,2.017946243,-2.325000048,-46.27500153,29.94375038,212.906205,,,,88.53122474,24.3732754,Bump,,-1.195932758,8.955856895,0.33212378,-12.76875019,-61.76250076,14.64375019,0.026267186,-0.025045456,-0.086437367,-1.195932758,8.955856895,0.33212378,20.210892735669425,32,83,18,21
5.5,0.12187624,-0.506052971,0.280516326,-0.96055758,9.758870125,0.110270977,0.00858265,-0.029626941,-0.045875946,0.391656041,0.425268173,0.606730402,0.545555413,-3.027293921,-1.472042441,2.022463322,-7.687500477,-50.21250153,25.68750191,207.0931875,,,,88.531224467,24.37327536,Bump,,-0.970887795,8.992825747,0.275772812,-18.13125038,-65.70000458,10.38750076,0.001099557,-0.027488915,-0.044959647,-0.970887795,8.992825747,0.275772812,20.200809311397887,32,83,18,21
5.51,-0.08708784,-0.578483105,0.100724857,-0.961329848,9.758784771,0.111102097,0.022266022,-0.051618074,0.018264857,0.391543955,0.425126061,0.606862426,0.545599818,-3.026532531,-1.471954882,2.023663163,-8.606250763,-50.41875076,25.48125076,206.8116846,0.253662109,996.4510498,,88.53122419399999,24.37327532,Bump,,-1.309831131,8.908478737,0.084227356,-19.05000114,-65.90625,10.18125057,0.014782928,-0.049480047,0.019181154,-1.309831131,8.908478737,0.084227356,20.21409330564334,32,83,18,21
5.52,-0.511979073,-0.718754768,0.032105815,-0.963022351,9.758576393,0.114696559,0.034055712,-0.017715079,-0.011300998,0.391460553,0.424884632,0.607102573,0.545580566,-3.023050427,-1.471739709,2.027701259,-6.918750286,-45.31875229,28.06875038,211.7725347,,,,88.53122392099999,24.37327528,Bump,,-1.699382639,9.209495735,0.399122816,-17.36250114,-60.78750229,12.76875019,0.026572617,-0.015577052,-0.010384701,-1.699382639,9.209495735,0.399122816,20.202088944802863,32,83,18,21
5.53,-0.763986617,-0.419653416,0.304960907,-0.958468437,9.759002686,0.116569739,0.006383537,-0.025350888,-0.076174839,0.391465679,0.424572244,0.607129872,0.545789629,-3.020566463,-1.472179294,2.030733705,-6.562500477,-49.87500381,25.74375153,207.3012178,,,,88.531223648,24.37327524,Bump,,-1.405185074,9.371489763,0.324825672,-17.00625038,-65.34375,10.44375038,-0.001099556,-0.023212862,-0.075258541,-1.405185074,9.371489763,0.324825672,20.202463035629204,32,83,18,21
5.54,-0.19045043,-0.472581387,0.129441738,-0.95395264,9.759423733,0.118404463,0.01970039,-0.023640467,-0.03536907,0.391510054,0.424307644,0.607125252,0.545968682,-3.018104315,-1.472615361,2.033592701,-7.612500191,-48.45000076,27.05625153,209.1805875,,,,88.531223375,24.3732752,Bump,,-0.916451061,9.376036263,0.424965298,-18.03750038,-63.91875076,11.75625038,0.012217295,-0.02150244,-0.034452773,-0.916451061,9.376036263,0.424965298,20.215115513753048,32,83,18,21
5.55,0.013286442,-0.49847126,0.60322392,-0.953425616,9.759427071,0.122286584,0.037262752,-0.029474226,-0.008552107,0.391561463,0.424099967,0.607248217,0.545956433,-3.014028907,-1.472619355,2.037939429,-6.825000286,-48.67500305,29.51250076,211.2291618,0.221954346,996.4547119,,88.531223102,24.37327516,Bump,,-0.91453681,9.210931587,0.938465035,-17.26875114,-64.1625061,14.21250057,0.029779659,-0.027336199,-0.00763581,-0.91453681,9.210931587,0.938465035,20.19623108926919,32,83,18,21
5.56,0.056075275,-0.146544933,0.907465279,-0.953684568,9.759375095,0.124358717,-0.002657262,-0.024617851,0.002993238,0.391581789,0.424005106,0.607325345,0.54592976,-3.011925697,-1.472566128,2.040170193,-4.837500095,-47.51250076,27.50625038,210.0676915,,,,88.531222829,24.37327512,Bump,,-0.907478005,9.429515839,0.872183844,-15.28125095,-63.00000381,12.20625019,-0.010140355,-0.022479824,0.003909534,-0.907478005,9.429515839,0.872183844,20.185524522137555,32,83,18,21
5.57,-0.081019998,0.181444168,0.504237294,-0.955394328,9.75921154,0.124154434,-0.000825,-0.060536698,0.02376264,0.391445488,0.423941791,0.607441306,0.545947671,-3.012365818,-1.472394943,2.040070534,-8.137500763,-51.78750229,25.81875038,206.4986303,,,,88.531222556,24.37327508,Bump,,-1.319402385,9.194660378,0.241196524,-18.58125114,-67.27500153,10.51875019,-0.008307761,-0.058398673,0.024678937,-1.319402385,9.194660378,0.241196524,20.181432582884533,32,83,18,21
5.58,-0.364633501,-0.46366787,0.096373513,-0.959545702,9.758776665,0.126233101,0.03130682,-0.05054906,0.052534371,0.39123641,0.42376323,0.607740015,0.545903683,-3.010789752,-1.471945643,2.042302608,-7.518750191,-48.11250305,29.17500114,211.2322563,,,,88.53122228299999,24.37327504,Bump,,-1.359123278,9.510991478,0.708754063,-17.96250153,-63.60000229,13.87500095,0.023823726,-0.048411032,0.053450669,-1.359123278,9.510991478,0.708754063,20.210669235674093,32,83,18,21
5.59,-0.544890195,-0.19552803,0.744393587,-0.963123918,9.758387089,0.129098162,-0.000214,-0.028893904,-0.000794,0.391117826,0.423610955,0.607996225,0.545821577,-3.008346081,-1.471543729,2.045202255,-4.350000381,-50.41875076,26.06250191,207.3353838,0.187606812,996.4588013,,88.53122201,24.373275,Bump,,-1.563709617,9.706485033,1.002592668,-14.79375076,-65.88750458,10.76250076,-0.007696897,-0.026755878,0.000122,-1.563709617,9.706485033,1.002592668,20.205546989152623,32,83,18,21
5.6,-0.502972692,-0.158717632,0.617887378,-0.961964339,9.758505344,0.128782004,-0.016584979,-0.022418737,-0.022663083,0.391021878,0.423472509,0.608044028,0.545944452,-3.008509994,-1.471665621,2.045448065,-8.193750381,-50.77500153,24.0,205.2988625,,,,88.531221737,24.37327496,Bump,,-1.116012478,9.523434067,0.433100903,-18.63750076,-66.24375153,8.700000763,-0.024068072,-0.02028071,-0.021746786,-1.116012478,9.523434067,0.433100903,20.20928123448635,32,83,18,21
5.61,-0.165837646,-0.396300793,0.102279522,-0.963220626,9.758352757,0.13092386,0.041233373,-0.04413498,0.013439025,0.390940636,0.423304036,0.608214021,0.545943975,-3.006498337,-1.47150892,2.047887444,-8.25,-47.00625229,27.73125076,210.5384004,,,,88.531221464,24.37327492,Bump,,-1.09591279,9.194660378,0.275174608,-18.67500114,-62.49375153,12.43125057,0.033750279,-0.041996953,0.014355323,-1.09591279,9.194660378,0.275174608,20.1901534646244,32,83,18,21
5.62,-0.172349274,-0.257592201,0.311187685,-0.968338102,9.757811069,0.133584499,0.017623449,-0.044898561,0.046242464,0.39076063,0.423163727,0.608526051,0.545833886,-3.004505515,-1.470952511,2.050415993,-6.356250286,-49.20000076,26.53125191,208.3359023,,,,88.531221191,24.37327488,Bump,,-1.380658656,9.180063963,0.476769909,-16.80000114,-64.6875,11.23125076,0.010140355,-0.042760535,0.047158761,-1.380658656,9.180063963,0.476769909,20.18775180525986,32,83,18,21
5.63,-0.517992228,-0.259431362,0.287068829,-0.97407946,9.757256031,0.132330798,-0.024740023,-0.075747232,0.045662142,0.39036791,0.42305772,0.608840197,0.54584673,-3.006567121,-1.470386565,2.049198031,-8.25,-48.43125153,26.41875076,208.6120137,0.08984375,996.4705811,,88.531220918,24.37327484,Bump,,-1.523270893,9.106604576,0.23976083,-18.69375038,-63.91875076,11.11875057,-0.032223117,-0.073609206,0.04657844,-1.523270893,9.106604576,0.23976083,20.18368233973444,32,83,18,21
5.64,-0.403595328,-0.438876152,-0.032426678,-0.979040265,9.756741524,0.133609399,0.03008509,-0.056382819,0.045142908,0.390123755,0.422924697,0.609140277,0.545789599,-3.005960464,-1.469865799,2.050439596,-6.900000095,-48.07500076,27.24375153,209.5399109,,,,88.53122064499999,24.3732748,Bump,,-1.807777524,9.102297544,0.279362045,-17.32500076,-63.56250381,11.94375038,0.022601997,-0.054244792,0.046059204,-1.807777524,9.102297544,0.279362045,20.198044702962974,32,83,18,21
5.65,-0.824421734,-0.4772439,0.301722981,-0.983801156,9.756224155,0.136415437,0.015302163,-0.033047785,0.03121519,0.3899239,0.422736675,0.60946995,0.545710027,-3.00380969,-1.469343185,2.053243637,-7.650000095,-48.54375076,27.31875038,209.3693099,,,,88.53122037199999,24.37327476,Bump,,-1.753938985,9.330572701,0.699182761,-18.09375,-64.03125,12.01875019,0.007819069,-0.030909758,0.032131487,-1.753938985,9.330572701,0.699182761,20.20860743198422,32,83,18,21
5.66,-0.770414948,-0.212427139,0.604557514,-0.986194581,9.755988121,0.136034735,-0.036193738,-0.025045456,-0.005955932,0.389723331,0.422642171,0.609635562,0.545741498,-3.004518151,-1.469105005,2.053036571,-6.300000191,-47.83125305,28.98750114,211.2174066,,,,88.531220099,24.37327472,Bump,,-1.385922885,9.581340599,0.513499746,-16.72500038,-63.30000305,13.68750095,-0.043676833,-0.02290743,-0.005039634,-1.385922885,9.581340599,0.513499746,20.201688688189225,32,83,18,21
5.67,-0.173308015,-0.273415565,0.073298514,-0.986080408,9.756005287,0.135607213,0.006994401,-0.014110976,-0.008124501,0.389645651,0.422577068,0.609675944,0.545802295,-3.004928589,-1.469123185,2.052874804,-6.300000191,-47.83125305,28.98750114,211.2174066,0.055496216,996.4747314,,88.531219826,24.37327468,Bump,,-1.054636568,9.63828969,0.132801659,-16.72500038,-63.30000305,13.68750095,-0.000489,-0.01197295,-0.007208204,-1.054636568,9.63828969,0.132801659,20.204402251701616,32,83,18,21
5.68,-0.13690266,-0.041893482,0.121738866,-0.990997314,9.755494595,0.136474691,0.006750055,-0.081306101,0.066401,0.389335766,0.42239368,0.610008508,0.545793772,-3.004735947,-1.4686113,2.053902507,-6.243750095,-48.73125076,27.84375191,209.7425084,,,,88.531219553,24.37327464,Bump,,-0.891565728,9.912985611,0.436450857,-16.66875076,-64.21875,12.54375076,-0.000733,-0.079168075,0.067317299,-0.891565728,9.912985611,0.436450857,20.22379868845437,32,83,18,21
5.69,-0.182455331,0.33983469,0.360821828,-1.002931982,9.754299164,0.134725906,-0.017867795,-0.05497783,0.114842581,0.388866097,0.422504872,0.610430092,0.545571089,-3.008056521,-1.467422485,2.051159024,-5.043750286,-48.58125305,28.44375038,210.3484695,,,,88.53121928,24.3732746,Bump,,-1.679282928,9.805787277,0.356530571,-15.46875095,-64.0687561,13.14375019,-0.025350888,-0.052839804,0.115758874,-1.679282928,9.805787277,0.356530571,20.20204093932468,32,83,18,21
5.7,-1.174214482,0.0218997,0.004786693,-1.010460973,9.753516674,0.13518694,0.012370012,-0.063713197,0.040744681,0.388426796,0.42231676,0.610874534,0.545532256,-3.00859499,-1.466651499,2.051678061,-5.043750286,-48.58125305,28.44375038,210.3484695,,,,88.53121900699999,24.37327456,Bump,,-2.249851495,9.543772936,0.087338027,-15.46875095,-64.0687561,13.14375019,0.004886918,-0.061575169,0.041660979,-2.249851495,9.543772936,0.087338027,20.20884708072034,32,83,18,21
5.71,-1.102777481,0.558767319,0.272414207,-1.011491418,9.753396988,0.136035115,0.0011301,-0.038179049,-0.017287473,0.388238341,0.4220981,0.611068666,0.545618236,-3.007905245,-1.466535687,2.053067684,-6.206250191,-50.26875305,24.01875114,205.5387874,0.079269409,996.4716797,,88.53121873399999,24.37327452,Bump,,-1.88650136,9.856515121,0.536470842,-16.65000153,-65.73750305,8.71875,-0.006352994,-0.036041022,-0.016371175,-1.88650136,9.856515121,0.536470842,20.219494540978747,32,83,18,21
5.72,-0.74977383,0.221570492,0.517398238,-1.012244761,9.753339291,0.13461829,-0.025961752,-0.04214967,-0.001832594,0.388053149,0.422012702,0.611159056,0.545714796,-3.009378672,-1.466478407,2.052060008,-4.368750095,-47.79375076,26.26875114,208.7943973,,,,88.531218461,24.37327448,Bump,,-1.34189496,9.67944622,0.629790926,-14.81250095,-63.28125381,10.96875,-0.033444847,-0.040011644,-0.000916,-1.34189496,9.67944622,0.629790926,20.203582120341284,32,83,18,21
5.73,-0.215024173,-0.097606659,0.414475948,-1.014358222,9.753118992,0.13464693,-0.001924224,-0.008613193,0.016798781,0.387948707,0.421987176,0.611264855,0.545690328,-3.00962317,-1.466263413,2.052032232,-4.368750095,-47.79375076,26.26875114,208.7943973,,,,88.531218188,24.37327444,Bump,,-1.375873029,9.507880926,0.485743001,-14.81250095,-63.28125381,10.96875,-0.009407318,-0.006475167,0.017715079,-1.375873029,9.507880926,0.485743001,20.2119522617299,32,83,18,21
5.74,-0.365088463,0.151845455,0.234138496,-1.018413007,9.752724648,0.132622905,-0.034910922,-0.059314969,0.044043349,0.38765274,0.421961367,0.611451715,0.545711219,-3.012095332,-1.46587801,2.050101995,-8.850000381,-46.98750305,29.26875114,211.9189854,,,,88.531217915,24.3732744,Bump,,-1.273460221,9.85125103,0.04737789,-19.29375076,-62.45625305,13.96875095,-0.042394017,-0.057176944,0.044959648,-1.273460221,9.85125103,0.04737789,20.220782426058232,32,83,18,21
5.75,-0.235731304,0.407467365,-0.327575311,-1.027675629,9.751812458,0.128129132,-0.027488915,-0.053297952,0.099112811,0.387130246,0.422066137,0.611765504,0.545649409,-3.017552853,-1.464993715,2.045333624,-6.937500477,-46.38750076,27.60000038,210.7521324,0.026428223,996.4780273,,88.531217642,24.37327436,Bump,,-1.578784394,9.744530869,-0.411086936,-17.36250114,-61.87500381,12.30000019,-0.034972009,-0.051159926,0.100029105,-1.578784394,9.744530869,-0.411086936,20.22346794964898,32,83,18,21
5.76,-0.964040816,0.109463215,-0.334628642,-1.033506274,9.751204491,0.127511956,0.01395826,-0.063591024,0.022052219,0.386712894,0.421893984,0.612127125,0.545672953,-3.018834829,-1.464408696,2.045048594,-7.143750191,-46.91250229,29.47500038,212.1410371,,,,88.53121736899999,24.37327432,Bump,,-2.12183547,9.948758602,0.222532501,-17.58750153,-62.40000153,14.17500019,0.006475167,-0.061452998,0.022968516,-2.12183547,9.948758602,0.222532501,20.19065879299948,32,83,18,21
5.77,-0.42080009,0.459521294,0.556876838,-1.033450544,9.751235962,0.12561997,-0.029321509,-0.033750278,-0.019089524,0.386479393,0.4217484,0.612225115,0.545840979,-3.020632386,-1.464437902,2.043906927,-7.406250477,-49.66875076,26.60625076,208.1767897,,,,88.53121709599999,24.37327428,Bump,,-1.21794672,10.14987507,0.785324383,-17.85000038,-65.15625,11.30625057,-0.036804604,-0.031612253,-0.018173227,-1.21794672,10.14987507,0.785324383,20.22131261119875,32,83,18,21
5.78,-0.271310329,-0.039146423,0.496788383,-1.035016418,9.75109005,0.123945668,-0.029413139,-0.016676608,0.023273948,0.386368096,0.421797693,0.612256348,0.545846641,-3.022408009,-1.464298487,2.042233229,-7.518750191,-50.43750381,26.10000038,207.3603034,,,,88.531216823,24.37327424,Bump,,-1.114576793,9.901021576,0.066999033,-17.94375038,-65.90625,10.80000019,-0.036896232,-0.014538581,0.024190245,-1.114576793,9.901021576,0.066999033,20.203661109435288,32,83,18,21
5.79,-0.194024622,0.137795925,-0.302751455,-1.039549887,9.750609875,0.123794705,0.010415244,-0.043676832,0.057604548,0.386208892,0.421828389,0.612423956,0.545747548,-3.023065805,-1.463838995,2.041780472,-5.90625,-49.16250229,28.05000114,209.7072144,0.010574341,996.4797974,,88.53121655,24.3732742,Bump,,-1.753340811,10.01815009,-0.43190448,-16.35000038,-64.65000153,12.75000095,0.002932151,-0.041538805,0.058520847,-1.753340811,10.01815009,-0.43190448,20.194324299297133,32,83,18,21
5.8,-0.771443784,0.360864639,-0.413656533,-1.047427416,9.749793053,0.121724755,0.001527162,-0.095447622,0.049938195,0.385624588,0.421649665,0.612874776,0.545792758,-3.02589798,-1.463061452,2.040236592,-4.743750095,-48.65625381,28.83750153,210.6542985,,,,88.531216277,24.37327416,Bump,,-1.744846272,9.630632591,0.117248311,-15.18750095,-64.125,13.53750038,-0.005955932,-0.093309596,0.050854493,-1.744846272,9.630632591,0.117248311,20.202668635412177,32,83,18,21
5.81,-0.754544139,0.050057411,0.459910125,-1.052871346,9.749208927,0.121532183,-0.006200278,-0.052351111,0.030604326,0.38524738,0.421477899,0.613219261,0.545804888,-3.026671886,-1.462509036,2.04038918,-7.950000286,-47.36250305,26.88750076,209.5834016,,,,88.531216004,24.37327412,Bump,,-1.829312921,9.815358639,1.037886828,-18.375,-62.85000229,11.58750057,-0.013683371,-0.050213085,0.031520623,-1.829312921,9.815358639,1.037886828,20.224066841760795,32,83,18,21
5.82,-0.559579015,0.141593456,0.911044747,-1.05493933,9.74900198,0.120226122,-0.046761698,0.007635809,-0.002138027,0.385125861,0.421514615,0.613279998,0.54579404,-3.028117299,-1.462313056,2.039082766,-7.537500381,-49.85625076,24.46875191,206.1411598,,,,88.531215731,24.37327408,Bump,,-1.605584025,10.00726299,0.935593641,-17.98125076,-65.32500458,9.168750763,-0.054244792,0.009773836,-0.001221729,-1.605584025,10.00726299,0.935593641,20.205315927012684,32,83,18,21
5.83,-0.445219338,0.346514225,0.394772798,-1.056748033,9.748854637,0.116239991,-0.043371399,-0.039095346,0.005192351,0.384855136,0.421540841,0.613337159,0.545900524,-3.032034039,-1.462174833,2.035582423,-6.487500191,-48.76875305,24.91875076,207.0650928,0.063415527,996.4735107,,88.53121545799999,24.37327404,Bump,,-1.214118207,9.969934654,0.267996135,-16.93125153,-64.2562561,9.618750572,-0.050854492,-0.036957319,0.006108648,-1.214118207,9.969934654,0.267996135,20.199593966104565,32,83,18,21
5.84,-0.386276245,-0.08973217,0.048942614,-1.061154723,9.74835968,0.117514968,0.023365578,-0.035002552,0.03573559,0.384658992,0.421434179,0.613593549,0.545832962,-3.031298876,-1.461710989,2.036821961,-7.743750095,-50.55000305,24.20625114,205.5877824,,,,88.531215185,24.373274,Bump,,-1.641476363,9.523434162,0.265603313,-18.16875076,-66.0375061,8.90625,0.015882484,-0.032864526,0.036651886,-1.641476363,9.523434162,0.265603313,20.21258865423234,32,83,18,21
5.85,-0.860235214,0.675665855,0.582568944,-1.070457101,9.747297287,0.121283568,-0.023304492,-0.076297012,0.03243692,0.384160191,0.421045303,0.614246666,0.545749784,-3.028773308,-1.460719228,2.040841341,-7.912500381,-50.47500229,25.21875191,206.5480224,,,,88.531214912,24.37327396,Bump,,-1.882672882,9.550712395,0.516849691,-18.35625076,-65.96250153,9.918750763,-0.030787585,-0.074158984,0.033353216,-1.882672882,9.550712395,0.516849691,20.19753183226145,32,83,18,21
5.86,-0.7166664,0.016767979,0.342165068,-1.084220827,9.74578476,0.120506249,-0.048716467,-0.036346454,0.039400779,0.383394882,0.420838088,0.614959478,0.545644999,-3.030902386,-1.459325016,2.040334821,-6.656250477,-48.60000229,27.07500076,209.1221251,,,,88.531214639,24.37327392,Bump,,-2.222453642,9.141539669,0.123469643,-17.10000038,-64.0687561,11.77500057,-0.056199559,-0.034208428,0.040317076,-2.222453642,9.141539669,0.123469643,20.191402577567416,32,83,18,21
5.87,-1.143584669,-0.336869717,-0.001769766,-1.104907036,9.743486881,0.118458707,-0.012064579,-0.038423394,0.009834923,0.381968066,0.420267493,0.616205931,0.545679182,-3.034789205,-1.45723778,2.039806247,-8.700000763,-49.87500381,25.12500191,206.73711,0.073989868,996.4725342,,88.531214366,24.37327388,Bump,,-2.231905371,9.06700325,0.099302137,-19.14375114,-65.34375,9.825000763,-0.019547673,-0.036285368,0.01075122,-2.231905371,9.06700325,0.099302137,20.193667428818703,32,83,18,21
5.88,-0.918371916,-0.461611748,0.027998477,-1.119784713,9.741788864,0.118418448,-0.017195844,-0.012278382,-0.033414303,0.380853936,0.419664606,0.617231488,0.545762897,-3.03623271,-1.455719113,2.041257381,-7.050000191,-50.71875381,24.86250114,206.1142468,,,,88.531214093,24.37327384,Bump,,-1.951586151,9.490891743,0.214875478,-17.49375153,-66.1875,9.5625,-0.024678937,-0.010140355,-0.032498007,-1.951586151,9.490891743,0.214875478,20.193453179606543,32,83,18,21
5.89,-0.598981082,-0.404868126,-0.133247357,-1.129056871,9.740769386,0.114065245,-0.039400778,-0.027030766,-0.02367101,0.379880235,0.419245914,0.617898673,0.546008348,-3.040906668,-1.454818785,2.03894186,-6.900000095,-45.26250076,29.71875191,213.2883666,,,,88.53121381999999,24.3732738,Bump,,-1.305524039,9.309037209,-0.147876441,-17.34375,-60.73125076,14.41875076,-0.046883871,-0.02489274,-0.022754714,-1.305524039,9.309037209,-0.147876441,20.19391638626072,32,83,18,21
5.9,-0.036771238,-0.257825851,-0.256464332,-1.132877827,9.740395069,0.108046517,-0.006566796,-0.021563527,0.017898338,0.379361138,0.419207841,0.618082076,0.546190828,-3.046506763,-1.454488277,2.034284711,-6.750000477,-46.96875,29.23125076,211.8962884,,,,88.531213547,24.37327376,Bump,,-1.103689432,9.808180094,0.021535399,-17.19375038,-62.45625305,13.93125057,-0.01404989,-0.0194255,0.018814635,-1.103689432,9.808180094,0.021535399,20.19264456531953,32,83,18,21
5.91,-0.362027287,0.031032085,-0.083284676,-1.13977915,9.739641666,0.103255991,-0.021074835,-0.06734784,0.014049891,0.378677696,0.41904074,0.618479908,0.546342939,-3.051243663,-1.453827918,2.030982733,-8.90625,-49.81875229,26.02500153,207.5822824,0.029067993,996.4778442,,88.531213274,24.37327372,Bump,,-1.423729491,9.743095016,-0.10815558,-19.35000038,-65.30625153,10.72500038,-0.028557928,-0.065209814,0.014966187,-1.423729491,9.743095016,-0.10815558,20.21180041583448,32,83,18,21
5.92,-0.337974191,0.298365593,-0.440960765,-1.146247387,9.738960266,0.095654324,-0.031245733,-0.056504992,0.044287696,0.377973586,0.419009626,0.61876756,0.546528697,-3.058335781,-1.453234792,2.02512908,-7.031250477,-48.58125305,25.80000114,207.9713892,,,,88.531213001,24.37327368,Bump,,-1.777867198,9.806385279,-0.465404011,-17.47500038,-64.05000305,10.5,-0.038728827,-0.054366965,0.045203994,-1.777867198,9.806385279,-0.465404011,20.192428769699603,32,83,18,21
5.93,-0.75811851,0.277957916,-0.41571413,-1.156901658,9.737764359,0.088949673,0.01084285,-0.078343408,0.010079269,0.376888171,0.418672457,0.619434297,0.546781152,-3.064854741,-1.45219934,2.021008849,-6.637500286,-48.05625153,26.58750153,208.9539093,,,,88.531212728,24.37327364,Bump,,-2.036292028,9.825408173,0.120119692,-17.0625,-63.54375076,11.28750038,0.003359756,-0.076205382,0.010995566,-2.036292028,9.825408173,0.120119692,20.19797042604328,32,83,18,21
5.94,-0.750056982,0.466394424,0.409808137,-1.168060064,9.736409664,0.091303535,-0.012431099,-0.041233373,-0.022296564,0.376039356,0.418047905,0.620314777,0.546845406,-3.063586593,-1.451037765,2.024755239,-9.1875,-49.29375076,25.55625153,207.4043957,,,,88.531212455,24.3732736,Bump,,-1.782652855,10.37527895,0.731007323,-19.63125038,-64.76250458,10.25625038,-0.019914192,-0.039095345,-0.021380267,-1.782652855,10.37527895,0.731007323,20.219082479992103,32,83,18,21
5.95,-0.586479068,0.756994724,0.357606083,-1.175011218,9.735546589,0.094113335,-0.047983428,-0.026206098,-0.012644901,0.375676766,0.417760789,0.6207937,0.546770573,-3.061666965,-1.450303793,2.027758479,-8.400000572,-50.58750153,25.50000191,206.7516275,0.063415527,996.4737549,,88.53121218199999,24.37327356,Bump,,-1.750110483,10.20299568,0.052163538,-18.84375,-66.05625153,10.20000076,-0.055466522,-0.024068072,-0.011728604,-1.750110483,10.20299568,0.052163538,20.20136797440605,32,83,18,21
5.96,-0.498298347,0.241265774,-0.521742746,-1.179116189,9.735094547,0.089444254,0.027641632,0.009010255,-0.047342021,0.374967724,0.417432681,0.621182859,0.547065794,-3.065881371,-1.449920475,2.025304198,-7.762500286,-48.30000305,27.67500114,209.8119045,,,,88.53121190899999,24.37327352,Bump,,-1.685982847,9.955578041,-0.443629318,-18.20625114,-63.78750229,12.37500095,0.020158538,0.011148282,-0.046425723,-1.685982847,9.955578041,-0.443629318,20.20847455028546,32,83,18,21
5.97,-0.434111655,0.469779491,-0.209015328,-1.177756071,9.735317707,0.082873933,-0.002779435,-0.06298016,-0.087659097,0.374211848,0.416934744,0.621461391,0.547646463,-3.07134378,-1.450109303,2.021995425,-8.643750191,-48.03750229,27.50625038,209.7954313,,,,88.531211636,24.37327348,Bump,,-1.25802654,10.21137047,0.057427741,-19.08750153,-63.50625229,12.20625019,-0.010262528,-0.060842132,-0.086742799,-1.25802654,10.21137047,0.057427741,20.188206965970554,32,83,18,21
5.98,0.549171865,0.267371178,0.099292077,-1.170782566,9.736172676,0.08127632,-0.017195843,-0.043432486,-0.011178825,0.374410123,0.416958153,0.621159554,0.547835529,-3.072283268,-1.450834751,2.020705938,-8.193750381,-46.95000076,27.97500038,210.7884581,,,,88.531211363,24.37327344,Bump,,-0.636012256,9.837850952,0.232582363,-18.61875153,-62.43750381,12.67500019,-0.024678938,-0.041294459,-0.010262528,-0.636012256,9.837850952,0.232582363,20.18873041559352,32,83,18,21
5.99,0.381205767,0.235856056,0.130475782,-1.168137252,9.736479282,0.082628272,0.002290743,-0.035888306,0.047494737,0.374711692,0.417098686,0.6209566,0.54775241,-3.070974946,-1.451096237,2.02126801,-6.825000286,-46.95000076,27.95625114,210.7715694,0.079269409,996.4718018,,88.53121109,24.3732734,Bump,,-1.252403402,9.873264694,-0.209611272,-17.26875114,-62.41875076,12.65625095,-0.005192351,-0.033750278,0.048411034,-1.252403402,9.873264694,-0.209611272,20.182579714214064,32,83,18,21
6.0,-0.353969336,0.236340523,-0.523659945,-1.171921551,9.736074924,0.076268528,-0.004856375,-0.055527609,-0.01508836,0.374123111,0.417001829,0.621176958,0.547978461,-3.076601386,-1.450752139,2.016800761,-5.700000286,-49.46250153,27.45000076,209.0287802,,,,88.531210817,24.37327336,Bump,,-2.029711783,9.671789169,-0.90329057,-16.14375114,-64.95000458,12.15000057,-0.012339468,-0.053389582,-0.014172063,-2.029711783,9.671789169,-0.90329057,20.187788602396413,32,83,18,21
6.01,-0.667011857,-0.059710979,-0.988116354,-1.178431392,9.735395908,0.06108533,0.027641632,-0.079412421,-0.057421289,0.372466356,0.416376129,0.621863455,0.548803598,-3.089802504,-1.450175583,2.007477522,-10.05000019,-49.80000305,24.75000191,206.4268231,,,,88.53121054399999,24.37327332,Bump,,-1.562513185,9.431549644,-0.61974107,-20.49375153,-65.2875061,9.450000763,0.020158538,-0.077274395,-0.056504992,-1.562513185,9.431549644,-0.61974107,20.192441673198275,32,83,18,21
6.02,-0.185494542,-0.107419491,-0.110880181,-1.180721104,9.735146046,0.056733469,0.023732096,-0.05564978,-0.018753548,0.371752366,0.415944368,0.622246176,0.549181342,-3.093579769,-1.44996351,2.005648851,-9.206250191,-48.86250305,27.39375114,209.2762676,,,,88.53121027099999,24.37327328,Bump,,-1.337109303,9.724431229,0.386680137,-19.65000153,-64.3500061,12.09375095,0.016249003,-0.053511754,-0.017837252,-1.337109303,9.724431229,0.386680137,20.188826602877462,32,83,18,21
6.03,-0.200017154,0.034464836,0.395406008,-1.184266508,9.734694958,0.060135804,-0.025747951,-0.042455103,0.008002329,0.371638626,0.415751442,0.622520328,0.549093753,-3.090857387,-1.449582815,2.008879781,-5.643750191,-48.22500229,27.24375153,209.4634089,0.010574341,996.4797974,,88.531209998,24.37327324,Bump,,-1.375872999,9.808179855,0.363709044,-16.08750153,-63.71250153,11.94375038,-0.033231044,-0.040317076,0.008918626,-1.375872999,9.808179855,0.363709044,20.18591965748877,32,83,18,21
6.04,-0.214461625,-0.028430939,0.125385039,-1.185160995,9.734570026,0.062658137,0.004886918,-0.002748891,-0.035888306,0.371548593,0.415526748,0.62270692,0.549113154,-3.088772416,-1.449477255,2.011497259,-8.287500381,-49.14375305,26.15625191,208.0236765,,,,88.531209725,24.3732732,Bump,,-1.267238879,9.877093124,0.223011075,-18.73125076,-64.6312561,10.85625076,-0.002596175,-0.000611,-0.034972008,-1.267238879,9.877093124,0.223011075,20.187984453268506,32,83,18,21
6.05,-0.121902466,0.210996628,0.165482387,-1.179153681,9.735286713,0.064665921,-0.005222894,-0.019975279,-0.081306103,0.371729195,0.415343106,0.622583508,0.549269795,-3.086806536,-1.450083017,2.013493061,-7.387500286,-47.83125305,28.35000038,210.6555917,,,,88.531209452,24.37327316,Bump,,-1.033101171,9.940383434,0.089132644,-17.83125114,-63.30000305,13.05000019,-0.012705988,-0.017837251,-0.080389805,-1.033101171,9.940383434,0.089132644,20.202507197264428,32,83,18,21
6.06,0.309893906,0.397254467,-0.06311072,-1.172019184,9.736158848,0.063030604,0.017379103,-0.059192798,-0.019120068,0.371860594,0.415287882,0.622328132,0.549511909,-3.087864876,-1.450823486,2.012334347,-5.081250191,-47.34375,26.83125114,209.5416459,,,,88.531209179,24.37327312,Bump,,-0.722632444,9.411928558,-0.278524557,-15.52500057,-62.83125305,11.53125,0.00989601,-0.057054771,-0.01820377,-0.722632444,9.411928558,-0.278524557,20.193322405876955,32,83,18,21
6.07,0.38173607,-0.152107239,-0.227370469,-1.167674661,9.736692429,0.061238734,0.01527162,-0.046883872,0.044745845,0.371964335,0.41533196,0.622120708,0.549643248,-3.089195609,-1.451278567,2.010769725,-7.706250191,-49.55625153,25.70625114,207.4170665,-0.055480957,996.4876099,,88.531208906,24.37327308,Bump,,-1.287338603,9.99817028,0.116291181,-18.15000153,-65.04375458,10.40625,0.007788526,-0.044745844,0.045662142,-1.287338603,9.99817028,0.116291181,20.200634969200312,32,83,18,21
6.08,-0.219376981,0.309971333,-0.09575272,-1.171792924,9.736215115,0.058302717,-0.021716243,-0.02706131,0.008246674,0.371586397,0.415269837,0.622330934,0.54970789,-3.091879249,-1.450872064,2.008821487,-7.425000191,-47.8125,27.71250153,210.0969186,,,,88.53120863299999,24.37327304,Bump,,-1.43808642,9.646664381,-0.506680187,-17.86875153,-63.28125381,12.41250038,-0.029199336,-0.024923283,0.009162972,-1.43808642,9.646664381,-0.506680187,20.207108877365734,32,83,18,21
6.09,-0.471659243,-0.037403107,-0.760439396,-1.17172879,9.736275673,0.048633795,0.022266021,-0.021807872,-0.080939583,0.370758846,0.414948672,0.622542471,0.550269246,-3.100111961,-1.450922966,2.002549529,-7.987500191,-46.03125,28.46250153,211.7297441,,,,88.53120836,24.373273,Bump,,-1.492164207,9.823972511,-0.645583546,-18.43125153,-61.51875305,13.16250038,0.014782928,-0.019669846,-0.080023286,-1.492164207,9.823972511,-0.645583546,20.215321250935236,32,83,18,21
6.1,0.180526078,-0.278273582,-0.396050483,-1.163127661,9.737333298,0.043140134,0.04612029,-0.030390522,-0.096058485,0.37044847,0.414578095,0.622437119,0.550876498,-3.104520082,-1.45182842,1.999338925,-6.693750381,-49.20000076,25.89375114,207.7576413,,,,88.531208087,24.37327296,Bump,,-0.600119931,9.629197121,0.088055873,-17.13750076,-64.66875458,10.59375,0.038637198,-0.028252495,-0.09514219,-0.600119931,9.629197121,0.088055873,20.18975442228299,32,83,18,21
6.11,0.789484829,-0.215851307,0.25408791,-1.153819203,9.738418579,0.04771062,0.017623448,-0.013988803,-0.002626718,0.371156305,0.414684549,0.621984839,0.550830811,-3.100265861,-1.452765226,2.002241969,-6.693750381,-49.65000153,25.96875191,207.6111992,-0.068695068,996.4893799,,88.531207814,24.37327292,Bump,,-0.271585373,9.444470882,0.202193514,-17.13750076,-65.13750458,10.66875076,0.010140356,-0.011850777,-0.001710421,-0.271585373,9.444470882,0.202193514,20.220323638730846,32,83,18,21
6.12,0.418415725,0.519836426,0.057626527,-1.15602982,9.738160133,0.046998315,-0.006322451,-0.060048007,0.045509426,0.371041924,0.414696157,0.62206769,0.550805569,-3.100960255,-1.452541232,2.00171423,-7.481250286,-50.51250076,27.13125038,208.2411136,,,,88.531207541,24.37327288,Bump,,-1.242353523,9.55023365,-0.384765892,-17.92500114,-66.0,11.83125019,-0.013805544,-0.05790998,0.046425723,-1.242353523,9.55023365,-0.384765892,20.21329795226898,32,83,18,21
6.13,-0.103717923,0.048380852,-0.530658409,-1.160389602,9.73764658,0.046166781,0.033902995,-0.071623895,0.042607818,0.37071915,0.414572552,0.622328699,0.550821096,-3.101828337,-1.452097178,2.00158906,-3.768750191,-49.48125076,25.25625038,207.0407033,,,,88.531207268,24.37327284,Bump,,-1.637169242,9.337751007,-0.324945307,-14.21250057,-64.95000458,9.956250191,0.026419901,-0.069485869,0.043524116,-1.637169242,9.337751007,-0.324945307,20.19097581906801,32,83,18,21
6.14,-0.582573175,-0.246398926,-0.028883219,-1.161106765,9.737537384,0.050744103,0.043279769,-0.032681265,-0.031703881,0.370632693,0.414213166,0.622597337,0.5508461,-3.097916842,-1.452004135,2.006257534,-9.112500191,-49.55625153,25.08750153,206.8504904,,,,88.53120699499999,24.3732728,Bump,,-1.719841272,9.891330719,0.864407167,-19.53750038,-65.04375458,9.787500381,0.035796676,-0.030543239,-0.030787585,-1.719841272,9.891330719,0.864407167,20.22191533149581,32,83,18,21
6.15,-0.326751113,0.121722698,0.937986672,-1.154566765,9.738308907,0.052015517,-0.017928881,-0.010445788,-0.083260871,0.370754331,0.413987711,0.622479469,0.551066875,-3.096571445,-1.45266974,2.007805943,-7.856250286,-48.99375153,26.77500153,208.6565291,-0.029067993,996.4844971,,88.531206722,24.37327276,Bump,,-1.190668523,9.450692368,0.79011004,-18.28125,-64.48125458,11.47500038,-0.025411974,-0.008307761,-0.082344572,-1.190668523,9.450692368,0.79011004,20.2228991894949,32,83,18,21
6.16,0.199160933,-0.58056879,0.452043518,-1.147913039,9.739080906,0.054630665,0.022296564,-0.00320704,-0.043829547,0.37098752,0.413797542,0.622333407,0.551217735,-3.094037056,-1.453339577,2.010293245,-6.881250381,-47.71875,28.06875038,210.4645614,,,,88.531206449,24.37327272,Bump,,-0.781017298,9.242516708,0.56183477,-17.32500076,-63.20625305,12.76875019,0.014813471,-0.001069013,-0.042913251,-0.781017298,9.242516708,0.56183477,20.18751243450891,32,83,18,21
6.17,0.392959714,-0.089176178,0.806484967,-1.148944557,9.738959789,0.054329235,-0.025014913,-0.061147564,0.029993461,0.370880395,0.413740233,0.622413754,0.551242083,-3.094339848,-1.453234434,2.010266542,-10.29375076,-47.68125153,26.32500076,208.9032563,,,,88.531206176,24.37327268,Bump,,-0.674177766,10.11625576,1.147358462,-20.73750114,-63.15000153,11.02500057,-0.032498005,-0.059009536,0.030909757,-0.674177766,10.11625576,1.147358462,20.1951516952618,32,83,18,21
6.18,0.276799798,0.072949409,0.943024129,-1.154346585,9.738340855,0.050806616,-0.050854494,-0.039858927,0.059406599,0.370617792,0.413901284,0.622527927,0.551168919,-3.097607374,-1.452697754,2.007151246,-8.456250191,-50.06250381,24.26250076,205.8568779,,,,88.531205903,24.37327264,Bump,,-1.035135078,9.767502022,0.844187832,-18.90000153,-65.55000305,8.962500572,-0.058337586,-0.0377209,0.060322897,-1.035135078,9.767502022,0.844187832,20.21540816266666,32,83,18,21
6.19,-0.536988497,0.01309967,0.53381753,-1.156016588,9.738145828,0.050357945,-0.020616686,-0.021074835,0.010690133,0.370530725,0.413903475,0.622594833,0.551150203,-3.098058701,-1.452528,2.006837368,-7.968750477,-49.57500076,26.34375191,207.985813,0.015853882,996.479187,,88.53120563,24.3732726,Bump,,-1.677966893,10.01456118,0.322432846,-18.41250038,-65.0625,11.04375076,-0.028099779,-0.018936808,0.011606431,-1.677966893,10.01456118,0.322432846,20.212304058579477,32,83,18,21
6.2,-0.510267198,0.336336136,0.077253558,-1.152944982,9.738516808,0.04892201,-0.009132428,-0.012156209,-0.078984816,0.37049599,0.413823903,0.622521996,0.551315606,-3.099185705,-1.452849925,2.005918264,-6.787500381,-51.05625153,23.38125038,204.6054487,,,,88.53120535699999,24.37327256,Bump,,-1.596491265,9.606704521,-0.204347052,-17.23125076,-66.54375458,8.081250191,-0.016615522,-0.010018182,-0.078068518,-1.596491265,9.606704521,-0.204347052,20.18913095558933,32,83,18,21
6.21,-0.266897678,-0.230741024,-0.247167639,-1.143591523,9.739621639,0.048395321,0.009773836,-0.040011643,-0.096822068,0.37054345,0.413509026,0.62234816,0.551716059,-3.099298716,-1.453811765,2.006298661,-8.456250191,-48.60000229,27.09375191,209.1389927,,,,88.53120508399999,24.37327252,Bump,,-0.802552697,9.37938633,0.038763727,-18.90000153,-64.08750153,11.79375076,0.002290743,-0.037873616,-0.09590577,-0.802552697,9.37938633,0.038763727,20.18967905403885,32,83,18,21
6.22,0.630557567,-0.321804523,0.113433685,-1.139025927,9.740160942,0.047674183,-0.010354158,-0.019975278,-0.011423171,0.370593101,0.413414925,0.622223645,0.551893651,-3.099761844,-1.454283297,2.005929828,-10.125,-49.53750229,27.26250076,208.8257761,,,,88.531204811,24.37327248,Bump,,-0.669392146,8.922237396,0.063409802,-20.56875038,-65.02500153,11.96250057,-0.017837252,-0.017837251,-0.010506874,-0.669392146,8.922237396,0.063409802,20.195862132873117,32,83,18,21
6.23,0.230946928,-0.637234211,-0.247262824,-1.141134918,9.739923954,0.045612993,-0.007788526,-0.055649781,0.034880379,0.370383605,0.413401008,0.622319281,0.551936835,-3.101642251,-1.454075098,2.004421115,-5.71875,-50.85000229,25.63125038,206.7506642,0.010574341,996.4797974,,88.531204538,24.37327244,Bump,,-1.186840045,8.760602379,-0.528813809,-16.16250038,-66.3187561,10.33125019,-0.015271619,-0.053511755,0.035796676,-1.186840045,8.760602379,-0.528813809,20.200345754228863,32,83,18,21
6.24,-0.257004499,-0.831779957,-0.743935555,-1.144951284,9.739480972,0.044581782,0.012980876,-0.054061532,0.032986698,0.370031133,0.41323325,0.622586966,0.551996976,-3.102674127,-1.453687489,2.004259944,-9.206250191,-49.36875153,25.95000076,207.7280388,,,,88.531204265,24.3732724,Bump,,-1.616112399,9.024291229,-0.559441936,-19.65000153,-64.83750153,10.65000057,0.005497783,-0.051923505,0.033902995,-1.616112399,9.024291229,-0.559441936,20.205800513740503,32,83,18,21
6.25,-0.638320684,-0.660346031,-0.218003113,-1.145706832,9.739398479,0.04315264,0.002474002,-0.069944017,-0.012644901,0.369681761,0.412963018,0.622797161,0.552196175,-3.10394609,-1.453615844,2.004040122,-9.300000191,-50.38125229,25.74375153,207.066069,,,,88.531203992,24.37327236,Bump,,-1.567897022,9.250054121,0.122632163,-19.74375153,-65.8500061,10.44375038,-0.005009091,-0.067805989,-0.011728604,-1.567897022,9.250054121,0.122632163,20.196118609849524,32,83,18,21
6.26,-0.252407551,-0.74955368,0.360910356,-1.143607497,9.739644051,0.043307785,-0.00962112,0.00055,-0.03573559,0.369685024,0.412866741,0.622775078,0.552290916,-3.103741407,-1.453830957,2.004411697,-6.750000477,-48.63750076,26.17500114,208.2875832,,,,88.53120371899999,24.37327232,Bump,,-1.086820054,9.54640522,0.652762014,-17.19375038,-64.125,10.875,-0.017104214,0.002687805,-0.034819292,-1.086820054,9.54640522,0.652762014,20.200343662796712,32,83,18,21
6.27,0.14415732,0.017056942,0.583390683,-1.140053749,9.740062714,0.04287784,-0.01404989,0.016951498,-0.054366965,0.369821206,0.412895396,0.622610599,0.552363724,-3.103999734,-1.454197288,2.003886938,-8.362500191,-50.26875305,23.40000153,204.9618814,0.002639771,996.4807739,,88.53120344599999,24.37327228,Bump,,-0.870508873,9.557890892,0.082791664,-18.78750038,-65.73750305,8.100000381,-0.021532984,0.019089525,-0.053450669,-0.870508873,9.557890892,0.082791664,20.212406739586985,32,83,18,21
6.28,0.307877332,-0.028739452,-0.183930393,-1.134835243,9.740674019,0.0425805,0.010293072,-0.044043349,-0.030970845,0.369899467,0.412778884,0.622474164,0.552552134,-3.104088545,-1.454733372,2.003883958,-10.27500057,-47.60625076,25.93125153,208.5772476,,,,88.531203173,24.37327224,Bump,,-0.816550732,9.322437048,-0.455234505,-20.71875,-63.09375381,10.63125038,0.002809978,-0.041905324,-0.030054547,-0.816550732,9.322437048,-0.455234505,20.18481108872833,32,83,18,21
6.29,0.28672716,-0.276814461,-0.246142849,-1.135307848,9.740616322,0.043064788,0.016157373,-0.09450078,0.037323837,0.369678423,0.412519142,0.622665673,0.552678257,-3.103678584,-1.454683185,2.005110741,-7.931250095,-49.44375229,25.55625153,207.3333231,,,2.480642557,88.5312029,24.3732722,Bump,,-0.97483592,9.611968803,0.37998023,-18.375,-64.9125061,10.25625038,0.00867428,-0.092362754,0.038240136,-0.97483592,9.611968803,0.37998023,20.194413466869253,32,83,18,21
6.3,0.052281499,0.198608875,0.82698375,-1.142572284,9.739774227,0.041431764,-0.03848448,-0.05497783,0.082619462,0.369301498,0.412509933,0.622969121,0.552595198,-3.105346084,-1.453944266,2.004071832,-8.587500572,-50.86875153,25.66875076,206.7758515,,,,88.531202557,24.373272155,Bump,,-1.455793285,9.843115425,0.936072218,-19.03125,-66.33750153,10.36875057,-0.045967575,-0.052839803,0.083535757,-1.455793285,9.843115425,0.936072218,20.213902191940115,32,83,18,21
6.31,-0.722572744,0.148116589,0.659322262,-1.145340204,9.739459038,0.039184341,-0.03857611,-0.004703659,-0.001527162,0.369131386,0.41258046,0.623035699,0.552581161,-3.107394338,-1.453668356,2.002182364,-8.175000191,-51.20625305,24.18750191,205.283917,0.076629639,996.472168,,88.53120221399999,24.37327211,Bump,,-1.827518284,10.3986094,0.495912485,-18.61875153,-66.67500305,8.887500763,-0.046059204,-0.002565632,-0.000611,-1.827518284,10.3986094,0.495912485,20.22223067289591,32,83,18,21
6.32,-0.583301365,0.278398514,-0.326507282,-1.137476802,9.740385056,0.037719466,-0.014049889,0.031612253,-0.098196512,0.369264901,0.412487909,0.622775167,0.552854627,-3.108443141,-1.45448035,2.001094937,-5.756250381,-52.80000305,22.76250076,203.3212578,,,,88.531201871,24.373272065,Bump,,-1.625683689,9.644989586,-0.610648337,-16.20000076,-68.2875061,7.462500095,-0.021532984,0.033750279,-0.097280217,-1.625683689,9.644989586,-0.610648337,20.20785139445176,32,83,18,21
6.33,-0.308490634,0.129728317,-0.746881306,-1.126506448,9.741656303,0.038879033,0.033261588,-0.005070178,-0.146546459,0.369462907,0.412167311,0.622538328,0.55322808,-3.107093334,-1.455601811,2.002696514,-4.96875,-47.23125076,27.33750153,210.0623072,,,,88.531201528,24.37327202,Bump,,-0.939781118,9.260822058,-0.604785919,-15.41250038,-62.71875381,12.03750038,0.025778494,-0.002932151,-0.145630166,-0.939781118,9.260822058,-0.604785919,20.209445449448086,32,83,18,21
6.34,0.673424959,-0.201037407,-0.372627698,-1.119265079,9.742495537,0.037419876,-0.030757042,-0.038912087,-0.035002552,0.369548261,0.412046939,0.622321397,0.553504705,-3.108173966,-1.456349432,2.00170362,-12.33750057,-47.15625,26.53125191,209.3631631,,,,88.531201185,24.373271975,Bump,,-0.119162571,9.495677567,0.151704954,-22.78125,-62.64375305,11.23125076,-0.038240135,-0.03677406,-0.034086255,-0.119162571,9.495677567,0.151704954,20.19295243298445,32,83,18,21
6.35,1.074205577,-0.14648962,0.256423339,-1.121975124,9.74220562,0.031419351,-0.063071787,-0.037110035,0.10247257,0.369293034,0.412259117,0.622291923,0.553550214,-3.11359334,-1.45609051,1.996347964,-10.03125,-45.99375153,28.72500038,211.9864829,0.002639771,996.4807739,,88.531200842,24.37327193,Bump,,-0.215354045,9.545926666,0.061734824,-20.47500038,-61.46250153,13.42500019,-0.070554882,-0.034972009,0.103388863,-0.215354045,9.545926666,0.061734824,20.206737102976994,32,83,18,21
6.36,0.251361191,-0.213541985,-0.237306312,-1.129079819,9.74139595,0.02789685,-0.02037234,-0.026816963,0.060536699,0.369046479,0.412510619,0.622416288,0.553387433,-3.116889238,-1.455371022,1.993016243,-7.725000381,-47.10000229,27.35625076,210.1485378,,,,88.531200499,24.373271885,Bump,,-1.59840554,9.932008743,-0.339182608,-18.16875076,-62.56875229,12.05625057,-0.027855434,-0.024678937,0.061452998,-1.59840554,9.932008743,-0.339182608,20.20997024318906,32,83,18,21
6.37,-0.429453969,0.471758842,-0.448142827,-1.129151762,9.741400719,0.022862118,-0.03356702,-0.041722064,-0.027672175,0.368686661,0.412430763,0.622472167,0.553623915,-3.121348858,-1.455375433,1.989304602,-5.737500191,-50.41875076,25.44375038,206.7777294,,,,88.531200156,24.37327184,Bump,,-1.344287777,10.08861885,-0.458943379,-16.18125153,-65.88750458,10.14375019,-0.041050113,-0.039584038,-0.026755877,-1.344287777,10.08861885,-0.458943379,20.197862429247568,32,83,18,21
6.38,-0.129987419,0.192347527,-0.296448328,-1.12364924,9.742042065,0.020461063,-0.00442877,-0.010079269,-0.062766357,0.368656799,0.412315592,0.622323066,0.553897113,-3.123385787,-1.455944836,1.987535536,-9.731250763,-51.20625305,23.56875038,204.7152416,,,,88.531199813,24.373271795,Bump,,-1.071505988,10.1403038,-0.020578276,-20.15625,-66.67500305,8.268750191,-0.011911863,-0.007941242,-0.06185006,-1.071505988,10.1403038,-0.020578276,20.198159913939904,32,83,18,21
6.39,0.189873457,0.085553169,0.017191179,-1.120380759,9.74242115,0.018832849,-0.01291979,-0.016187916,-0.026206099,0.368647128,0.412269205,0.62221992,0.554053932,-3.124784946,-1.456282556,1.986244559,-4.837500095,-48.52500153,26.64375114,208.7699845,-0.100402832,996.493042,,88.53119946999999,24.37327175,Bump,,-0.880558729,9.450453043,0.007776674,-15.26250076,-63.99375153,11.34375,-0.020402883,-0.01404989,-0.025289802,-0.880558729,9.450453043,0.007776674,20.201523306462967,32,83,18,21
6.4,0.294402301,0.45761013,0.269101977,-1.119599938,9.74251461,0.017199581,-0.028191409,-0.011545344,0.003359756,0.368604094,0.412291884,0.622172892,0.554118514,-3.126232147,-1.456366062,1.984835744,-11.60625076,-49.65000153,22.70625114,204.5758641,,,,88.531199127,24.373271705,Bump,,-0.824566686,9.770373344,0.043549378,-22.05000114,-65.13750458,7.406250477,-0.035674504,-0.009407318,0.004276053,-0.824566686,9.770373344,0.043549378,20.18618979907979,32,83,18,21
6.41,0.289324433,0.04047823,-0.202159271,-1.119805813,9.742495537,0.014182596,-0.034361145,0.001679878,0.003665189,0.368555576,0.41243884,0.622083932,0.554141283,-3.128928304,-1.456348836,1.981971145,-7.818750381,-51.15000153,24.43125153,205.530975,,,,88.531198784,24.37327166,Bump,,-1.228953719,9.550712204,-0.727418083,-18.26250076,-66.61875153,9.131250381,-0.041844237,0.003817905,0.004581486,-1.228953719,9.550712204,-0.727418083,20.19723443453536,32,83,18,21
6.42,-0.118754148,-0.157079697,-0.857739419,-1.118525684,9.742646694,0.010273764,-0.007666353,-0.016554436,-0.020708317,0.368368775,0.412424117,0.622041225,0.554324389,-3.132408261,-1.45648545,1.978839576,-6.731250286,-48.0,24.80625153,207.3297809,,,,88.531198441,24.373271615,Bump,,-0.912861824,9.507880926,-0.819541767,-17.15625,-63.48750305,9.506250381,-0.015149446,-0.014416409,-0.019792019,-0.912861824,9.507880926,-0.819541767,20.19186527944453,32,83,18,21
6.43,0.199942797,-0.247931957,-0.600568101,-1.114701927,9.743087769,0.008162892,-0.012064579,-0.012889247,-0.03329213,0.368349344,0.41237402,0.621917725,0.554513097,-3.13427043,-1.456879079,1.977109969,-7.275000095,-49.76250076,23.4375,205.2198345,-0.073974609,996.4900513,,88.531198098,24.37327157,Bump,,-0.782453012,9.701460266,-0.216311161,-17.70000076,-65.25,8.137500763,-0.019547673,-0.01075122,-0.032375834,-0.782453012,9.701460266,-0.216311161,20.195717550404453,32,83,18,21
6.44,0.555229783,-0.038914204,-0.150040649,-1.112501323,9.743341923,0.004107528,-0.034513859,-0.006872229,-0.000916,0.368274242,0.412454814,0.621773928,0.554664135,-3.137900472,-1.457107365,1.973479092,-11.45625019,-50.23125076,23.70000076,205.258775,,,,88.531197755,24.373271525,Bump,,-0.51493544,9.457870674,-0.305802736,-21.90000153,-65.70000458,8.400000572,-0.041996954,-0.004734202,1.75e-10,-0.51493544,9.457870674,-0.305802736,20.18681396911511,32,83,18,21
6.45,0.440088302,-0.146760464,-0.451750606,-1.114209771,9.743147373,0.00095,-0.017928881,-0.002138027,0.032192573,0.368174881,0.412617803,0.621735841,0.554651558,-3.140739918,-1.456932545,1.970524967,-11.23125076,-47.45625305,25.93125153,208.6532661,,,,88.531197412,24.37327148,Bump,,-0.729810908,9.746565104,-0.49890352,-21.67500114,-62.94375229,10.63125038,-0.025411975,0.0,0.033108871,-0.729810908,9.746565104,-0.49890352,20.217269186448405,32,83,18,21
6.46,0.027233034,0.313870907,-0.435424984,-1.117183566,9.742806911,-0.003443069,-0.03451386,-0.04413498,0.036804602,0.367882267,0.412696853,0.62180528,0.554709047,3.138511181,-1.456627131,1.966942012,-7.143750191,-49.33125305,25.27500153,207.1284559,,,,88.531197069,24.373271435,Bump,,-1.241396391,9.749795341,-0.487178683,-17.56875038,-64.8187561,9.975000381,-0.041996954,-0.041996954,0.037720901,-1.241396391,9.749795341,-0.487178683,20.205245264747283,32,83,18,21
6.47,-0.078442812,-0.282059669,-0.541747451,-1.118262649,9.742682457,-0.003843472,0.01395826,-0.027427829,0.007757982,0.367750466,0.412620664,0.621900082,0.554746866,3.138155699,-1.456516027,1.966935635,-9.0,-53.25000381,21.60000038,202.0791366,-0.058120728,996.4879761,,88.53119672599999,24.37327139,Bump,,-1.427079415,9.619146919,-0.065084772,-19.44375038,-68.73750305,6.300000191,0.006475167,-0.025289802,0.00867428,-1.427079415,9.619146919,-0.065084772,20.208749238633622,32,83,18,21
6.48,-0.362297475,-0.032234669,0.081154164,-1.118674397,9.74263525,-0.003652668,-0.011820233,0.020830489,-0.015332706,0.367702276,0.412571982,0.621949255,0.55475986,3.138327718,-1.456473649,1.96727097,-8.981250763,-49.21875381,23.75625038,205.7650533,,,,88.531196383,24.373271345,Bump,,-1.279561907,9.599406242,0.211764809,-19.42500114,-64.70625305,8.456250191,-0.019303327,0.022968516,-0.014416409,-1.279561907,9.599406242,0.211764809,20.21346010280943,32,83,18,21
6.49,-0.147084117,0.217084885,0.18027325,-1.116099656,9.742928028,-0.00756501,-0.066431546,0.025350888,-0.029932374,0.367742643,0.412757248,0.621720731,0.554851413,3.134813547,-1.45673573,1.963382959,-8.456250191,-50.41875076,23.4375,204.931682,,,,88.53119604,24.3732713,Bump,,-1.080598724,9.646425247,-0.455114852,-18.90000153,-65.90625,8.137500763,-0.073914639,0.027488915,-0.029016077,-1.080598724,9.646425247,-0.455114852,20.202350127396016,32,83,18,21
6.5,0.204921067,-0.536292553,-1.027430207,-1.110159755,9.743606091,-0.008724239,0.024220789,0.05931497,-0.064079715,0.367969558,0.41283229,0.621427298,0.554973871,3.133734584,-1.45734477,1.961813867,-9.318750381,-52.61250305,21.63750076,202.3554824,,,,88.531195697,24.373271255,Bump,,-0.963111103,9.457631588,-1.143769234,-19.76250076,-68.1000061,6.337500095,0.016737695,0.061452997,-0.063163418,-0.963111103,9.457631588,-1.143769234,20.186594699282622,32,83,18,21
6.51,0.267244697,-0.192002296,-0.896463662,-1.106009364,9.744076252,-0.010491788,-0.004123337,-0.028283039,-0.017898338,0.367914334,0.41270642,0.621340662,0.555201113,3.132106781,-1.457769215,1.960510254,-7.781250477,-50.49375153,23.04375076,204.5304559,-0.071334839,996.4897461,,88.531195354,24.37327121,Bump,,-0.294795749,9.707202911,-0.681475884,-18.22500038,-65.98125458,7.743750095,-0.011606431,-0.026145013,-0.01698204,-0.294795749,9.707202911,-0.681475884,20.20545340391594,32,83,18,21
6.52,0.684034348,0.084070206,-0.506298706,-1.109823287,9.743635654,-0.01544804,-0.035277441,-0.027794347,0.070249449,0.367696986,0.412941635,0.621340871,0.55516994,3.127675176,-1.457371831,1.95603323,-6.225000381,-48.41250229,25.10625076,207.4108136,,,,88.531195011,24.373271165,Bump,,-0.745603526,9.437771034,-0.630748051,-16.66875076,-63.88125229,9.806250572,-0.042760534,-0.025656321,0.071165746,-0.745603526,9.437771034,-0.630748051,20.208380974309424,32,83,18,21
6.53,0.156832486,0.09954834,-0.478020579,-1.113402128,9.743225574,-0.016937684,0.001740965,0.017287473,0.038545568,0.367609173,0.413090765,0.621388555,0.555063784,3.12638104,-1.45700258,1.954621077,-9.300000191,-50.83125305,23.75625038,205.04928,,,,88.531194668,24.37327112,Bump,,-1.217348531,9.910473108,-0.321834646,-19.74375153,-66.3187561,8.456250191,-0.005742129,0.0194255,0.039461865,-1.217348531,9.910473108,-0.321834646,20.215673587612145,32,83,18,21
6.54,-0.006714702,0.817025185,-0.068619102,-1.111468792,9.743440628,-0.019576155,-0.030024005,0.004459313,-0.036224281,0.367574662,0.413138062,0.621277809,0.555175424,3.123981476,-1.457196474,1.952207327,-7.950000286,-50.58750153,25.50000191,206.7516275,,,,88.531194325,24.373271075,Bump,,-0.938943624,10.28148022,-0.28905298,-18.39375114,-66.05625153,10.20000076,-0.037507097,0.00659734,-0.035307985,-0.938943624,10.28148022,-0.28905298,20.203993267232686,32,83,18,21
6.55,0.28749609,0.436280727,-0.417198151,-1.107415795,9.743901253,-0.019871176,0.02886336,0.020769403,-0.039400779,0.367699072,0.413123444,0.621121168,0.555279106,3.123651385,-1.457611144,1.951705515,-8.268750191,-49.72500229,27.78750038,209.1974853,-0.039627075,996.4859619,,88.53119398199999,24.37327103,Bump,,-0.732203722,9.589476013,-0.434536597,-18.69375038,-65.21250153,12.48750019,0.021380267,0.022907429,-0.038484482,-0.732203722,9.589476013,-0.434536597,20.192533385910533,32,83,18,21
6.56,0.440824836,0.131967545,-0.106825948,-1.103748739,9.7443223,-0.017243614,0.005039636,-0.004214967,-0.006047561,0.367906913,0.413032308,0.621031284,0.555309802,3.12597096,-1.457992733,1.953841388,-3.431250095,-48.16875076,28.10625076,210.2633705,,,,88.531193639,24.373270985,Bump,,-0.421136789,10.49432182,0.55932229,-13.87500095,-63.65625381,12.80625057,-0.002443459,-0.00207694,-0.005131265,-0.421136789,10.49432182,0.55932229,20.199237517236654,32,83,18,21
6.57,0.881447107,0.733204842,0.458491594,-1.105372429,9.744129658,-0.02171164,-0.068386313,0.02461785,0.052961978,0.367891371,0.413368776,0.620874017,0.555245578,3.121955156,-1.457818151,1.949273229,-8.550000191,-49.29375076,26.19375038,207.9853167,,,,88.531193296,24.37327094,Bump,,-0.431665212,10.25180931,-0.067477608,-18.99375153,-64.78125,10.89375019,-0.075869408,0.026755878,0.053878273,-0.431665212,10.25180931,-0.067477608,20.20256909034504,32,83,18,21
6.58,0.121145755,0.42050457,-0.540067524,-1.109237492,9.743681431,-0.025288499,-0.006108648,-0.015882484,0.042760535,0.367736816,0.413588539,0.620886385,0.555170476,3.118798852,-1.457413375,1.945990741,-8.493750572,-46.81875229,28.59375191,211.4137849,,,,88.531192953,24.373270895,Bump,,-1.176790166,10.12307529,-0.716411108,-18.9375,-62.28750229,13.29375076,-0.013591741,-0.013744458,0.043676831,-1.176790166,10.12307529,-0.716411108,20.213723170657968,32,83,18,21
6.59,-0.245770335,0.093835831,-0.563533142,-1.108817935,9.743734837,-0.023343331,0.040347619,-0.001893681,-0.019853105,0.367728993,0.413437948,0.620969445,0.555194914,3.120543361,-1.457460761,1.948006153,-5.737500191,-48.37500381,27.28125191,209.4209762,-0.021133423,996.4837646,,88.53119261,24.37327085,Bump,,-1.307677597,10.37468076,-0.141176526,-16.18125153,-63.86250305,11.98125076,0.032864526,0.000244,-0.018936808,-1.307677597,10.37468076,-0.141176526,20.21025834029177,32,83,18,21
6.6,-0.301318586,0.07305336,-0.05009307,-1.106273711,9.744021416,-0.024244686,-0.010354158,0.00519235,-0.034269514,0.367719024,0.413375869,0.620906293,0.555318326,3.119680166,-1.457719564,1.947275281,-8.325000763,-50.49375153,25.87500191,207.1324024,,,,88.531192267,24.373270805,Bump,,-1.250967681,9.428678131,-0.208175571,-18.76875114,-65.98125458,10.57500076,-0.017837251,0.007330377,-0.033353217,-1.250967681,9.428678131,-0.208175571,20.200964284840868,32,83,18,21
6.61,0.048208237,0.399748802,-0.118616246,-1.10357523,9.744328499,-0.024155995,0.006872229,0.02412916,-0.040469791,0.367830336,0.413379759,0.620792925,0.555368483,3.119707108,-1.457996368,1.947116613,-7.668750286,-49.21875381,27.18750191,208.9154242,,,,88.531191924,24.37327076,Bump,,-1.17679016,9.26213789,-0.178026002,-18.11250114,-64.70625305,11.88750076,-0.000611,0.026267186,-0.039553494,-1.17679016,9.26213789,-0.178026002,20.22530305877706,32,83,18,21
6.62,0.119613111,-0.185078144,-0.04578045,-1.101875126,9.744513988,-0.026662412,-0.050793406,0.040744681,-0.020463971,0.367855847,0.413495511,0.620646,0.555429637,3.117399096,-1.458165228,1.944575191,-8.025000572,-47.45625305,26.51250076,209.190889,,,,88.531191581,24.373270715,Bump,,-0.598803867,9.404989243,-0.041874399,-18.46875,-62.92500305,11.21250057,-0.058276501,0.042882708,-0.019547673,-0.598803867,9.404989243,-0.041874399,20.209111016239778,32,83,18,21
6.63,0.692302704,0.097263336,-0.070325291,-1.098336518,9.744894028,-0.032786558,-0.072540192,0.030695956,-0.005345067,0.367955327,0.413845852,0.620267004,0.555526167,3.11174953,-1.458511233,1.938173175,-9.112500191,-48.95625305,25.63125038,207.6344934,0.023788452,996.4782104,,88.53119123799999,24.37327067,Bump,,-0.38907296,9.898150063,-0.513021173,-19.53750038,-64.42500305,10.33125019,-0.080023286,0.032833982,-0.00442877,-0.38907296,9.898150063,-0.513021173,20.193405382235003,32,83,18,21
6.64,0.640773445,-0.194852829,-0.812076777,-1.096565843,9.745087147,-0.03473758,0.019211697,0.001649335,0.006169735,0.368002042,0.413946778,0.620126903,0.555576473,3.109924793,-1.458687425,1.936104357,-9.0,-50.53125381,27.16875076,208.2652444,,,,88.531190895,24.373270625,Bump,,-0.515055068,9.870991707,-0.678963423,-19.42500114,-66.0,11.86875057,0.011728604,0.003787362,0.007086032,-0.515055068,9.870991707,-0.678963423,20.187090976376894,32,83,18,21
6.65,0.194751441,-0.150355816,-0.26778328,-1.09757036,9.744975567,-0.034423834,0.001252273,-0.026328272,0.019486586,0.367929265,0.41388835,0.620207161,0.55557856,3.110239983,-1.458584428,1.936638236,-8.193750381,-47.02500153,28.36875153,211.1013016,,,,88.531190552,24.37327058,Bump,,-0.931765115,9.753145027,0.055513486,-18.63750076,-62.51250076,13.06875038,-0.006230822,-0.024190245,0.020402883,-0.931765115,9.753145027,0.055513486,20.18835139765927,32,83,18,21
6.66,-0.119637847,-0.216012955,0.149537362,-1.09954226,9.744736195,-0.038773324,-0.044287696,-0.000916,0.009773836,0.367752194,0.414051488,0.620179325,0.555605322,3.106344819,-1.458367705,1.932758868,-6.018750191,-47.25,27.35625076,210.0694798,,,,88.531190209,24.373270535,Bump,,-1.255274761,9.418628311,-0.063649083,-16.46250153,-62.71875381,12.05625057,-0.05177079,0.001221729,0.010690134,-1.255274761,9.418628311,-0.063649083,20.191430562189456,32,83,18,21
6.67,-0.325561762,-0.126568317,-0.331973314,-1.100400269,9.744625568,-0.042072255,-0.029168793,0.04196641,0.001404989,0.367717683,0.414259449,0.620075732,0.555588782,3.103377581,-1.458267331,1.929492831,-9.337500572,-49.42500305,24.93750191,206.7733358,0.015853882,996.479187,,88.531189866,24.37327049,Bump,,-1.574477315,9.34576726,-0.553938441,-19.78125,-64.9125061,9.637500763,-0.036651887,0.044104438,0.002321286,-1.574477315,9.34576726,-0.553938441,20.187516135347767,32,83,18,21
6.68,-0.196058393,0.698176384,-0.317311704,-1.097746611,9.74491787,-0.043822274,-0.015241076,0.042210756,-0.053817188,0.367769659,0.41431576,0.619928956,0.555676162,3.101693392,-1.458532572,1.927634001,-10.51875019,-49.23750305,27.22500038,208.9396184,,,,88.531189523,24.373270445,Bump,,-1.178704417,9.900542831,-0.386680138,-20.96250153,-64.7250061,11.92500019,-0.02272417,0.044348782,-0.05290089,-1.178704417,9.900542831,-0.386680138,20.18817812637745,32,83,18,21
6.69,0.10281983,0.352284431,-0.297630504,-1.092670083,9.745481491,-0.045326848,-0.014813471,0.038789914,-0.053297951,0.36792323,0.414366573,0.619686216,0.555807352,3.100132823,-1.459046721,1.925745189,-4.03125,-49.48125076,25.89375114,207.6232557,,,,88.53118918,24.3732704,Bump,,-0.689132911,9.440163994,-0.630748048,-14.47500038,-64.96875,10.59375,-0.022296564,0.04092794,-0.052381655,-0.689132911,9.440163994,-0.630748048,20.19185545573775,32,83,18,21
6.7,0.544953048,-0.445416451,-0.686912596,-1.083998799,9.746456623,-0.043673432,0.023976443,0.087781269,-0.078740471,0.368403792,0.414427787,0.619288415,0.555886745,3.101325035,-1.459942222,1.926048636,-7.087500095,-50.34375381,25.06875038,206.4710804,,,,88.531188837,24.373270355,Bump,,-0.402592402,9.701699018,-0.596411057,-17.53125,-65.83125305,9.768750191,0.016493349,0.089919295,-0.077824172,-0.402592402,9.701699018,-0.596411057,20.18720888277165,32,83,18,21
6.71,0.909364253,-0.144783974,-0.722107083,-1.074657202,9.747478962,-0.046306469,-0.037110035,0.0411112,-0.052961976,0.368757248,0.414590761,0.61879459,0.556080759,3.098527312,-1.460888684,1.922406971,-10.44375038,-48.54375076,26.08125114,208.247942,-0.023773193,996.4838867,,88.53118849399999,24.37327031,Bump,,0.082791671,9.681360435,-0.968614614,-20.88750076,-64.01250458,10.78125,-0.044593129,0.043249226,-0.05204568,0.082791671,9.681360435,-0.968614614,20.21603025443517,32,83,18,21
6.72,1.073902637,-0.38668108,-1.152643919,-1.074172258,9.747512817,-0.050337786,0.012522728,-0.016035201,0.050396344,0.36869207,0.414753512,0.618665546,0.556146204,3.094765306,-1.460919738,1.9184798,-7.481250286,-46.44375229,28.76250076,211.7698305,,,,88.531188151,24.373270265,Bump,,0.092841512,9.42724247,-1.078205895,-17.92500114,-61.93125153,13.46250057,0.005039634,-0.013897174,0.051312641,0.092841512,9.42724247,-1.078205895,20.183298730574027,32,83,18,21
6.73,0.586590469,-0.203677177,-0.641974568,-1.081837058,9.746672153,-0.048937311,0.034483317,0.009101885,0.092423841,0.36863713,0.414929956,0.618863046,0.555831194,3.09638834,-1.460141361,1.919867396,-7.481250286,-48.93750381,27.00000191,208.8865816,,,,88.531187808,24.37327022,Bump,,-0.96670036,9.767501831,-0.358325197,-17.92500114,-64.42500305,11.70000076,0.027000223,0.011239912,0.093340138,-0.96670036,9.767501831,-0.358325197,20.201028537458782,32,83,18,21
6.74,-0.133265525,0.668708801,-0.265428707,-1.083534181,9.746459007,-0.053665118,-0.054458596,0.02583958,-0.000183,0.368526012,0.415178716,0.618766099,0.555827051,3.092104197,-1.459944129,1.915341616,-7.631250381,-49.08750153,26.40000153,208.2720367,,,,88.531187465,24.373270175,Bump,,-1.299302673,10.14317532,-0.537906525,-18.07500076,-64.55625153,11.10000038,-0.061941687,0.027977607,0.000733,-1.299302673,10.14317532,-0.537906525,20.19644072426135,32,83,18,21
6.75,0.004230857,0.601820946,-0.714275479,-1.078774929,9.746981621,-0.054671351,0.026725334,0.058337586,-0.075899949,0.368669957,0.415199965,0.618555725,0.555949867,3.090956926,-1.460426569,1.913931131,-5.756250381,-49.80000305,25.96875191,207.5402774,-0.039627075,996.4858398,,88.531187122,24.37327013,Bump,,-0.743210715,9.798608971,-0.617826814,-16.18125153,-65.2875061,10.66875076,0.019242241,0.060475613,-0.074983652,-0.743210715,9.798608971,-0.617826814,20.219307485407988,32,83,18,21
6.76,0.425702453,0.303021431,-0.321300454,-1.073325634,9.747601032,-0.051372385,0.027397285,0.030115633,-0.039034259,0.369005606,0.415131852,0.618376851,0.555977046,3.093766928,-1.461002052,1.916306496,-5.418750286,-48.69375229,24.50625038,206.7148776,,,,88.531186779,24.373270085,Bump,,-0.382851624,9.997212887,0.324227471,-15.86250019,-64.18125153,9.206250191,0.019914191,0.032253659,-0.038117963,-0.382851624,9.997212887,0.324227471,20.184487444021517,32,83,18,21
6.77,1.019847989,0.385104656,0.411126018,-1.070585072,9.747900963,-0.051591825,-0.050090911,0.076968963,0.020922119,0.369334593,0.415394798,0.618087173,0.555884272,3.09343946,-1.461281359,1.914980948,-7.368750095,-47.19375229,29.02500153,211.592259,,,,88.531186436,24.37327004,Bump,,-0.165104762,10.25659485,0.127776729,-17.79375076,-62.66250229,13.72500038,-0.057574006,0.079106989,0.021838416,-0.165104762,10.25659485,0.127776729,20.19591692302653,32,83,18,21
6.78,0.667835116,0.35087347,-0.287913542,-1.0721398,9.747704983,-0.056066891,-0.033933539,0.042577276,0.034758206,0.369408786,0.415827319,0.617860466,0.555763632,3.089346409,-1.461099088,1.910017788,-7.368750095,-47.19375229,29.02500153,211.592259,,,,88.531186093,24.373269995,Bump,,-0.579541641,9.723952675,-0.823130989,-17.79375076,-62.66250229,13.72500038,-0.041416633,0.044715302,0.035674504,-0.579541641,9.723952675,-0.823130989,20.21877881733101,32,83,18,21
6.79,0.183160543,0.123884201,-0.553992257,-1.072233558,9.747689724,-0.057032546,0.002107484,-0.011667517,0.006780599,0.369416654,0.415901273,0.617814541,0.555754095,3.088452697,-1.461083889,1.908983827,-7.875000477,-50.13750076,26.70000076,208.0368874,-0.058120728,996.4881592,,88.53118574999999,24.37326995,Bump,,-0.774676338,10.52124119,0.030508487,-18.30000114,-65.625,11.40000057,-0.00537561,-0.009529491,0.007696896,-0.774676338,10.52124119,0.030508487,20.21462028503576,32,83,18,21
6.8,0.396655709,0.32690382,0.315333351,-1.073621392,9.747517586,-0.060170824,-0.036651887,0.029016077,0.020158538,0.369379267,0.416117802,0.617725998,0.555715322,3.08560729,-1.460924506,1.90582782,-5.775000095,-48.26250076,25.72500038,208.0586211,,,,88.531185407,24.373269905,Bump,,-0.8283952,9.869914818,0.338823691,-16.21875,-63.73125076,10.42500019,-0.04413498,0.031154104,0.021074835,-0.8283952,9.869914818,0.338823691,20.21268288283797,32,83,18,21
6.81,-0.088156104,0.155930042,0.143129788,-1.075959206,9.74724102,-0.063138569,-0.041263916,0.056871512,0.025106543,0.369437471,0.416470364,0.617584884,0.555569351,3.082979083,-1.460667908,1.902489662,-8.175000191,-46.16250229,27.20625114,210.5133217,,,,88.531185064,24.37326986,Bump,,-1.229910821,9.690931797,-0.231505586,-18.60000038,-61.65000153,11.90625,-0.04874701,0.059009538,0.026022839,-1.229910821,9.690931797,-0.231505586,20.1903161130818,32,83,18,21
6.82,-0.358174086,0.148859978,-0.517627358,-1.073906422,9.747450829,-0.065687209,-0.032467462,0.068111423,-0.050762861,0.36954239,0.416660756,0.617371678,0.555593789,3.080502033,-1.460862517,1.899516582,-8.8125,-49.31250381,26.83125114,208.5508967,,,,88.531184721,24.373269815,Bump,,-1.506999707,9.545448303,-0.842273581,-19.23750114,-64.80000305,11.53125,-0.039950557,0.070249449,-0.049846566,-1.506999707,9.545448303,-0.842273581,20.1868355034956,32,83,18,21
6.83,-0.228531003,-0.0582304,-0.763221771,-1.068581939,9.748006344,-0.069932271,-0.037568184,0.038179049,-0.069638586,0.36956504,0.416727379,0.617106795,0.555822939,3.076239824,-1.461379945,1.895120859,-4.931250095,-49.27500153,26.13750076,207.9433303,-0.079269409,996.4905396,,88.531184378,24.37326977,Bump,,-0.513978308,9.45356369,-0.634098005,-15.37500095,-64.76250458,10.83750057,-0.045051278,0.040317075,-0.068722286,-0.513978308,9.45356369,-0.634098005,20.206745728796975,32,83,18,21
6.84,0.735771,-0.556359768,-0.551048368,-1.061441422,9.748777866,-0.071072008,0.004184424,0.101953332,-0.046853328,0.369955093,0.416927531,0.61667645,0.555890948,3.074734449,-1.46210283,1.892635345,-6.881250381,-48.0,26.85000038,209.2215586,,,,88.531184035,24.373269725,Bump,,-0.24825535,9.330213547,-0.571286403,-17.30625153,-63.48750305,11.55000019,-0.00329867,0.104091358,-0.045937032,-0.24825535,9.330213547,-0.571286403,20.217175039565102,32,83,18,21
6.85,0.760017395,-0.334534645,-0.813688919,-1.057072341,9.749222755,-0.075026993,-0.056169016,0.072876167,-0.00555887,0.370240107,0.417307124,0.616238952,0.555901587,3.070734978,-1.462522209,1.88751775,-8.962500572,-48.80625153,26.23125076,208.2561083,,,,88.531183692,24.37326968,Bump,,-0.162711936,9.60287571,-1.51226387,-19.40625,-64.29375458,10.93125057,-0.063652111,0.075014196,-0.004642572,-0.162711936,9.60287571,-1.51226387,20.20227051572056,32,83,18,21
6.86,0.64048481,-0.450823784,-2.144039214,-1.057753801,9.749090195,-0.082320031,-0.000611,0.021838416,0.025656321,0.370116442,0.417660087,0.616027981,0.555952668,3.063924193,-1.46239686,1.880310893,-6.637500286,-48.52500153,26.68125153,208.803995,,,,88.531183349,24.373269635,Bump,,-0.762353289,8.861579323,-2.455993128,-17.08125114,-64.01250458,11.38125038,-0.008093958,0.023976443,0.026572618,-0.762353289,8.861579323,-2.455993128,20.202864507578795,32,83,18,21
6.87,0.031718403,-0.765877247,-1.81480217,-1.060345292,9.748816967,-0.081357487,0.069180438,-0.009834923,0.024129159,0.369967625,0.417545021,0.616213202,0.555932909,3.065014958,-1.462139547,1.881842434,-6.843750477,-48.09375381,27.88125038,210.1020298,-0.060775757,996.4882813,,88.53118300599999,24.37326959,Bump,,-1.098305598,9.059226513,-1.077368412,-17.28750038,-63.56250381,12.58125019,0.061697343,-0.007696896,0.025045456,-1.098305598,9.059226513,-1.077368412,20.19119916374641,32,83,18,21
6.88,0.168749988,0.269096851,0.177389111,-1.062443554,9.748564243,-0.084176123,-0.045417796,0.033902995,0.023273948,0.369913697,0.417753026,0.616159022,0.55587256,3.062529445,-1.461902618,1.8790856,-8.100000381,-50.00625229,24.50625038,206.1077983,,,,88.531182663,24.373269545,Bump,,-0.898744202,9.861779213,0.225403892,-18.54375076,-65.49375153,9.206250191,-0.05290089,0.036041022,0.024190246,-0.898744202,9.861779213,0.225403892,20.210779717327675,32,83,18,21
6.89,0.291295409,0.159357071,0.139001042,-1.061505795,9.748650551,-0.085999608,-0.022449281,0.124921845,-0.020922119,0.370142728,0.418082029,0.615897059,0.555763125,3.060752392,-1.461984158,1.876359701,-7.856250286,-48.39375305,27.30000114,209.4283195,,,,88.53118232,24.3732695,Bump,,-0.81786679,9.734959602,-0.544127873,-18.28125,-63.86250305,12.0,-0.029932374,0.127059877,-0.020005822,-0.81786679,9.734959602,-0.544127873,20.1874817499423,32,83,18,21
6.9,0.211952567,0.139677525,-0.645786524,-1.056784689,9.749176025,-0.084612396,0.022754713,0.09865466,-0.067500558,0.370563999,0.418259293,0.615581155,0.555698931,3.061697245,-1.462477744,1.876300395,-3.956250191,-50.71875381,26.10000038,207.2304663,,,,88.531181977,24.373269455,Bump,,-0.849452034,9.973284721,-1.119841009,-14.40000057,-66.20625305,10.80000019,0.01527162,0.10079269,-0.066584261,-0.849452034,9.973284721,-1.119841009,20.19294716945617,32,83,18,21
6.91,0.374311566,0.366415977,-0.924399137,-1.050076425,9.749906063,-0.084034786,0.031428993,0.010323615,-0.022907428,0.37081477,0.41821368,0.615334302,0.55583936,3.061735749,-1.463168144,1.8760131,-7.293750286,-47.15625,27.73125076,210.4585759,-0.063415527,996.4885864,,88.531181634,24.37326941,Bump,,-0.226361023,9.700502968,-0.691047192,-17.73750114,-62.64375305,12.43125057,0.0239459,0.012461642,-0.021991132,-0.226361023,9.700502968,-0.691047192,20.197017457544657,32,83,18,21
6.92,0.8775298,-0.13528347,-0.416478246,-1.050835431,9.749855042,-0.080347009,0.039553494,0.082161315,0.050090911,0.371129796,0.418362245,0.615264744,0.555594236,3.06528008,-1.463119864,1.878763855,-7.556250095,-48.39375305,27.30000114,209.4283195,,,,88.531181291,24.373269365,Bump,,-0.89682993,9.217152786,-0.501057059,-17.98125076,-63.86250305,12.0,0.032070401,0.084299341,0.05100721,-0.89682993,9.217152786,-0.501057059,20.20030441514738,32,83,18,21
6.93,-0.150865912,-0.519069195,-0.623867571,-1.049551308,9.749999046,-0.079702385,-0.009865466,0.090591249,-0.038056875,0.371415228,0.418582633,0.615061611,0.55546242,3.065797329,-1.463256121,1.87842232,-3.543750048,-47.92500305,28.44375038,210.6893618,,,,88.531180948,24.37326932,Bump,,-1.028315544,9.720841885,-0.949352369,-13.98750019,-63.41250229,13.14375019,-0.01734856,0.092729275,-0.037140579,-1.028315544,9.720841885,-0.949352369,20.189696389296603,32,83,18,21
6.94,0.346800685,-0.10307169,-1.237564564,-1.04232198,9.750734806,-0.084346622,-0.024434591,0.078954274,-0.072692907,0.371633232,0.418807268,0.614608884,0.555648357,3.060845256,-1.463958681,1.872739136,-6.975000381,-53.11875153,23.47500038,203.8422814,,,,88.531180605,24.373269275,Bump,,-0.340737944,9.625847054,-1.45866468,-17.41875076,-68.60625458,8.175000191,-0.031917685,0.0810923,-0.071776612,-0.340737944,9.625847054,-1.45866468,20.18459347298957,32,83,18,21
6.95,0.759886265,-0.092865467,-1.209708393,-1.040994704,9.750892162,-0.082521439,0.049999283,0.028527385,0.012156209,0.371838018,0.418861911,0.614516616,0.555572242,3.062485814,-1.464109063,1.87394172,-8.775000572,-47.8125,27.73125076,210.1137338,-0.063415527,996.4885864,,88.53118026199999,24.37326923,Bump,,-0.348155692,9.406185865,-1.104885861,-19.21875,-63.30000305,12.43125057,0.042516189,0.030665412,0.013072506,-0.348155692,9.406185865,-1.104885861,20.204424801697662,32,83,18,21
6.96,0.4251315,-0.737251282,-0.696770072,-1.042319298,9.750795364,-0.077145107,0.063316134,0.048319405,0.022296564,0.372084767,0.418852806,0.61457777,0.555346251,3.067714453,-1.464016199,1.878761292,-6.806250095,-49.46250153,26.83125114,208.4779016,,,,88.531179919,24.373269185,Bump,,-1.146640623,9.257831001,-0.468036115,-17.23125076,-64.93125153,11.53125,0.055833041,0.050457431,0.023212861,-1.146640623,9.257831001,-0.468036115,20.19154522212961,32,83,18,21
6.97,-0.338335812,-0.260093689,-0.345263854,-1.043168783,9.750691414,-0.078836035,-0.0433714,0.053603385,-0.004123337,0.372060642,0.41896908,0.614533722,0.555323392,3.066162825,-1.463915884,1.877047837,-9.356250763,-48.39375305,27.33750153,209.4619887,,,,88.531179576,24.37326914,Bump,,-1.12845515,9.582775879,-0.831745136,-19.80000114,-63.88125229,12.03750038,-0.050854493,0.055741411,-0.00320704,-1.12845515,9.582775879,-0.831745136,20.203249528856905,32,83,18,21
6.98,-0.102205426,-0.070888996,-0.895531267,-1.042903841,9.750682354,-0.083258264,-0.006444623,0.065667964,-0.01178969,0.372104749,0.419285193,0.614307135,0.555306017,3.06192863,-1.463908613,1.872197986,-8.568750381,-49.72500229,25.74375153,207.3716184,,,,88.531179233,24.373269095,Bump,,-1.339980692,9.486943483,-0.868594617,-19.01250076,-65.1937561,10.44375038,-0.013927717,0.067805991,-0.010873393,-1.339980692,9.486943483,-0.868594617,20.186174508610968,32,83,18,21
6.99,0.065204501,-0.154784203,-0.359790318,-1.038515687,9.751192093,-0.078187391,0.06563742,0.117591469,-0.070066189,0.372557759,0.419278741,0.614129394,0.555203646,3.06645143,-1.464396656,1.875974834,-8.4375,-46.25625229,28.23750114,211.4023139,-0.010574341,996.4822998,,88.53117889,24.37326905,Bump,,-0.67716881,9.676096153,0.207218441,-18.88125038,-61.72500229,12.93750095,0.058154327,0.119729498,-0.069149894,-0.67716881,9.676096153,0.207218441,20.199245604074196,32,83,18,21
7.0,0.468506902,0.25533247,0.580728889,-1.026796758,9.752454758,-0.075434398,-0.028710644,0.112093687,-0.111788256,0.373326421,0.419452548,0.613523901,0.555225432,3.068256855,-1.465615869,1.876211166,-4.087500095,-49.08750153,27.61875153,209.3639881,,,,88.531178547,24.373269005,Bump,,-0.107198447,9.659824944,0.009092715,-14.53125095,-64.57500458,12.31875038,-0.036193739,0.114231713,-0.110871958,-0.107198447,9.659824944,0.009092715,20.201303577302063,32,83,18,21
7.01,1.289240897,-0.329694271,-0.687493607,-1.017708182,9.753396511,-0.076859552,-0.00962112,0.118813199,-0.047952885,0.373942688,0.419832781,0.612885892,0.555228055,3.066213846,-1.466534615,1.872495532,-7.706250191,-49.55625153,25.70625114,207.4170665,,,,88.531178204,24.37326896,Bump,,0.262014082,9.145966291,-1.226321593,-18.15000153,-65.04375458,10.40625,-0.017104214,0.120951228,-0.047036588,0.262014082,9.145966291,-1.226321593,20.182072941472896,32,83,18,21
7.02,1.141494304,-0.083726406,-1.035050094,-1.018889248,9.753270626,-0.077228729,0.016401719,0.04404335,0.052228938,0.374155968,0.420142144,0.612722993,0.555030107,3.065940261,-1.466411173,1.871322334,-7.406250477,-51.35625076,25.61250114,206.5064501,,,,88.531177861,24.373268915,Bump,,0.036370906,9.745009422,-0.904965532,-17.85000038,-66.82500458,10.3125,0.008918626,0.046181377,0.053145235,0.036370906,9.745009422,-0.904965532,20.19346417112776,32,83,18,21
7.03,0.923910022,-0.093919754,-0.569447517,-1.020516276,9.753092766,-0.07815326,-0.008093958,0.04978548,0.031001388,0.374254316,0.420378685,0.61262846,0.554889083,3.065160036,-1.46623826,1.86996305,-4.631250381,-49.98750305,24.45000076,206.0642864,-0.079269409,996.4905396,,88.53117751799999,24.37326887,Bump,,-0.583848738,9.854600716,-0.251724944,-15.07500076,-65.4750061,9.150000572,-0.015577052,0.051923507,0.031917685,-0.583848738,9.854600716,-0.251724944,20.18537658707756,32,83,18,21
7.04,0.297379464,0.252409458,-0.08700862,-1.020886362,9.75303793,-0.0801263,-0.017684536,0.045875944,0.008613193,0.374283478,0.420550749,0.612525731,0.554852366,3.063266039,-1.466183424,1.867721617,-8.850000381,-49.65000153,25.35000038,207.0476753,,,,88.531177175,24.373268825,Bump,,-0.793818906,9.416953802,-0.311066944,-19.29375076,-65.13750458,10.05000019,-0.025167629,0.048013971,0.00952949,-0.793818906,9.416953802,-0.311066944,20.18253499881891,32,83,18,21
7.05,0.163210571,-0.057065964,-0.185657084,-1.02073288,9.753058434,-0.079580985,-0.000336,0.084726945,-0.003481929,0.374566838,0.420822725,0.612332523,0.554668158,3.063785434,-1.466203988,1.867289603,-7.143750191,-48.37500381,26.66250038,208.8619172,,,,88.531176832,24.37326878,Bump,,-1.237567866,9.890014458,-0.100019986,-17.56875038,-63.86250305,11.36250019,-0.007819069,0.086864973,-0.002565632,-1.237567866,9.890014458,-0.100019986,20.2195984092956,32,83,18,21
7.06,-0.125776887,0.382913113,0.025154125,-1.019762218,9.75315094,-0.080784157,-0.032528549,0.109497512,-0.018020511,0.374803841,0.421118036,0.612089008,0.554552674,3.062538862,-1.466293693,1.86513418,-2.868750095,-47.58750153,26.45625114,209.0718523,,,,88.531176489,24.373268735,Bump,,-1.013121104,9.667960548,-0.273738917,-13.29375076,-63.05625153,11.15625,-0.040011643,0.111635536,-0.017104213,-1.013121104,9.667960548,-0.273738917,20.19289415379899,32,83,18,21
7.07,-0.066521853,-0.050488949,-0.28825134,-1.012440443,9.753912449,-0.080838673,-0.002779435,0.114781491,-0.087048231,0.375319779,0.421375513,0.611606717,0.554540306,3.061915517,-1.46704179,1.863211691,-7.443750381,-50.04375076,23.60625076,205.2538264,-0.100402832,996.493042,,88.531176146,24.37326869,Bump,,-1.081555843,9.600004435,-0.381057007,-17.88750076,-65.53125,8.306250572,-0.010262529,0.11691952,-0.086131935,-1.081555843,9.600004435,-0.381057007,20.212394977834183,32,83,18,21
7.08,0.554868072,-0.427681923,-0.164031684,-1.002150118,9.754985809,-0.079673845,0.007941242,0.126449011,-0.092698731,0.3759204,0.421521395,0.611077011,0.554606527,3.062255621,-1.468102753,1.862308741,-7.575000286,-50.49375153,25.85625076,207.115548,,,,88.531175803,24.373268645,Bump,,0.093798643,9.708638573,0.08614162,-18.0,-65.96250153,10.55625057,0.000458,0.128587034,-0.091782431,0.093798643,9.708638573,0.08614162,20.19018562619055,32,83,18,21
7.09,1.380145341,0.242352962,0.092550494,-0.998516828,9.755329132,-0.083120272,-0.05677988,0.137627833,0.00140499,0.376464963,0.422180429,0.610470146,0.55440411,3.058541536,-1.468444824,1.856540859,-7.650000095,-48.54375076,27.31875038,209.3693099,,,,88.53117546,24.3732686,Bump,,0.421615335,9.981420326,-0.482871616,-18.09375,-64.03125,12.01875019,-0.064262974,0.139765863,0.002321285,0.421615335,9.981420326,-0.482871616,20.20726010888896,32,83,18,21
7.1,0.894461095,-0.370648384,-1.065099359,-0.997623384,9.755403519,-0.085047707,-0.0033903,0.116736259,0.010201442,0.376803696,0.422635436,0.610117972,0.554215074,3.056548119,-1.468520045,1.853186846,-5.981250286,-47.13750076,27.07500076,209.872347,,,,88.531175117,24.373268555,Bump,,-0.197407873,9.6693964,-1.60977143,-16.42500114,-62.62500381,11.77500057,-0.010873394,0.118874285,0.011117739,-0.197407873,9.6693964,-1.60977143,20.21040911439559,32,83,18,21
7.11,0.666030109,-0.035763264,-1.507781923,-0.995071173,9.755664349,-0.085038636,0.043218683,0.050854493,-0.036193738,0.377009556,0.422751307,0.609931022,0.554192454,3.056340694,-1.468780637,1.852435708,-7.537500381,-50.34375381,25.06875038,206.4710804,-0.097763062,996.4926758,,88.531174774,24.37326851,Bump,,-0.212004086,9.678967667,-1.050449136,-17.98125076,-65.83125305,9.768750191,0.035735589,0.05299252,-0.035277441,-0.212004086,9.678967667,-1.050449136,20.203825549624312,32,83,18,21
7.12,0.895773053,0.159206867,-0.522698686,-0.991733432,9.756002426,-0.085237909,-0.004856375,0.048441578,0.008246675,0.377266154,0.422902003,0.609687001,0.554171383,3.055854917,-1.469119966,1.851262569,-8.381250381,-49.23750305,27.84375191,209.4881099,,,,88.531174431,24.373268465,Bump,,-0.055034925,9.574281454,0.064008005,-18.82500076,-64.7250061,12.54375076,-0.012339468,0.050579604,0.009162972,-0.055034925,9.574281454,0.064008005,20.198863047542005,32,83,18,21
7.13,1.021684259,0.040781498,0.390453503,-0.993717194,9.755800247,-0.085289948,-0.019028438,0.121501003,0.052473284,0.377624378,0.423385128,0.609434575,0.553836018,3.055973291,-1.468916953,1.849927187,-2.456250191,-47.56875229,25.81875038,208.4916506,,,,88.531174088,24.37326842,Bump,,-0.139262274,9.959885025,0.299102825,-12.88125038,-63.03750229,10.51875019,-0.026511531,0.123639032,0.053389582,-0.139262274,9.959885025,0.299102825,20.19647363656589,32,83,18,21
7.14,0.581323087,0.586610794,-0.017892227,-0.995472461,9.755605221,-0.087079443,-0.04657844,0.129350619,0.023976442,0.378030777,0.424019992,0.609066486,0.553477883,3.054339528,-1.468721688,1.846495867,-6.356250286,-50.26875305,26.06250191,207.4050805,,,,88.531173745,24.373268375,Bump,,-0.655633408,10.60451145,-0.621655321,-16.80000114,-65.7562561,10.76250076,-0.054061533,0.131488642,0.024892739,-0.655633408,10.60451145,-0.621655321,20.19395473066172,32,83,18,21
7.15,0.330024302,0.644403934,-0.939312428,-0.993781298,9.755762577,-0.088806048,0.008460478,0.066278828,-0.012767074,0.37824823,0.424293831,0.608804971,0.553407162,3.052468419,-1.468878329,1.84378463,-8.53125,-47.86875153,27.48750114,209.8655803,-0.150604248,996.4991455,,88.53117340200001,24.37326833,Bump,,-0.501894541,10.01635551,-1.027717352,-18.97500038,-63.35625076,12.18750095,0.000977,0.068416857,-0.011850777,-0.501894541,10.01635551,-1.027717352,20.21718116576991,32,83,18,21
7.16,0.341761529,0.270256042,-0.165899955,-0.992518425,9.755945683,-0.082586229,0.06771436,0.051984593,0.0022602,0.37864852,0.424291402,0.608753771,0.553191572,3.058575273,-1.46906215,1.849213243,-3.843750238,-45.99375153,27.11250114,210.5185958,,,,88.531173059,24.373268285,Bump,,-0.788195765,9.811529922,0.172761793,-14.28750038,-61.46250153,11.8125,0.060231267,0.054122619,0.003176497,-0.788195765,9.811529922,0.172761793,20.21322477631151,32,83,18,21
7.17,0.253723979,-0.028642654,0.917876244,-0.993989795,9.75580883,-0.080967039,-0.017104214,0.092393298,0.018784092,0.378984287,0.424623713,0.608583629,0.552893758,3.060316205,-1.468925476,1.849799275,-7.331250191,-48.93750381,24.95625114,207.0198387,,,,88.531172716,24.37326824,Bump,,-0.664247561,9.745966721,0.883908689,-17.77500153,-64.40625,9.65625,-0.024587307,0.094531326,0.019700389,-0.664247561,9.745966721,0.883908689,20.21860107642666,32,83,18,21
7.18,0.331445694,0.368350983,0.740103126,-0.995113194,9.75566864,-0.084110714,-0.068630658,0.157542029,0.013988803,0.37926361,0.425175995,0.608245075,0.552650392,3.057269096,-1.468784928,1.845315337,-6.731250286,-48.22500229,26.62500191,208.903069,,,,88.531172373,24.373268195,Bump,,-0.701695234,9.56770134,-0.29671002,-17.17500114,-63.69375229,11.32500076,-0.076113753,0.159680054,0.014905101,-0.701695234,9.56770134,-0.29671002,20.184971888939423,32,83,18,21
7.19,0.272672415,-0.352266312,-0.787420899,-0.989965677,9.756195068,-0.083688475,0.013591741,0.167926729,-0.085704327,0.379813209,0.425530761,0.607780993,0.552510351,3.057256103,-1.469313323,1.843762279,-6.675000191,-45.73125076,29.02500153,212.4027395,-0.142684937,996.4980469,,88.53117203,24.37326815,Bump,,-0.591027194,9.680881882,-1.357208967,-17.11875153,-61.21875381,13.72500038,0.006108648,0.170064755,-0.084788032,-0.591027194,9.680881882,-1.357208967,20.209234699008142,32,83,18,21
7.2,0.792370081,0.247691154,-1.265062571,-0.97933054,9.757252216,-0.085581478,-0.014202606,0.092851447,-0.07391464,0.380338565,0.425763994,0.607171267,0.552639663,3.054423451,-1.470383227,1.839658797,-5.850000381,-48.18750381,28.14375114,210.2869223,,,,88.531171687,24.373268105,Bump,,0.554656294,9.928778267,-1.1064412,-16.27500153,-63.65625381,12.84375095,-0.021685699,0.094989473,-0.07299834,0.554656294,9.928778267,-1.1064412,20.21753361827284,32,83,18,21
7.21,1.686411381,0.121569157,-0.732374072,-0.976997972,9.757455349,-0.089001551,-0.010965023,0.068111423,0.046853328,0.380635411,0.426201448,0.606766284,0.552542895,3.050745845,-1.470589817,1.834722281,-8.306250572,-50.06250381,26.30625153,207.7204963,,,,88.531171344,24.37326806,Bump,,0.715453967,9.346963406,-0.565304354,-18.75,-65.55000305,11.00625038,-0.018448116,0.07024945,0.047769627,0.715453967,9.346963406,-0.565304354,20.187249322646625,32,83,18,21
7.22,1.260463744,-0.104530334,-0.14155722,-0.981389612,9.757012367,-0.089278877,-0.012308925,0.084482599,0.071043575,0.380948991,0.426754206,0.606562257,0.552124023,3.050870657,-1.470139503,1.833336532,-6.206250191,-50.85000229,27.03750038,208.0000655,,,,88.531171001,24.373268015,Bump,,-0.283788768,9.608618736,-0.158404858,-16.65000153,-66.3187561,11.73750019,-0.019792019,0.086620627,0.07195987,-0.283788768,9.608618736,-0.158404858,20.18265985069467,32,83,18,21
7.23,0.382405281,0.006048679,-0.33367072,-0.983929694,9.756712914,-0.09389085,-0.05451968,0.064293519,0.029016077,0.380997032,0.427204296,0.60635215,0.551973581,3.046457648,-1.469836295,1.828053117,-6.281250477,-47.71875,28.06875038,210.4645614,-0.145324707,996.4984131,,88.53117065800001,24.37326797,Bump,,-0.656590527,9.905807304,-0.666161829,-16.72500038,-63.20625305,12.76875019,-0.062002775,0.066431546,0.029932374,-0.656590527,9.905807304,-0.666161829,20.2096448259716,32,83,18,21
7.24,0.056791067,0.054192066,-0.991173208,-0.98996973,9.756078243,-0.096343301,-0.008643737,0.069455325,0.068111423,0.380991399,0.427613825,0.606317431,0.551698416,3.044577479,-1.469196081,1.825452626,-7.556250095,-47.38125229,28.16250038,210.7264313,,,,88.531170315,24.373267925,Bump,,-1.104885846,9.498309374,-1.260419309,-18.0,-62.86875153,12.86250019,-0.01612683,0.071593352,0.06902772,-1.104885846,9.498309374,-1.260419309,20.202978924527194,32,83,18,21
7.25,-0.554513633,-0.925810814,-1.286257863,-0.990856946,9.756022453,-0.09268751,0.063224504,0.159435704,-0.020769403,0.381325185,0.427792221,0.606228888,0.551426768,3.048321486,-1.469140768,1.82831037,-7.237500191,-47.8125,26.30625153,208.8194197,,,,88.531169972,24.37326788,Bump,,-1.599841213,9.37077198,-1.071984553,-17.68125153,-63.30000305,11.00625038,0.055741413,0.161573738,-0.019853105,-1.599841213,9.37077198,-1.071984553,20.21367315107033,32,83,18,21
7.26,-0.510545611,-0.056848526,-0.892396063,-0.980665654,9.757029533,-0.09510057,-0.046883872,0.152777278,-0.162917638,0.381758809,0.427973658,0.605671942,0.551597834,3.044908524,-1.470157266,1.823870003,-3.618750095,-49.10625076,24.03750038,206.0817394,,,,88.531169629,24.373267835,Bump,,-0.722034231,9.467801094,-1.258624732,-14.06250095,-64.59375,8.737500191,-0.054366967,0.154915306,-0.16200134,-0.722034231,9.467801094,-1.258624732,20.18559370162349,32,83,18,21
7.27,0.985486045,-0.907038689,-1.447835863,-0.962055147,9.758836746,-0.099630058,0.00442877,0.148867746,-0.134084819,0.382478058,0.428231314,0.604705751,0.551959544,3.038398623,-1.472008646,1.815736055,-8.362500191,-46.01250076,27.18750191,210.577655,-0.110977173,996.4944458,,88.531169286,24.37326779,Bump,,0.780538745,8.740024185,-1.315573883,-18.80625153,-61.50000381,11.88750076,-0.003054324,0.151005775,-0.133168522,0.780538745,8.740024185,-1.315573883,20.21181681490379,32,83,18,21
7.28,2.126182675,-0.557761669,-0.569466382,-0.957259476,9.759311676,-0.09937676,0.00442877,0.118202336,0.049174616,0.383124098,0.428713948,0.604161352,0.551732957,3.03815043,-1.472500384,1.813552439,-8.587500572,-48.78750229,24.95625114,207.0910879,,,,88.531168943,24.373267745,Bump,,1.32993083,9.69954586,-0.235453749,-19.03125,-64.2562561,9.65625,-0.003054324,0.120340362,0.050090912,1.32993083,9.69954586,-0.235453749,20.18807792501912,32,83,18,21
7.29,1.858483911,0.12460804,-0.414326936,-0.962414294,9.758738041,-0.105735306,-0.079626223,0.143247791,0.09694424,0.38346675,0.429707989,0.603672475,0.551256537,3.032170653,-1.471905708,1.805238605,-5.512500286,-49.57500076,26.96250153,208.540573,,,1.224483609,88.5311686,24.3732677,Bump,,0.406181648,9.943374634,-1.074377388,-15.95625019,-65.0625,11.66250038,-0.087109318,0.14538582,0.097860539,0.406181648,9.943374634,-1.074377388,20.186572078626785,32,83,18,21
7.3,0.644668639,-0.508807659,-1.885194063,-0.957956582,9.759147644,-0.108395461,0.026786419,0.105618522,-0.050396344,0.383842275,0.43008846,0.603213161,0.551201314,3.028920293,-1.472329438,1.800693631,-9.225000381,-47.60625076,25.91250038,208.5598408,,,,88.531168333,24.373267635,Bump,,-0.276610297,9.097033215,-2.099462581,-19.66875076,-63.07500076,10.61250019,0.019303328,0.107756548,-0.049480047,-0.276610297,9.097033215,-2.099462581,20.186620628716,32,83,18,21
7.31,0.917745471,-0.046087742,-1.164933056,-0.949648082,9.759980202,-0.106496483,0.052992519,0.059864749,-0.067653276,0.384329632,0.430140495,0.602824777,0.551245987,3.029915929,-1.473197222,1.80078423,-8.625,-49.78125381,23.45625114,205.2291771,-0.068695068,996.4891357,,88.531168066,24.37326757,Bump,,0.237846568,9.768459129,-0.802074145,-19.06875038,-65.25,8.15625,0.045509426,0.062002776,-0.066736978,0.237846568,9.768459129,-0.802074145,20.212675929260477,32,83,18,21
7.32,1.995337009,1.394945145,0.152408689,-0.948947191,9.760029793,-0.108268984,-0.029779658,0.117469296,0.035735589,0.384653687,0.430573583,0.602485895,0.551052332,3.02799058,-1.473248005,1.797548294,-6.0,-52.03125381,22.63125038,203.5068688,,,,88.531167799,24.373267505,Bump,,0.364307243,9.36790061,-0.18185452,-16.42500114,-67.5,7.331250191,-0.037262752,0.119607323,0.036651886,0.364307243,9.36790061,-0.18185452,20.206773884045493,32,83,18,21
7.33,1.28441298,-0.002077103,-0.23224926,-0.949253649,9.759998322,-0.108387098,-0.005589412,0.193460876,0.007513637,0.385152757,0.431139961,0.602093637,0.550689429,3.027903795,-1.473215878,1.795612574,-5.025000095,-52.23750305,19.59375,200.5605515,,,,88.531167532,24.37326744,Bump,,-0.038763724,9.855079269,-1.133719355,-15.45000076,-67.7250061,4.293750286,-0.013072506,0.195598903,0.008429934,-0.038763724,9.855079269,-1.133719355,20.20120746592333,32,83,18,21
7.34,0.705261201,0.326559544,-1.700069308,-0.942367494,9.760649204,-0.109765805,-0.007177661,0.144164091,-0.068416855,0.385823235,0.431655392,0.601432443,0.550538868,3.025633097,-1.473900437,1.791307688,-11.02500057,-50.51250076,25.91250038,207.1574532,,,,88.531167265,24.373267375,Bump,,-0.203868491,10.03358402,-2.6507689,-21.46875,-65.98125458,10.61250019,-0.014660754,0.146302113,-0.067500559,-0.203868491,10.03358402,-2.6507689,20.194822855859,32,83,18,21
7.35,0.847888231,0.016643524,-2.781879067,-0.93365851,9.761467457,-0.111434683,0.057696179,0.090713421,-0.052106767,0.386242434,0.431833416,0.60093528,0.550648212,3.022801995,-1.474766612,1.78746897,-6.581250191,-49.27500153,24.11250114,206.0746075,-0.050201416,996.4869995,,88.531166998,24.37326731,Bump,,0.138783711,9.625129223,-2.528017104,-17.02500153,-64.76250458,8.8125,0.050213085,0.092851447,-0.051190467,0.138783711,9.625129223,-2.528017104,20.215831960585177,32,83,18,21
7.36,1.1427975,-0.239961147,-1.552638739,-0.930945992,9.761782646,-0.10642552,0.086284651,0.121745351,0.002138027,0.386792302,0.432006031,0.600696087,0.55038771,3.027769208,-1.47510165,1.791191995,-2.643750191,-48.76875305,26.13750076,208.1889803,,,,88.531166731,24.373267245,Bump,,0.074656072,9.178389168,-0.93367939,-13.06875038,-64.2562561,10.83750057,0.078801556,0.123883374,0.003054324,0.074656072,9.178389168,-0.93367939,20.19683005078257,32,83,18,21
7.37,1.002000809,0.074097157,0.114136443,-0.92560181,9.762307644,-0.104919698,-0.025045455,0.148287423,-0.028710645,0.387499288,0.432449728,0.600149751,0.550137848,3.028720856,-1.47566247,1.790162683,-4.837500095,-49.48125076,25.27500153,207.0579256,,,,88.531166464,24.37326718,Bump,,0.339780824,9.682796097,-0.001435691,-15.26250076,-64.95000458,9.975000381,-0.032528549,0.150425453,-0.027794348,0.339780824,9.682796097,-0.001435691,20.21431964416629,32,83,18,21
7.38,1.620995581,0.00171566,-0.596040115,-0.915715069,9.763238907,-0.104936574,-0.012064579,0.212642029,-0.063591024,0.388486162,0.433091402,0.59926644,0.549899936,3.027497053,-1.476669312,1.786140561,-6.412500381,-48.30000305,27.65625191,209.7951577,,,,88.531166197,24.373267115,Bump,,0.810568653,10.1102736,-1.088136062,-16.85625076,-63.76875305,12.35625076,-0.019547674,0.214780059,-0.062674727,0.810568653,10.1102736,-1.088136062,20.19989152112559,32,83,18,21
7.39,1.369511604,-0.956212997,-1.933232903,-0.910711288,9.763723373,-0.103411987,0.049785479,0.150425449,-0.024587307,0.389079124,0.4334234,0.598813415,0.549712718,3.028525591,-1.477196097,1.78557694,-3.018750191,-49.81875229,24.41250038,206.1060705,-0.055480957,996.4876099,,88.53116593,24.37326705,Bump,,0.696789932,10.1556179,-1.879801488,-13.46250057,-65.30625153,9.112500191,0.042302387,0.152563481,-0.023671011,0.696789932,10.1556179,-1.879801488,20.19821771720256,32,83,18,21
7.4,1.626377165,0.665964127,-1.746980429,-0.909484774,9.763856888,-0.101558294,0.060261811,0.114414975,0.023884813,0.389478073,0.43369019,0.598567963,0.549487025,3.03038764,-1.477342248,1.786283672,-7.800000191,-48.99375153,25.36875153,207.3749246,,,,88.531165663,24.373266985,Bump,,0.446979266,9.79621582,-1.563470316,-18.24375153,-64.48125458,10.06875038,0.052778717,0.116553,0.02480111,0.446979266,9.79621582,-1.563470316,20.202579474116263,32,83,18,21
7.41,1.106235534,0.427979946,-0.999572724,-0.906618476,9.764150143,-0.099032298,0.021166465,0.088514307,-0.002748891,0.390026212,0.434005857,0.598216981,0.549231172,3.032791018,-1.477662146,1.787192762,-6.056250095,-50.77500153,24.60000038,205.8497424,,,,88.531165396,24.37326692,Bump,,0.227916351,10.68215847,-0.400797792,-16.48125076,-66.24375153,9.300000191,0.013683371,0.090652332,-0.001832594,0.227916351,10.68215847,-0.400797792,20.197129491666296,32,83,18,21
7.42,1.502681494,0.862530231,-0.491353184,-0.904723942,9.764326096,-0.098998629,-0.001374446,0.198989205,0.016798781,0.390658259,0.434608385,0.597698569,0.548869729,3.032602549,-1.477855563,1.784858167,-2.737500191,-49.76250076,27.45000076,208.8820162,,,,88.531165129,24.373266855,Bump,,0.140697973,10.41356411,-0.835573661,-13.18125057,-65.23125458,12.15000057,-0.008857539,0.201127227,0.017715079,0.140697973,10.41356411,-0.835573661,20.21597950709899,32,83,18,21
7.43,0.73841235,0.984196186,-0.83474493,-0.901166767,9.764677048,-0.096787307,0.03008509,0.152899456,-0.01924224,0.391350657,0.435069531,0.597211182,0.548541605,3.034603,-1.478242934,1.784858704,-2.34375,-48.48750305,25.33125114,207.5838473,-0.010574341,996.4822998,,88.531164862,24.37326679,Bump,,0.17886349,10.65643573,-1.079163015,-12.78750038,-63.95625305,10.03125,0.022601997,0.155037481,-0.018325943,0.17886349,10.65643573,-1.079163015,20.2070968806436,32,83,18,21
7.44,0.904075027,0.293077469,-0.959914654,-0.887638718,9.765981674,-0.089759547,0.081519905,0.181487924,-0.12577706,0.392468482,0.435256973,0.596496701,0.548371613,3.040823102,-1.479694605,1.788847685,-6.693750381,-48.93750381,25.59375191,207.60905,,,,88.531164595,24.373266725,Bump,,-0.000957,9.801958656,-0.827916628,-17.13750076,-64.42500305,10.29375076,0.074036813,0.183625954,-0.124860759,-0.000957,9.801958656,-0.827916628,20.197011514061597,32,83,18,21
7.45,1.97250241,0.398672104,0.01905252,-0.872943848,9.767343998,-0.085723277,0.027030767,0.158672124,-0.111024676,0.393550798,0.435535446,0.59566474,0.548279077,3.043704987,-1.481232524,1.789401233,-6.206250191,-49.51875305,27.20625114,208.7849697,,,,88.531164328,24.37326666,Bump,,1.718525219,10.50161991,0.107198457,-16.65000153,-65.0062561,11.90625,0.019547673,0.160810154,-0.110108375,1.718525219,10.50161991,0.107198457,20.224183553222502,32,83,18,21
7.46,2.803083897,0.686079979,-0.067768537,-0.871197462,9.767489433,-0.086958058,-0.040775224,0.196270856,0.065301443,0.394256175,0.436299443,0.595030665,0.54785341,3.042107582,-1.481397748,1.785239458,-5.362500191,-46.93125153,27.28125191,210.1695422,,,,88.531164061,24.373266595,Bump,,1.581057578,10.59123111,-0.791426085,-15.80625057,-62.40000153,11.98125076,-0.048258317,0.198408878,0.066217742,1.581057578,10.59123111,-0.791426085,20.20372188165532,32,83,18,21
7.47,2.03548789,1.149232388,-1.059526891,-0.877339065,9.766918659,-0.089179508,0.030085089,0.129686591,0.103541578,0.394503325,0.436976403,0.594796985,0.547389477,3.040291548,-1.480749905,1.781784713,-6.356250286,-50.40000153,23.40000153,204.9047696,-0.103042603,996.4934692,,88.531163794,24.37326653,Bump,,0.602991301,10.34465084,-1.755374694,-16.78125,-65.88750458,8.100000381,0.022601998,0.13182462,0.104457878,0.602991301,10.34465084,-1.755374694,20.20994268473608,32,83,18,21
7.48,1.225668311,0.577599049,-1.445875227,-0.874238551,9.767252922,-0.082754862,0.088269961,0.169514976,-0.069485869,0.395339578,0.437355891,0.594385028,0.546930343,3.047222018,-1.4811306,1.786598265,-6.0,-48.28125381,27.00000191,209.2149373,,,,88.531163527,24.373266465,Bump,,0.251246387,11.00076275,-0.390508658,-16.44375038,-63.76875305,11.70000076,0.080786867,0.171653003,-0.068569572,0.251246387,11.00076275,-0.390508658,20.2239818906943,32,83,18,21
7.49,1.632732809,1.159196854,0.090280447,-0.857423484,9.768767357,-0.079804763,0.003940078,0.160229835,-0.132252227,0.396406993,0.43758598,0.593493789,0.546941429,3.048789501,-1.482872069,1.785947204,-5.587500095,-49.48125076,25.27500153,207.0579256,,,,88.53116326,24.3732664,Bump,,1.59003067,9.870393515,-0.137587301,-16.03125,-64.96875,9.975000381,-0.003543016,0.162367857,-0.131335929,1.59003067,9.870393515,-0.137587301,20.21195758487646,32,83,18,21
7.5,2.682442904,-0.002150536,-0.20248428,-0.848010182,9.769635201,-0.074141245,0.044134981,0.18234314,0.025228717,0.397626743,0.438145339,0.592676222,0.546494633,3.054383993,-1.483884037,1.788452268,-9.318750381,-46.33125305,27.24375153,210.4564239,,,,88.531162993,24.373266335,Bump,,1.920958018,10.28578739,-0.28426733,-19.76250076,-61.81875229,11.94375038,0.036651886,0.184481159,0.026145011,1.920958018,10.28578739,-0.28426733,20.190751053520277,32,83,18,21
7.51,2.428001523,0.781211376,-0.675667554,-0.856247038,9.768918514,-0.073767867,-0.009926553,0.165849786,0.158061258,0.398219809,0.439134523,0.592298269,0.54567802,3.055654645,-1.483046949,1.786916673,-5.850000381,-50.45625305,24.54375076,205.9399682,-0.25630188,996.5117188,,88.531162726,24.37326627,Bump,,0.88151585,10.54564819,-1.116491067,-16.27500153,-65.9437561,9.243750572,-0.017409646,0.167987816,0.158977561,0.88151585,10.54564819,-1.116491067,20.22266766164427,32,83,18,21
7.52,0.88296181,0.787752151,-1.271488786,-0.863562495,9.768267632,-0.074709263,0.01065959,0.066523175,0.096699895,0.398363829,0.439675748,0.592211664,0.545230955,3.055293202,-1.482292891,1.785326064,-3.431250095,-45.73125076,30.26250076,213.4944641,,,,88.531162459,24.373266205,Bump,,-0.06041877,10.21675444,-1.318445265,-13.87500095,-61.21875381,14.96250057,0.003176496,0.068661202,0.097616193,-0.06041877,10.21675444,-1.318445265,20.20918060481233,32,83,18,21
7.53,0.903549075,0.222485542,-0.831333995,-0.862094104,9.768461227,-0.06591215,0.127212591,0.149845132,-0.016798782,0.398981303,0.439747423,0.592095256,0.544848025,3.065285206,-1.482517004,1.794114232,-4.425000191,-48.75000381,24.24375153,206.4415117,,,,88.531162192,24.37326614,Bump,,-0.29862427,9.795258904,-0.103848496,-14.85000038,-64.21875,8.943750381,0.119729497,0.151983158,-0.015882484,-0.29862427,9.795258904,-0.103848496,20.19653616461185,32,83,18,21
7.54,0.60774368,0.376970768,0.355521124,-0.858649611,9.768801689,-0.060146701,-0.005803215,0.204945128,-0.023976442,0.399677053,0.439999506,0.591759503,0.544499069,3.07165885,-1.482910752,1.798832178,-6.131250381,-48.35625076,26.00625038,208.2716016,,,,88.53116192499999,24.373266075,Bump,,0.180897392,10.07186909,-0.138305141,-16.55625153,-63.84375381,10.70625019,-0.013286309,0.207083162,-0.023060145,0.180897392,10.07186909,-0.138305141,20.18789700768932,32,83,18,21
7.55,1.085320115,0.009366989,-0.716186322,-0.853749484,9.769227028,-0.060903298,-0.005955931,0.227547133,-0.021807873,0.400552422,0.440776005,0.59097001,0.544085115,3.070376635,-1.483405769,1.794657171,-5.587500095,-48.88125229,25.81875038,207.8427144,-0.192886353,996.5040283,,88.531161658,24.37326601,Bump,,0.299102828,9.386445284,-1.849651903,-16.03125,-64.3500061,10.51875019,-0.013439026,0.229685155,-0.020891576,0.299102828,9.386445284,-1.849651903,20.21341667415824,32,83,18,21
7.56,1.318061054,-0.490541935,-1.80954212,-0.847276717,9.769814968,-0.05674177,0.088880826,0.18493931,-0.041844238,0.401456743,0.441215008,0.590362906,0.543721735,3.074725628,-1.484095693,1.796659827,-1.781250119,-50.68125153,24.78750038,206.0626186,,,,88.531161391,24.373265945,Bump,,0.912143993,9.685189056,-1.054756239,-12.20625019,-66.16875458,9.487500191,0.081397731,0.187077336,-0.04092794,0.912143993,9.685189056,-1.054756239,20.20593515672281,32,83,18,21
7.57,2.286163211,0.496016979,-0.047043249,-0.840967417,9.770376682,-0.053796442,0.007360921,0.161940253,-0.00311541,0.402377054,0.441751629,0.589688748,0.543337137,3.077709317,-1.484759867,1.79709506,-5.325000286,-50.04375076,23.58750153,205.2362647,,,,88.531161124,24.37326588,Bump,,1.757528216,10.41894794,0.279362039,-15.76875019,-65.51250458,8.287500381,-0.000122,0.16407828,-0.002199113,1.757528216,10.41894794,0.279362039,20.202085187919824,32,83,18,21
7.58,2.437559485,0.507954121,0.048688248,-0.843005538,9.770197868,-0.054292984,-0.023548837,0.168415418,0.096822067,0.403110534,0.442669839,0.589087993,0.542697459,3.077278614,-1.484548628,1.79374063,-9.150000572,-47.625,27.20625114,209.737594,,,,88.531160857,24.373265815,Bump,,1.485942841,10.42935677,-0.216789731,-19.59375,-63.11250305,11.90625,-0.031031931,0.170553446,0.097738364,1.485942841,10.42935677,-0.216789731,20.216231459474336,32,83,18,21
7.59,1.537960947,0.602561474,-0.710398465,-0.850702584,9.769545078,-0.05179438,0.038637198,0.167682387,0.112246403,0.403675109,0.443480775,0.588811129,0.541915685,3.080782652,-1.483778596,1.794787586,-2.400000095,-49.89375305,25.42500114,207.0026111,-0.216659546,996.5067139,,88.53116059,24.37326575,Bump,,0.266081887,10.42313538,-0.743210706,-12.84375095,-65.3812561,10.125,0.031154104,0.169820406,0.113162698,0.266081887,10.42313538,-0.743210706,20.21184156379057,32,83,18,21
7.6,0.575855553,1.609527588,-0.204228789,-0.85274142,9.769377708,-0.049705416,0.020189081,0.108306326,0.04196641,0.403981209,0.443779945,0.588674009,0.541591585,3.08336997,-1.483582735,1.796297312,-5.831250191,-50.23125076,22.72500038,204.3423581,,,,88.531160323,24.373265685,Bump,,-0.087338027,10.52662468,-0.068195445,-16.27500153,-65.71875,7.425000191,0.012705988,0.110444352,0.042882707,-0.087338027,10.52662468,-0.068195445,20.18625881962286,32,83,18,21
7.61,1.038211137,1.135499001,0.199656906,-0.851702005,9.769475937,-0.048230508,0.010170899,0.207999456,-0.010690134,0.404538989,0.444250196,0.588274121,0.541224003,3.08502686,-1.483698308,1.796139181,-5.25,-48.63750076,26.15625191,208.2704538,,,,88.531160056,24.37326562,Bump,,0.088055874,10.23936672,0.113898361,-15.69375038,-64.10625458,10.85625076,0.002687805,0.210137486,-0.009773835,0.088055874,10.23936672,0.113898361,20.19261179733197,32,83,18,21
7.62,0.993865192,0.56752491,0.122562684,-0.845494658,9.770031452,-0.044809494,-0.008857539,0.233350344,-0.036346454,0.405581072,0.444894597,0.587517619,0.540736228,3.088645339,-1.484351158,1.796790004,-2.53125,-48.03750229,25.12500191,207.6108673,,,,88.531159789,24.373265555,Bump,,0.560877639,10.45089226,-0.153140652,-12.95625019,-63.52500153,9.825000763,-0.016340633,0.235488374,-0.035430158,0.560877639,10.45089226,-0.153140652,20.190082460775336,32,83,18,21
7.63,1.613495827,0.347881317,-0.477718905,-0.836622745,9.770798206,-0.044160435,-0.005833759,0.233044913,-0.049418961,0.406665593,0.445629478,0.586574942,0.540339828,3.088857293,-1.485261083,1.793804526,-5.100000381,-51.16875076,22.875,204.0870403,-0.274795532,996.513855,,88.531159522,24.37326549,Bump,,0.896710277,9.967302561,-0.72741808,-15.52500057,-66.63750458,7.575000286,-0.013316852,0.235182938,-0.048502664,0.896710277,9.967302561,-0.72741808,20.209949612699045,32,83,18,21
7.64,1.96993196,0.02636385,-0.620975986,-0.831716985,9.771217823,-0.043993268,0.002474002,0.171103224,0.020341797,0.407490447,0.446291029,0.585858375,0.539949745,3.088747263,-1.485764503,1.791072011,-3.787500143,-49.18125153,26.49375153,208.3111762,,,,88.531159255,24.373265425,Bump,,1.56634171,9.884750557,-0.467557558,-14.23125076,-64.66875458,11.19375038,-0.005009091,0.173241252,0.021258094,1.56634171,9.884750557,-0.467557558,20.181638849609328,32,83,18,21
7.65,2.274020791,0.268175602,-0.1959408,-0.834316671,9.770986557,-0.045988025,-0.037262752,0.195629448,0.090255272,0.408210203,0.447310299,0.585193753,0.539282918,3.086530209,-1.485486865,1.785754561,-4.762500286,-50.92500305,25.25625038,206.3791079,,,,88.531158988,24.37326536,Bump,,1.066720343,10.11015415,-0.340737945,-15.18750095,-66.4125061,9.956250191,-0.044745846,0.197767474,0.091171566,1.066720343,10.11015415,-0.340737945,20.203271133748878,32,83,18,21
7.66,1.507658958,0.116580009,-0.939002395,-0.838921756,9.770573139,-0.049986158,-0.037354381,0.169026285,0.082039139,0.408661231,0.448249891,0.584675193,0.538723379,3.082078815,-1.484993219,1.778812885,-1.631250024,-51.50625229,24.01875114,205.0009057,,,,88.531158721,24.373265295,Bump,,0.483948387,9.531210899,-1.299900889,-12.07500076,-66.99375153,8.71875,-0.044837475,0.171164313,0.082955439,0.483948387,9.531210899,-1.299900889,20.21124475621499,32,83,18,21
7.67,1.228079677,0.181055069,-1.093056798,-0.841242433,9.770374298,-0.050030638,0.017379103,0.157664201,0.049052441,0.409034938,0.448764533,0.58438158,0.53832984,3.082190275,-1.484755993,1.777334571,-4.03125,-47.70000076,25.98750114,208.5820492,-0.190246582,996.5037842,,88.53115845399999,24.37326523,Bump,,0.257946283,9.93164978,-0.598205656,-14.47500038,-63.18750381,10.6875,0.009896009,0.159802228,0.04996874,0.257946283,9.93164978,-0.598205656,20.21620235947252,32,83,18,21
7.68,1.154773116,0.15739584,-0.232372794,-0.840661108,9.770430088,-0.04881235,-0.005803215,0.206472296,0.008246675,0.409564421,0.449239805,0.583990872,0.537954569,3.083593607,-1.484821916,1.776949167,-4.275000095,-49.31250381,25.23750114,207.1027789,,,,88.531158187,24.373265165,Bump,,0.498185682,9.686146164,-0.008135595,-14.71875095,-64.80000305,9.9375,-0.013286309,0.208610322,0.009162972,0.498185682,9.686146164,-0.008135595,20.19533818713917,32,83,18,21
7.69,1.365091681,-0.060708046,-0.150817327,-0.837556034,9.770694733,-0.049014917,-0.02367101,0.250882161,0.001527162,0.410468325,0.450090244,0.583199918,0.537412524,3.08313787,-1.485138357,1.773374796,-1.912500024,-50.11875153,23.79375076,205.3959119,,,,88.53115792,24.3732651,Bump,,0.646062106,9.364311695,-1.076171987,-12.35625076,-65.58750153,8.493750572,-0.031154105,0.253020191,0.002443459,0.646062106,9.364311695,-1.076171987,20.21517536410631,32,83,18,21
7.7,1.427591205,-0.464539051,-1.430436552,-0.834585339,9.770944118,-0.050046595,0.005497783,0.215024397,0.005497783,0.411310568,0.450928867,0.58242178,0.536909282,3.08169806,-1.485436022,1.768943012,-2.625,-51.80625153,23.45625114,204.3595312,,,,88.531157653,24.373265035,Bump,,0.664726138,9.432507133,-1.479242969,-13.06875038,-67.29375458,8.15625,-0.001985311,0.21716243,0.00641408,0.664726138,9.432507133,-1.479242969,20.1875637882869,32,83,18,21
7.71,1.830170035,0.013850689,-0.979679853,-0.835712403,9.770833015,-0.052886762,-0.016340632,0.146179944,0.060292355,0.411806107,0.451687589,0.581882924,0.536475748,3.078394651,-1.485302389,1.763393044,-2.681250095,-50.90625381,24.58125114,205.7746382,-0.095123291,996.4923096,,88.531157386,24.37326497,Bump,,1.186840028,9.934401512,-0.497108899,-13.12500095,-66.39375305,9.28125,-0.023823726,0.148317969,0.061208651,1.186840028,9.934401512,-0.497108899,20.21792853113994,32,83,18,21
7.72,1.803811908,-0.04209137,0.087247677,-0.843406707,9.770172596,-0.052615609,-0.003756818,0.17293582,0.125044021,0.412328109,0.452593327,0.581516117,0.535708606,3.079286814,-1.484519541,1.76170522,0.168750003,-49.53750229,26.23125076,207.9022524,,,,88.531157119,24.373264905,Bump,,0.806381238,9.822537041,0.184247349,-10.27500057,-65.0062561,10.93125057,-0.011239912,0.175073844,0.125960319,0.806381238,9.822537041,0.184247349,20.19017162640081,32,83,18,21
7.73,0.987479448,0.432696819,-0.004597589,-0.851630688,9.769456863,-0.0531327,-0.031612252,0.219605889,0.109192081,0.412898466,0.453624174,0.581073254,0.5348773,3.079284787,-1.483674586,1.758806229,-2.418750048,-48.90000153,24.24375153,206.3713966,,,,88.531156852,24.37326484,Bump,,-0.161754817,10.08718319,-0.416351146,-12.84375095,-64.36875153,8.943750381,-0.039095345,0.221743915,0.110108376,-0.161754817,10.08718319,-0.416351146,20.201963873754853,32,83,18,21
7.74,0.316416621,0.381425858,-0.918312669,-0.852423072,9.769380569,-0.054436974,-0.008399391,0.19162828,0.00971275,0.413291544,0.454165488,0.580685079,0.534535885,3.077817678,-1.483584881,1.755660415,-6.693750381,-49.20000076,25.89375114,207.7576413,,,,88.53115658499999,24.373264775,Bump,,-0.574277431,9.844072342,-1.264606774,-17.13750076,-64.66875458,10.59375,-0.015882484,0.193766308,0.010629047,-0.574277431,9.844072342,-1.264606774,20.218876716694773,32,83,18,21
7.75,0.541038394,-0.12743187,-1.167739749,-0.848765522,9.769717216,-0.050973497,0.066492631,0.236587924,-0.050885037,0.413933322,0.454487026,0.580272764,0.534213543,3.081613779,-1.483981252,1.757742107,-1.818750024,-49.31250381,25.83750153,207.6524869,-0.076629639,996.4902344,,88.531156318,24.37326471,Bump,,0.17084754,9.383214569,-0.586720094,-12.26250076,-64.80000305,10.53750038,0.059009537,0.238725957,-0.049968738,0.17084754,9.383214569,-0.586720094,20.19371620772024,32,83,18,21
7.76,1.237996101,0.016151428,0.060956314,-0.841292113,9.77038002,-0.047830034,-0.035124725,0.21639885,-0.029932375,0.414979294,0.455088884,0.579472154,0.533758521,3.08479917,-1.484763741,1.757995188,-2.118750095,-49.31250381,23.79375076,205.75775,,,,88.531156051,24.373264645,Bump,,1.057627618,9.874221992,0.209132694,-12.56250095,-64.80000305,8.493750572,-0.042607817,0.218536876,-0.029016077,1.057627618,9.874221992,0.209132694,20.197366914313747,32,83,18,21
7.77,2.246885419,-0.072290897,-0.126420237,-0.838984817,9.770562649,-0.050941417,-0.044684759,0.246972629,0.04734202,0.415879741,0.456143185,0.578540921,0.533167571,3.080949545,-1.48498106,1.750638962,-3.881250143,-47.92500305,27.80625153,210.1224544,,,,88.53115578399999,24.37326458,Bump,,1.295115277,9.602396965,-0.764506809,-14.32500076,-63.39375305,12.50625038,-0.052167853,0.249110657,0.048258317,1.295115277,9.602396965,-0.764506809,20.217252548765963,32,83,18,21
7.78,1.804176509,0.141077995,-1.066672146,-0.844757497,9.770061493,-0.051552927,0.007116575,0.179410982,0.114170627,0.416488633,0.457109675,0.578032285,0.532415748,3.080640912,-1.484387755,1.747474492,-1.331250072,-51.99375153,22.57500076,203.4698495,,,,88.531155517,24.373264515,Bump,,0.83461653,10.10919704,-1.216032457,-11.75625038,-67.48125458,7.275000095,-0.000367,0.181549013,0.115086925,0.83461653,10.10919704,-1.216032457,20.216998319966283,32,83,18,21
7.79,1.102282733,0.362019539,-1.156922638,-0.850637138,9.769553185,-0.051267417,0.017562362,0.157297678,0.07742711,0.416948244,0.457866788,0.5776923,0.531774133,3.081396222,-1.483788431,1.7460168,-0.862500012,-48.67500305,25.08750153,207.2669551,-0.034347534,996.4852295,,88.53115525,24.37326445,Bump,,-0.219661121,9.952706528,-1.178704429,-11.28750038,-64.1625061,9.787500381,0.010079269,0.159435708,0.078343408,-0.219661121,9.952706528,-1.178704429,20.2133654159417,32,83,18,21
7.8,0.503388137,-0.425652027,-1.075896859,-0.851429731,9.76950264,-0.04756844,0.05366447,0.172324952,0.012278382,0.417535305,0.458323121,0.577365309,0.531275243,3.085781217,-1.483729362,1.748517931,-4.837500095,-50.79375076,23.0625,204.4200473,,,,88.531154983,24.373264385,Bump,,-0.163908361,9.35174942,-0.888335399,-15.28125095,-66.28125,7.762500286,0.046181378,0.174462982,0.013194679,-0.163908361,9.35174942,-0.888335399,20.21474283984228,32,83,18,21
7.81,0.631981134,0.367300034,-0.241228133,-0.85033226,9.769610405,-0.045214608,0.002474002,0.221805,0.002015854,0.418129802,0.458778679,0.576954961,0.530860245,3.088469982,-1.48385489,1.74931705,-2.981250048,-49.12500381,24.67500114,206.6699236,,,,88.531154716,24.37326432,Bump,,-0.058384877,9.723952675,-0.375673148,-13.42500019,-64.59375,9.375,-0.005009091,0.223943025,0.002932151,-0.058384877,9.723952675,-0.375673148,20.207781359866345,32,83,18,21
7.82,0.94827944,-0.005281925,-0.459662586,-0.84840706,9.769771099,-0.046450168,-0.009468404,0.236404669,-0.019547673,0.418723062,0.459405869,0.576370448,0.530484885,3.086897492,-1.484044671,1.745546162,-0.993750036,-50.55000305,26.02500153,207.2410762,,,,88.531154449,24.373264255,Bump,,0.270867522,9.150632286,-1.088734293,-11.41875076,-66.0375061,10.72500038,-0.016951498,0.238542695,-0.018631376,0.270867522,9.150632286,-1.088734293,20.19514725820907,32,83,18,21
7.83,1.2674281,-0.437523842,-1.149590015,-0.843650103,9.770191669,-0.044694137,0.028863361,0.198958656,-0.004459313,0.419619188,0.460052222,0.575644076,0.530005187,3.088665366,-1.484540641,1.744542122,-0.918750048,-49.81875229,24.37500191,206.0712844,-0.018493652,996.4832764,,88.531154182,24.37326419,Bump,,0.510867633,9.479764938,-1.11146614,-11.36250019,-65.2875061,9.075000763,0.021380267,0.201096687,-0.003543015,0.510867633,9.479764938,-1.11146614,20.197905294706107,32,83,18,21
7.84,1.538371861,-0.132378101,-0.851505369,-0.845227391,9.770060062,-0.043672862,0.010079269,0.160352007,0.075441799,0.420217529,0.460716307,0.575182617,0.529454976,3.089968204,-1.484384477,1.743555069,-2.15625,-50.66250229,23.51250076,204.8960456,,,,88.531153915,24.373264125,Bump,,0.739382195,9.742616653,-0.528335243,-12.60000038,-66.15000153,8.212500572,0.002596175,0.162490029,0.076358097,0.739382195,9.742616653,-0.528335243,20.19041713150669,32,83,18,21
7.85,1.242986858,0.029260159,-0.164702195,-0.852357805,9.769441605,-0.043255849,-0.004489856,0.167560211,0.101953331,0.420693427,0.461545274,0.574833959,0.528733253,3.090887189,-1.483658314,1.742085338,-2.15625,-50.66250229,23.51250076,204.8960456,,,,88.531153648,24.37326406,Bump,,0.20482562,10.00869884,-0.077048888,-12.60000038,-66.15000153,8.212500572,-0.01197295,0.169698235,0.102869628,0.20482562,10.00869884,-0.077048888,20.218692704644823,32,83,18,21
7.86,0.745462835,-0.073108196,-0.373808723,-0.853978872,9.769310951,-0.040874435,0.014446952,0.236832276,0.015943572,0.421455532,0.462310478,0.574290663,0.528047681,3.093766093,-1.483503878,1.742189109,-1.556250095,-47.30625153,25.50000191,208.3264809,,,,88.531153381,24.373263995,Bump,,-0.351744935,9.702297688,-0.646660313,-11.98125076,-62.79375076,10.20000076,0.006963858,0.238970301,0.016859868,-0.351744935,9.702297688,-0.646660313,20.20504787870857,32,83,18,21
7.87,0.601354599,0.208362579,-0.658343792,-0.848108143,9.769824505,-0.04012212,-0.000458,0.173638318,-0.049938195,0.422212675,0.462811619,0.573626041,0.527726173,3.094321489,-1.484108031,1.740481734,-4.200000286,-48.63750076,26.13750076,208.2533171,-0.005279541,996.4818115,,88.53115311399999,24.37326393,Bump,,0.170847536,9.770852089,-0.708754063,-14.62500095,-64.10625458,10.83750057,-0.007941242,0.175776336,-0.049021899,0.170847536,9.770852089,-0.708754063,20.197272288153336,32,83,18,21
7.88,1.791505337,0.295137405,-0.45170325,-0.843263149,9.770255089,-0.037615292,0.029718572,0.217773294,-0.024373505,0.422971874,0.463260114,0.573048472,0.527352214,3.097015142,-1.484616041,1.74099946,-4.200000286,-48.63750076,26.13750076,208.2533171,,,,88.531152847,24.373263865,Bump,,0.553938441,9.26680398,-0.224327125,-14.62500095,-64.10625458,10.83750057,0.022235478,0.219911322,-0.023457208,0.553938441,9.26680398,-0.224327125,20.199414042966065,32,83,18,21
7.89,1.557020247,-0.270597935,-0.000856,-0.841439843,9.770419121,-0.035733463,-0.017684535,0.209465531,0.031459536,0.423631817,0.463780373,0.572546214,0.526910365,3.099151254,-1.484810114,1.740995884,-3.243750095,-51.05625153,24.61875153,205.7428431,,,,88.53115258,24.3732638,Bump,,0.938465059,9.673703575,-0.075134633,-13.68750095,-66.54375458,9.318750381,-0.025167629,0.211603561,0.032375833,0.938465059,9.673703575,-0.075134633,20.21868715676057,32,83,18,21
7.9,1.605915308,-0.204639912,-0.457834564,-0.843985587,9.770190239,-0.03819407,-0.038942629,0.191353392,0.086895516,0.42426832,0.464737117,0.57188341,0.526274711,3.096372128,-1.484539032,1.735307634,0.993750036,-47.96250153,25.33125114,207.8406397,,,,88.53115231299999,24.373263735,Bump,,0.492921461,9.608618736,-1.206461179,-9.450000763,-63.45000076,10.03125,-0.046425723,0.193491422,0.087811812,0.492921461,9.608618736,-1.206461179,20.18695691751598,32,83,18,21
7.91,1.071814746,-0.331169128,-1.481028974,-0.849806428,9.769683361,-0.038654918,0.028863361,0.186863539,0.073487033,0.424752101,0.465567037,0.571467727,0.525602072,3.096136332,-1.48394084,1.732656777,-2.568750143,-48.75000381,24.86250114,207.0215808,0.036987305,996.4768677,,88.531152046,24.37326367,Bump,,-0.025124637,9.763912916,-1.252642646,-13.01250076,-64.23750305,9.5625,0.021380267,0.189001563,0.074403329,-0.025124637,9.763912916,-1.252642646,20.204467569138668,32,83,18,21
7.92,0.800049633,0.13404417,-0.581477314,-0.849392533,9.7697258,-0.037059987,0.008460477,0.187963095,-0.003726275,0.425382584,0.466139525,0.570982367,0.525112033,3.097988844,-1.483991265,1.732317626,-1.5,-53.49375153,21.65625,202.0399239,,,,88.531151779,24.373263605,Bump,,0.300538525,10.08000469,-0.152183509,-11.94375038,-68.98125458,6.356250286,0.000977,0.190101117,-0.002809978,0.300538525,10.08000469,-0.152183509,20.201625850455297,32,83,18,21
7.93,1.463219762,0.277626038,-0.024347976,-0.844889194,9.770119667,-0.036175456,-0.008246675,0.235030223,-0.015424336,0.426319227,0.46689111,0.570166618,0.524570733,3.098802447,-1.48445487,1.73006469,-2.137500048,-50.02500153,24.16875076,205.7867413,,,,88.531151512,24.37326354,Bump,,0.678125936,9.672746086,-0.42065822,-12.56250095,-65.51250458,8.868750572,-0.015729768,0.237168249,-0.014508039,0.678125936,9.672746086,-0.42065822,20.206405318801128,32,83,18,21
7.94,1.458224654,-0.154975891,-0.854672283,-0.84376809,9.770228863,-0.03279171,0.033505934,0.211420301,0.02706131,0.427204683,0.46760264,0.56953308,0.523904473,3.102748394,-1.48458451,1.73109585,-3.225000143,-50.73750305,21.88125038,203.3287897,,,,88.53115124499999,24.373263475,Bump,,0.566500746,9.312865734,-1.039083242,-13.66875076,-66.20625305,6.581250191,0.02602284,0.213558328,0.027977607,0.566500746,9.312865734,-1.039083242,20.183415668315657,32,83,18,21
7.95,1.782921314,0.374648094,-0.811524987,-0.845460594,9.770085335,-0.031906184,0.003817905,0.190650895,0.064934928,0.427733988,0.468207598,0.569111705,0.523390055,3.103872061,-1.484414697,1.730137825,-4.275000095,-51.03750229,22.70625114,203.9839687,-0.066055298,996.4889526,,88.531150978,24.37326341,Bump,,0.644147861,10.00726299,-0.766660368,-14.70000076,-66.5062561,7.406250477,-0.003665189,0.192788926,0.065851223,0.644147861,10.00726299,-0.766660368,20.21849573928636,32,83,18,21
7.96,1.414206445,0.255983829,-0.763204604,-0.848588079,9.769812107,-0.032372139,0.010384701,0.185855612,0.077274395,0.428125471,0.468810529,0.568755299,0.52291736,3.103462577,-1.484092832,1.727895856,-1.162500024,-51.78750229,20.73750114,201.8228661,,,,88.531150711,24.373263345,Bump,,0.441715065,9.684231758,-1.100219822,-11.60625076,-67.2562561,5.4375,0.002901608,0.187993634,0.078190692,0.441715065,9.684231758,-1.100219822,20.221957149018323,32,83,18,21
7.97,1.081917703,-0.136275291,-1.163254023,-0.85230422,9.769503593,-0.027588042,0.073089971,0.203112537,0.048197231,0.42885159,0.469500765,0.568352371,0.522140622,3.109233975,-1.48372972,1.731058002,-1.162500024,-50.36250305,22.03125,203.6271384,,,,88.53115044399999,24.37326328,Bump,,-0.205184543,9.513264894,-1.06360963,-11.60625076,-65.83125305,6.731250286,0.065606878,0.205250567,0.049113528,-0.205184543,9.513264894,-1.06360963,20.20842269806317,32,83,18,21
7.98,0.727994829,-0.161557198,-0.776247978,-0.851612955,9.76957798,-0.022138343,0.037659813,0.199569526,-0.004703659,0.429619119,0.469986171,0.567920029,0.521543056,3.115603566,-1.483816862,1.735132277,-1.762500048,-49.61250305,25.25625038,206.9792916,,,,88.531150177,24.373263215,Bump,,0.198125713,9.644511032,-0.428793824,-12.20625019,-65.1000061,9.956250191,0.030176721,0.201707548,-0.003787362,0.198125713,9.644511032,-0.428793824,20.214827331648653,32,83,18,21
7.99,1.250375092,-0.18989706,-0.163941212,-0.849521995,9.769766808,-0.018992215,0.018631375,0.197920192,0.0160352,0.430444136,0.470600978,0.567316711,0.520964652,3.119240165,-1.484038353,1.736131668,-2.8125,-48.20625305,26.56875038,208.8612418,-0.137390137,996.4973755,,88.53114991,24.37326315,Bump,,0.591984302,9.376036263,-0.125862472,-13.25625038,-63.67500305,11.26875019,0.011148282,0.200058214,0.016951498,0.591984302,9.376036263,-0.125862472,20.224907374740337,32,83,18,21
8.0,1.463939607,-0.077058792,-0.069299839,-0.855499744,9.769251823,-0.01454345,0.025075999,0.201035598,0.109161537,0.431153402,0.471404299,0.566918194,0.520084918,3.124591112,-1.483435631,1.73867923,2.137500048,-49.95000076,24.35625076,205.994447,,,,88.53114964299999,24.373263085,Bump,,0.494117871,9.93918705,-0.099302138,-8.287500381,-65.4375,9.056250572,0.017592906,0.203173625,0.110077833,0.494117871,9.93918705,-0.099302138,20.21713909042188,32,83,18,21
8.01,1.001946956,0.188620567,-0.56822513,-0.863497198,9.768553734,-0.011390352,0.019547673,0.264809877,0.105068745,0.43185994,0.472379223,0.566466153,0.519105792,3.128402352,-1.482622564,1.739365399,-3.637500048,-49.68750381,25.03125191,206.7377583,,,,88.531149376,24.37326302,Bump,,-0.213439782,9.97424202,-0.826480949,-14.08125019,-65.15625,9.731250763,0.012064579,0.266947906,0.105985038,-0.213439782,9.97424202,-0.826480949,20.195498332070265,32,83,18,21
8.02,-0.072094023,0.048491478,-1.178231359,-0.861887157,9.768696785,-0.009628129,0.031673339,0.189306998,-0.024251332,0.432356805,0.472741157,0.566091716,0.518771231,3.130421638,-1.482789159,1.739808917,-2.306250095,-47.77500153,25.59375191,208.1785911,,,,88.531149109,24.373262955,Bump,,-0.401396006,9.602397442,-1.165902823,-12.75000095,-63.26250076,10.29375076,0.024190245,0.19144502,-0.023335035,-0.401396006,9.602397442,-1.165902823,20.21263813211344,32,83,18,21
8.03,0.932444155,0.008069038,-0.808193654,-0.857597351,9.769077778,-0.005882692,0.048899726,0.209832054,-0.013377938,0.433029965,0.47305043,0.565639943,0.518420339,3.134736419,-1.483231902,1.742326736,1.3125,-49.57500076,23.92500114,205.7620558,-0.140045166,996.4977417,,88.531148842,24.37326289,Bump,,0.699661332,9.898150063,0.134476637,-9.131250381,-65.0625,8.625,0.041416633,0.211970076,-0.012461642,0.699661332,9.898150063,0.134476637,20.21366537220901,32,83,18,21
8.04,1.73290956,0.432720661,0.693216026,-0.858353019,9.769013405,-0.002182898,-0.021532984,0.222965647,0.080023289,0.4339232,0.473847866,0.565006137,0.517635733,3.139048934,-1.483156502,1.743515909,-1.612500072,-49.53750229,22.80000114,204.7146005,,,,88.531148575,24.373262825,Bump,,0.948514891,10.17188931,0.817388225,-12.03750038,-65.02500153,7.500000477,-0.029016077,0.225103669,0.080939583,0.948514891,10.17188931,0.817388225,20.205818145668637,32,83,18,21
8.05,1.658077717,0.638976097,0.462410577,-0.863869965,9.768526554,-0.002044461,-0.034666577,0.255646908,0.093156878,0.434718877,0.474977508,0.56430608,0.516695559,3.139225841,-1.482591152,1.740112066,-2.568750143,-49.10625076,24.01875114,206.0640891,,,,88.531148308,24.373262760000003,Bump,,0.285942301,10.04626584,-0.46719864,-13.01250076,-64.59375,8.71875,-0.04214967,0.257784936,0.094073178,0.285942301,10.04626584,-0.46719864,20.2174725286978,32,83,18,21
8.06,0.837607443,0.222536564,-1.284550488,-0.864087462,9.768507481,8.38e-05,0.035705046,0.217162427,0.003481929,0.435533509,0.475755006,0.563660651,0.515998393,9.78e-05,-1.482569456,1.739628851,2.381250143,-48.63750076,23.75625038,206.0324954,,,,88.531148041,24.373262695,Bump,,-0.213439782,10.03932667,-1.39980123,-8.0625,-64.125,8.456250191,0.028221953,0.219300458,0.004398227,-0.213439782,10.03932667,-1.39980123,20.2243514049077,32,83,18,21
8.07,1.070257157,0.707095146,-0.764126062,-0.864050061,9.768510818,0.00130211,0.012522728,0.14019347,0.036193738,0.436064824,0.476263359,0.563229471,0.515551299,-3.140086651,-1.482573807,1.739110351,1.050000072,-52.10625076,19.23750114,200.2640235,-0.182312012,996.5026245,,88.53114777399999,24.373262630000003,Bump,,0.529292369,10.24223804,-0.278524553,-9.393750191,-67.59375,3.937500238,0.005039634,0.142331488,0.037110036,0.529292369,10.24223804,-0.278524553,20.222868369338567,32,83,18,21
8.08,1.095954925,0.107639313,0.195047647,-0.870610327,9.767926693,0.005504546,0.024465135,0.212519854,0.097921625,0.436742932,0.477083892,0.562831819,0.514652044,-3.135272384,-1.48189944,1.741118789,-2.325000048,-51.93750381,20.77500153,201.8014095,,,,88.531147507,24.373262565,Bump,,-0.007776672,10.06540823,0.388833683,-12.76875019,-67.42500305,5.475000381,0.016982041,0.214657888,0.098837921,-0.007776672,10.06540823,0.388833683,20.202759974127336,32,83,18,21
8.09,0.441755533,0.037377357,0.192351669,-0.874915779,9.767542839,0.0058094,-0.044806931,0.258090377,0.052839803,0.437243611,0.477825373,0.562397718,0.51401335,-3.13495326,-1.481459141,1.739114761,-0.675000012,-49.16250229,25.80000114,207.6900502,,,,88.53114724,24.373262500000003,Bump,,-0.423051041,10.43988533,-0.151226395,-11.10000038,-64.6312561,10.5,-0.052290026,0.260228395,0.053756101,-0.423051041,10.43988533,-0.151226395,20.188239202178604,32,83,18,21
8.1,0.365451783,0.641611576,-0.512327481,-0.873125821,9.767703533,0.002672134,-0.019547673,0.228921574,-0.042302386,0.43773286,0.478453025,0.561782569,0.513685584,-3.138532758,-1.481643617,1.733466208,3.112500191,-48.56250381,24.75000191,207.0057792,,,,88.53114697299999,24.373262435,Bump,,-0.053599221,10.04411221,-0.93607223,-7.331250191,-64.05000305,9.450000763,-0.027030766,0.231059607,-0.041386088,-0.053599221,10.04411221,-0.93607223,20.222258622751216,32,83,18,21
8.11,1.091628015,0.32271862,-0.785127193,-0.867487729,9.768203735,0.006059712,0.05732966,0.226814094,-0.017898338,0.438668534,0.479003966,0.561056763,0.513166904,-3.134604335,-1.482219458,1.734650195,-2.081250191,-48.60000229,22.01250076,204.367298,-0.206100464,996.5055542,,88.531146706,24.373262370000003,Bump,,0.549750999,9.826126099,-0.198006079,-12.52500057,-64.08750153,6.712500095,0.049846566,0.228952116,-0.016982041,0.549750999,9.826126099,-0.198006079,20.215795515908543,32,83,18,21
8.12,1.450626731,0.460071087,0.203550982,-0.867998242,9.768155098,0.00994667,-0.01536325,0.205555999,0.069455326,0.439519957,0.479737088,0.560453236,0.512412488,-3.130134106,-1.482163489,1.736166358,-1.275000095,-48.91875076,25.51875114,207.5490595,,,,88.531146439,24.373262305,Bump,,0.446500704,10.00678444,0.172283231,-11.71875,-64.38750458,10.21875,-0.022846343,0.207694027,0.070371623,0.446500704,10.00678444,0.172283231,20.186848462744337,32,83,18,21
8.13,1.113662362,0.043160915,-0.347537782,-0.874187231,9.767604828,0.008764927,-0.025503604,0.226783548,0.092546014,0.440088674,0.480732843,0.55988124,0.511615843,-3.131566763,-1.481531203,1.731791258,1.275000095,-47.625,23.98125076,206.7272348,,,,88.53114617199999,24.373262240000003,Bump,,-0.25076781,9.567461967,-0.806859791,-9.168750763,-63.11250305,8.681250572,-0.032986698,0.228921574,0.093462311,-0.25076781,9.567461967,-0.806859791,20.218580420966155,32,83,18,21
8.14,0.41389814,0.017451286,-0.82433024,-0.877959281,9.767265797,0.009870957,0.0160352,0.20506731,0.038912086,0.440640271,0.481459931,0.559428066,0.510952711,-3.130350113,-1.481144071,1.730605304,-0.150000006,-47.66250229,25.29375076,207.9541989,,,,88.53114590499999,24.373262175,Bump,,-0.411565498,10.08096194,-0.455234511,-10.59375,-63.15000153,9.993750572,0.008552107,0.207205331,0.039828384,-0.411565498,10.08096194,-0.455234511,20.21669507069941,32,83,18,21
8.15,0.670588896,0.443445683,0.195534281,-0.877582103,9.767298222,0.011270319,-0.006261364,0.192116972,0.005955932,0.441298962,0.482082352,0.558874577,0.510402709,-3.128750801,-1.481181026,1.729811013,-2.118750095,-48.60000229,25.46250153,207.6509313,-0.17175293,996.5015869,,88.531145638,24.37326211,Bump,,0.0014357,10.13982525,0.430229515,-12.56250095,-64.08750153,10.16250038,-0.013744458,0.194255002,0.006872229,0.0014357,10.13982525,0.430229515,20.20307020028296,32,83,18,21
8.16,0.998992026,0.119130135,0.513078034,-0.877660036,9.767286301,0.014382215,0.007727439,0.237687489,0.031093017,0.441960841,0.482633054,0.558402658,0.509825885,-3.125207186,-1.481167674,1.731085062,2.512500048,-49.20000076,22.6875,204.7557517,,,,88.531145371,24.373262045,Bump,,-0.15409778,9.762716293,0.221096812,-7.931250095,-64.6875,7.387500286,0.000244,0.239825511,0.032009315,-0.15409778,9.762716293,0.221096812,20.206637463352536,32,83,18,21
8.17,0.619711071,0.031439781,0.044594601,-0.88077721,9.767001152,0.017238754,0.012980876,0.247461316,0.046486811,0.442507595,0.483223855,0.558033854,0.509195268,-3.122024059,-1.480843365,1.732124567,-0.712500036,-48.90000153,24.86250114,206.9504041,,,,88.53114510399999,24.37326198,Bump,,-0.400797796,9.506086111,-0.41934216,-11.15625,-64.36875153,9.5625,0.005497783,0.249599352,0.047403107,-0.400797796,9.506086111,-0.41934216,20.19984113122266,32,83,18,21
8.18,0.49779731,0.243962288,-0.316654935,-0.881378293,9.766947746,0.017171705,-0.040775225,0.218384158,-0.000916,0.443208039,0.484025225,0.557366401,0.508555621,-3.122113109,-1.48078239,1.729216814,2.756250143,-48.56250381,24.11250114,206.4055513,,,,88.531144837,24.373261915,Bump,,-0.264167616,9.982377625,-0.217268299,-7.668750286,-64.03125,8.8125,-0.048258317,0.220522184,0.0,-0.264167616,9.982377625,-0.217268299,20.187143051077083,32,83,18,21
8.19,0.955747277,0.101195812,-0.208291475,-0.878420621,9.767214298,0.016961933,0.001985311,0.201890808,0.000183,0.443918794,0.484668553,0.556671649,0.508083701,-3.122285366,-1.481085539,1.726514339,-0.900000036,-47.66250229,25.29375076,207.9541989,-0.147964478,996.4987183,,88.53114457,24.37326185,Bump,,0.263808693,9.666405201,0.01375873,-11.34375,-63.15000153,9.993750572,-0.005497783,0.204028839,0.001099556,0.263808693,9.666405201,0.01375873,20.199540434420665,32,83,18,21
8.2,0.995186388,-0.20552063,0.291887341,-0.882525116,9.766829491,0.023622269,0.043157597,0.204700786,0.084849116,0.444665357,0.485312566,0.556298435,0.507224202,-3.114836574,-1.480650067,1.731333315,-0.393750012,-47.96250153,24.71250153,207.2596201,,,,88.53114430299999,24.373261785,Bump,,-0.086620178,9.562197876,0.551784897,-10.83750057,-63.45000076,9.412500381,0.035674504,0.206838813,0.085765415,-0.086620178,9.562197876,0.551784897,20.21943835384473,32,83,18,21
8.21,0.393805936,-0.096871853,0.620396018,-0.888516247,9.766281605,0.025815423,-0.029168793,0.24129159,0.061697342,0.445289224,0.48617208,0.555822223,0.506375104,-3.112545133,-1.480030298,1.730808198,-0.862500012,-50.45625305,22.95000076,204.45839,,,,88.531144036,24.37326172,Bump,,-0.538385099,9.935956764,0.522592473,-11.30625057,-65.9437561,7.650000095,-0.036651888,0.243429612,0.062613639,-0.538385099,9.935956764,0.522592473,20.188606467091773,32,83,18,21
8.22,0.420312554,-0.028987408,-0.112113066,-0.88483268,9.766621113,0.023715284,-0.047006045,0.265054226,-0.034758206,0.446087912,0.48698315,0.554942548,0.505857319,-3.114796996,-1.480413675,1.72553879,0.28125,-51.69375229,23.13750076,204.1127143,,,,88.531143769,24.373261655,Bump,,-0.294317187,9.565907001,-0.372083917,-10.16250038,-67.18125153,7.837500095,-0.054489139,0.267192256,-0.033841908,-0.294317187,9.565907001,-0.372083917,20.202654826600934,32,83,18,21
8.23,0.912069321,0.428821564,-0.384648234,-0.879791975,9.767074585,0.02491072,0.015057816,0.22803582,-0.029016077,0.446781635,0.487423122,0.554324448,0.505499005,-3.113286495,-1.480924964,1.724930882,2.212500095,-48.82500076,25.06875038,207.1778169,-0.110977173,996.4943237,,88.53114350199999,24.37326159,Bump,,0.396729998,9.782816124,-0.466121858,-8.231250763,-64.29375458,9.768750191,0.007574723,0.23017385,-0.02809978,0.396729998,9.782816124,-0.466121858,20.20583846737584,32,83,18,21
8.24,1.402598441,0.050097466,-0.467461169,-0.879818708,9.767065048,0.02733957,0.011606431,0.193796854,0.064446234,0.447407097,0.487972647,0.553841978,0.504944116,-3.110529065,-1.480915725,1.725469887,-0.75,-49.03125381,23.60625076,205.7086352,,,,88.531143235,24.373261525,Bump,,0.084705917,9.70959568,-0.197168586,-11.19375038,-64.5,8.306250572,0.004123337,0.195934877,0.065362531,0.084705917,9.70959568,-0.197168586,20.211652901011814,32,83,18,21
8.25,0.829065621,-0.1326828,-0.189635314,-0.886857301,9.766424656,0.028524685,-0.000702,0.199080828,0.092912532,0.447864354,0.488761619,0.553470105,0.504182816,-3.109440804,-1.480190992,1.724173367,-0.543750048,-47.40000153,25.76250076,208.52464,,,,88.531142968,24.37326146,Bump,,-0.331405936,9.248857498,-0.215354042,-10.98750019,-62.88750076,10.46250057,-0.008185588,0.201218861,0.09382883,-0.331405936,9.248857498,-0.215354042,20.22683077694424,32,83,18,21
8.26,0.123179168,-0.422747135,-0.197815504,-0.890320629,9.766107082,0.029535517,-0.020738859,0.21386376,0.01508836,0.448441193,0.489512384,0.552965909,0.503494531,-3.108430743,-1.479833782,1.722657382,4.012500286,-48.35625076,24.95625114,207.2978752,,,,88.531142701,24.373261395,Bump,,-0.820259607,9.789037323,-0.053120661,-6.412500381,-63.82500076,9.65625,-0.028221954,0.216001785,0.016004657,-0.820259607,9.789037323,-0.053120661,20.20344421718078,32,83,18,21
8.27,0.366431117,0.194356918,-0.146719955,-0.890917182,9.766058445,0.027239142,-0.036041021,0.215177119,0.015882484,0.448960304,0.490242541,0.5523462,0.503001451,-3.111027598,-1.47977972,1.717691958,0.581250012,-51.58125305,22.21875,203.3040785,-0.158538818,996.5001221,,88.53114243399999,24.37326133,Bump,,-0.357487708,9.875178909,-0.160319117,-9.862500191,-67.0687561,6.918750286,-0.043524116,0.217315145,0.016798782,-0.357487708,9.875178909,-0.160319117,20.20278389244344,32,83,18,21
8.28,0.460189223,0.363653183,0.06129764,-0.895640016,9.765625477,0.027877882,-0.007666353,0.195171294,0.067378386,0.449462399,0.490996897,0.55189395,0.502313226,-3.110477448,-1.47929424,1.715840459,-0.637500048,-49.16250229,22.35000038,204.4472468,,,,88.531142167,24.373261265,Bump,,-0.459421948,10.23649526,0.405583445,-11.0625,-64.6312561,7.050000191,-0.015149446,0.197309327,0.068294683,-0.459421948,10.23649526,0.405583445,20.217603569138117,32,83,18,21
8.29,0.427046061,0.548836708,0.741626024,-0.897815078,9.765424728,0.028066002,-0.042119128,0.243307441,0.020586143,0.450109899,0.491807923,0.551271886,0.501622587,-3.110343218,-1.479071915,1.713196576,1.612500072,-48.0,23.79375076,206.3677593,,,1.231826186,88.5311419,24.3732612,Bump,,-0.433100903,10.53559818,0.870987451,-8.831250191,-63.48750305,8.493750572,-0.049602219,0.245445463,0.02150244,-0.433100903,10.53559818,0.870987451,20.2054071082145,32,83,18,21
8.3,0.544495285,1.239592552,0.720519543,-0.893996418,9.76578331,0.025223264,-0.07269291,0.264504448,-0.04856375,0.450723141,0.49244827,0.550523221,0.501265943,-3.113386393,-1.479470968,1.707787275,0.337500006,-47.15625,23.28750038,206.2818636,,,,88.53114174299999,24.373261095,Bump,,-0.257467717,10.09866848,-0.330209519,-10.10625076,-62.64375305,7.987500191,-0.080176004,0.266642474,-0.047647453,-0.257467717,10.09866848,-0.330209519,20.19566124797256,32,83,18,21
8.31,0.604045987,0.244442463,-0.642744452,-0.889369369,9.766208649,0.024092835,-0.000702,0.19223915,-0.020830489,0.451326385,0.492939293,0.54986912,0.500958323,-3.114509344,-1.479948103,1.704602361,-2.081250191,-50.62500381,20.17500114,201.7281971,-0.187606812,996.503418,,88.53114158599999,24.37326099,Bump,,-0.369092887,9.551549435,-0.944566727,-12.52500057,-66.11250305,4.875,-0.008185588,0.194377169,-0.019914192,-0.369092887,9.551549435,-0.944566727,20.20437538460911,32,83,18,21
8.32,0.770826086,-0.035185337,-0.708987817,-0.891070187,9.766052723,0.024295805,-0.006108648,0.20219624,0.061850059,0.451845393,0.493584096,0.549369305,0.500403583,-3.114333034,-1.479773164,1.702555299,1.21875,-49.76250076,20.38125038,202.2725569,,,,88.531141429,24.373260885,Bump,,-0.254596323,9.464091873,0.010528418,-9.225000381,-65.23125458,5.081250191,-0.013591741,0.20433427,0.062766356,-0.254596323,9.464091873,0.010528418,20.19180959050914,32,83,18,21
8.33,0.381181225,-0.064232826,0.504368365,-0.892943799,9.765891552,0.01976975,-0.095020013,0.193827394,0.019242241,0.452293441,0.494425714,0.548698992,0.499903157,-3.119456053,-1.479591966,1.694966078,3.937500238,-48.91875076,21.09375,203.3256903,,,,88.531141272,24.373260780000003,Bump,,-0.480957344,10.07557797,0.805184819,-6.506250381,-64.40625,5.793750286,-0.102503108,0.195965424,0.020158538,-0.480957344,10.07557797,0.805184819,20.193428178821343,32,83,18,21
8.34,0.591011733,0.105980873,0.312212728,-0.89458105,9.765754223,0.012322145,-0.08610139,0.216795912,0.041233373,0.452688769,0.495361164,0.547930807,0.499461621,-3.127817512,-1.47943908,1.684059024,-0.337500006,-47.4375,24.88125038,207.677277,,,,88.531141115,24.373260675,Bump,,-0.401994201,9.733045387,-0.111984108,-10.78125,-62.92500305,9.581250191,-0.093584485,0.218933934,0.04214967,-0.401994201,9.733045387,-0.111984108,20.206756618089408,32,83,18,21
8.35,0.05352962,-0.014008999,-0.553581446,-0.900309384,9.765228748,0.010949932,-0.010690134,0.237015538,0.062919074,0.453150138,0.496236786,0.547404766,0.498750344,-3.129429579,-1.478853941,1.679867625,0.806250036,-49.06875229,22.6875,204.814002,-0.16645813,996.5008545,,88.531140958,24.373260570000003,Bump,,-1.081077278,9.950313759,-0.519721085,-9.637500763,-64.5375061,7.387500286,-0.018173227,0.23915356,0.06383537,-1.081077278,9.950313759,-0.519721085,20.204189111176017,32,83,18,21
8.36,-0.389878094,0.015339851,-0.417628556,-0.89616248,9.765613556,0.008021375,-0.041630436,0.247461322,-0.05723803,0.453805864,0.496908218,0.546601951,0.498365939,-3.13264668,-1.4792822,1.674130261,3.806250095,-49.61250305,23.64375114,205.4809934,,,,88.53114080099999,24.373260465,Bump,,-1.049252748,9.661021471,-0.381057002,-6.618750095,-65.1000061,8.34375,-0.049113528,0.249599349,-0.056321732,-1.049252748,9.661021471,-0.381057002,20.22467865047073,32,83,18,21
8.37,0.351338327,-0.012453079,-0.397013187,-0.883584201,9.76676178,0.005578172,-0.044684758,0.28838926,-0.156564641,0.454649329,0.497325957,0.545634627,0.49824062,-3.135279417,-1.480571032,1.669135809,2.381250143,-48.99375153,22.91250038,205.0636907,,,,88.53114064399999,24.373260360000003,Bump,,-0.013878366,9.206624222,-0.661376178,-8.0625,-64.48125458,7.612500191,-0.052167853,0.290527296,-0.155648348,-0.013878366,9.206624222,-0.661376178,20.203149350101324,32,83,18,21
8.38,1.217063963,-0.526425838,-0.789733231,-0.874082327,9.767617702,0.002989979,-0.037568185,0.241138875,-0.041844238,0.455441549,0.497851193,0.544710815,0.49800314,-3.138174176,-1.481545627,1.663755178,-0.28125,-47.51250076,22.46250153,205.3033958,,,,88.531140487,24.373260255,Bump,,0.838445032,9.272187614,-0.982971549,-10.70625019,-63.00000381,7.162500381,-0.045051277,0.243276898,-0.040927939,0.838445032,9.272187614,-0.982971549,20.212248188434952,32,83,18,21
8.39,1.677054107,-0.388763428,-1.01972729,-0.877670795,9.767295837,-0.002019723,-0.038820457,0.174279723,0.13115267,0.455926195,0.49884437,0.543969631,0.497375622,3.139295578,-1.481178522,1.655187905,3.937500238,-47.49375153,22.38750076,205.2381498,-0.124191284,996.4959717,,88.53114033,24.37326015,Bump,,0.113060871,8.962317228,-1.092921734,-6.487500191,-62.98125076,7.087500095,-0.046303551,0.176417747,0.132068962,0.113060871,8.962317228,-1.092921734,20.21440568579594,32,83,18,21
8.4,0.376673132,-0.682619572,-0.856269211,-0.890222043,9.766158581,-0.005177838,-0.018906265,0.153265974,0.111360651,0.456012085,0.499758244,0.543718994,0.496653065,3.135777712,-1.479892254,1.649695992,0.412500024,-49.21875381,22.72500038,204.7834436,,,,88.531140173,24.373260045,Bump,,-1.139462161,9.177910614,-0.390508657,-10.03125,-64.70625305,7.425000191,-0.026389358,0.155403998,0.112276944,-1.139462161,9.177910614,-0.390508657,20.189408990851984,32,83,18,21
8.41,-0.447969884,-0.104280472,0.140866794,-0.895506233,9.765672684,-0.009317784,-0.075594516,0.189520795,0.020158538,0.456203118,0.500469297,0.543312579,0.496206209,3.13118875,-1.479347885,1.643349886,0.675000012,-47.77500153,23.38125038,206.0772852,,,,88.531140016,24.37325994,Bump,,-1.313181067,9.926864052,0.407736987,-9.768750191,-63.26250076,8.081250191,-0.08307761,0.191658825,0.021074835,-1.313181067,9.926864052,0.407736987,20.21488373517224,32,83,18,21
8.42,-0.238536149,0.082805634,0.258032866,-0.894804657,9.765733719,-0.012604821,-0.053481212,0.259189928,-0.019364414,0.456762657,0.501228482,0.542579263,0.495727211,3.12750721,-1.479415536,1.637131333,2.025000095,-52.20000076,22.93125153,203.715692,,,,88.53113985899999,24.373259835,Bump,,-0.958325475,9.793823004,0.010767706,-8.418750763,-67.6875,7.631250381,-0.060964306,0.261327946,-0.018448117,-0.958325475,9.793823004,0.010767706,20.19465712814588,32,83,18,21
8.43,-0.207258821,-0.32265234,-0.466448218,-0.888757646,9.766288757,-0.009301106,0.0205556,0.29828527,-0.073242686,0.457770541,0.501836538,0.54173243,0.495108098,3.131129742,-1.480038464,1.637665331,3.487500191,-47.86875153,23.60625076,206.2499951,-0.068695068,996.4892578,,88.53113970199999,24.37325973,Bump,,-1.078684449,9.303773117,-0.666640395,-6.956250191,-63.33750153,8.306250572,0.013072506,0.3004233,-0.07232639,-1.078684449,9.303773117,-0.666640395,20.22498797578673,32,83,18,21
8.44,-0.079957604,-0.475779533,-0.835435688,-0.880643189,9.76702404,-0.009768995,-0.029168793,0.25259259,-0.104763309,0.458478719,0.502218664,0.540996075,0.494870633,3.130500317,-1.480869174,1.634966969,2.175000191,-48.24375153,23.4375,205.9111402,,,,88.531139545,24.373259625000003,Bump,,-0.237368006,9.383693314,-0.829352331,-8.268750191,-63.71250153,8.137500763,-0.036651887,0.254730612,-0.103847014,-0.237368006,9.383693314,-0.829352331,20.19141071522888,32,83,18,21
8.45,0.859047502,-0.382761955,-0.82653901,-0.874987751,9.767527103,-0.013906379,-0.048838639,0.21826199,-0.017409646,0.459035575,0.502764285,0.540222108,0.49464567,3.125699162,-1.481441915,1.628059506,1.012500048,-48.50625229,24.39375114,206.6977825,,,,88.531139388,24.37325952,Bump,,0.337986201,9.147760868,-0.81475611,-9.431250572,-63.99375153,9.09375,-0.056321732,0.220400012,-0.016493349,0.337986201,9.147760868,-0.81475611,20.20096738556373,32,83,18,21
8.46,1.152030587,-0.53730917,-0.702278852,-0.878607064,9.767196178,-0.017593916,-0.024892739,0.187382773,0.105374174,0.459485874,0.50364691,0.539570391,0.494040683,3.12157166,-1.481064618,1.6213395,3.562500238,-48.56250381,24.75000191,207.0057792,,,,88.531139231,24.373259415,Bump,,-0.054077786,9.354979324,-0.459421945,-6.881250381,-64.05000305,9.450000763,-0.032375833,0.189520795,0.106290471,-0.054077786,9.354979324,-0.459421945,20.18679305908773,32,83,18,21
8.47,0.32422632,-0.120646477,-0.2178826,-0.889386475,9.766213894,-0.021056476,-0.051037752,0.175134933,0.109161536,0.45966807,0.504594743,0.539194018,0.49331446,3.117925644,-1.479953647,1.615458965,2.381250143,-49.27500153,21.69375038,203.7619138,-0.010574341,996.4824219,,88.531139074,24.37325931,Bump,,-1.090170002,9.887143326,-0.024885357,-8.043750763,-64.76250458,6.393750191,-0.058520845,0.177272961,0.110077834,-1.090170002,9.887143326,-0.024885357,20.222378248450525,32,83,18,21
8.48,-0.263837278,0.033375263,-0.079977226,-0.891859561,9.765982151,-0.023543346,-0.028924447,0.24917174,-0.021807872,0.460108206,0.505341113,0.538611621,0.492776006,3.115201116,-1.479694307,1.610423923,0.975000024,-48.99375153,22.29375076,204.4670793,,,,88.53113891699999,24.373259205,Bump,,-1.279561907,9.433703423,-0.292522568,-9.46875,-64.48125458,6.993750095,-0.036407541,0.251309773,-0.020891576,-1.279561907,9.433703423,-0.292522568,20.201869559671387,32,83,18,21
8.49,-0.347761333,-0.225989342,-0.428115711,-0.881610781,9.766914845,-0.022357611,-0.00122173,0.25411975,-0.123394687,0.461050227,0.505773455,0.537720025,0.492425606,3.116237879,-1.480747044,1.608838916,5.418750286,-47.98125076,22.33125114,204.9580313,,,,88.53113875999999,24.3732591,Bump,,-0.802074151,9.463134956,-0.621655321,-5.025000095,-63.46875381,7.031250477,-0.008704823,0.256257776,-0.122478386,-0.802074151,9.463134956,-0.621655321,20.205033877089942,32,83,18,21
8.5,0.747504801,-0.034247398,-0.681120068,-0.874738097,9.767523766,-0.02636946,-0.048716467,0.236832273,-0.049907652,0.461797699,0.506453216,0.536753446,0.492080927,3.111456633,-1.481437802,1.601313174,0.46875003,-47.73750305,24.26250076,206.9418729,,,,88.531138603,24.373258995,Bump,,-0.017347964,9.749555826,-0.661615461,-9.975000381,-63.22500229,8.962500572,-0.05619956,0.238970307,-0.048991356,-0.017347964,9.749555826,-0.661615461,20.183483655137294,32,83,18,21
8.51,0.953432918,-0.057696342,-0.516269863,-0.877792358,9.767238617,-0.030449113,-0.044318241,0.182587487,0.081794794,0.462045223,0.507106006,0.536282063,0.491690189,3.106918097,-1.48111248,1.595010519,1.518750072,-49.51875305,22.125,204.0751122,0.058135986,996.4741211,,88.531138446,24.37325889,Bump,,0.143090791,9.660303688,-0.329730961,-8.925000191,-64.98750305,6.825000286,-0.051801333,0.184725508,0.082711091,0.143090791,9.660303688,-0.329730961,20.21050382200379,32,83,18,21
8.52,0.75789389,0.035397053,-0.135523669,-0.884263039,9.766651154,-0.031220543,-0.025198172,0.191047959,0.09025527,0.462323353,0.507788271,0.535943896,0.491092876,3.106301188,-1.480447352,1.592495084,2.53125,-47.77500153,24.0,206.6728843,,,,88.531138289,24.373258785,Bump,,-0.98201443,9.980463219,-0.163190506,-7.912500381,-63.26250076,8.700000763,-0.032681265,0.193185989,0.09117157,-0.98201443,9.980463219,-0.163190506,20.188705454255704,32,83,18,21
8.53,-0.311041802,0.286380291,-0.381657176,-0.888715357,9.766239166,-0.033956094,-0.045295624,0.223881942,0.003481929,0.462688491,0.508568674,0.535415471,0.490517542,3.103402853,-1.479981542,1.58734566,2.325000048,-45.60000229,25.81875038,209.5185668,,,,88.531138132,24.373258680000003,Bump,,-1.528415471,9.901500225,-1.021735281,-8.118750572,-61.06875229,10.51875019,-0.052778717,0.22601997,0.004398227,-1.528415471,9.901500225,-1.021735281,20.21610667250452,32,83,18,21
8.54,-0.63855052,-0.083809376,-1.201904058,-0.884177953,9.766643047,-0.035894258,0.01310305,0.224614975,-0.085215638,0.463265985,0.509068459,0.534724027,0.490208179,3.101019979,-1.480438113,1.582881272,2.775000095,-48.22500229,23.41875076,205.9018726,,,,88.531137975,24.373258575,Bump,,-1.147119188,9.368379211,-1.082512975,-7.668750286,-63.71250153,8.118750572,0.005619956,0.226753005,-0.084299339,-1.147119188,9.368379211,-1.082512975,20.18831789440746,32,83,18,21
8.55,0.141397506,-0.426454544,-0.416104453,-0.8740336,9.767568111,-0.032522472,0.027641631,0.225256387,-0.101403553,0.464200512,0.509373844,0.533949018,0.489851519,3.104403377,-1.48148936,1.58388865,3.975000143,-49.18125153,22.03125,204.1304869,0.129470825,996.4658203,,88.53113781799999,24.37325847,Bump,,-0.290010106,9.092726326,0.211046956,-6.450000286,-64.66875458,6.731250286,0.020158538,0.227394417,-0.100487256,-0.290010106,9.092726326,0.211046956,20.187706062626532,32,83,18,21
8.56,1.137830555,-0.316010475,0.597474068,-0.868435532,9.768062592,-0.033951035,-0.063377221,0.236099237,-0.015210534,0.46502912,0.510062456,0.533023506,0.489356697,3.102518916,-1.482056081,1.579062164,5.268750191,-51.37500381,18.78750038,200.0871331,,,,88.531137661,24.373258365,Bump,,0.529412009,9.696315527,0.44925245,-5.175000191,-66.84375,3.487500191,-0.070860315,0.238237265,-0.014294236,0.529412009,9.696315527,0.44925245,20.18153768044356,32,83,18,21
8.57,1.269845545,0.081038475,-0.496442134,-0.875605285,9.767398357,-0.040297439,-0.071684982,0.240008771,0.114537145,0.465465188,0.511258453,0.532220006,0.488567978,3.095604897,-1.481295645,1.568920553,3.037500143,-48.43125153,22.55625153,204.9731626,,,,88.531137504,24.37325826,Bump,,0.061734834,9.708160019,-1.045184928,-7.406250477,-63.91875076,7.256250381,-0.079168077,0.242146799,0.115453443,0.061734834,9.708160019,-1.045184928,20.198985501733304,32,83,18,21
8.58,0.238092065,0.063811302,-1.481080651,-0.881414354,9.766869545,-0.041991577,0.006872229,0.175318193,0.061239193,0.465697229,0.511907756,0.53187412,0.488043517,3.093987942,-1.48069346,1.565550685,1.087500095,-47.86875153,23.64375114,206.2860889,,,,88.531137347,24.373258155,Bump,,-1.153340518,9.991470146,-1.309352541,-9.356250763,-63.35625076,8.34375,-0.000611,0.177456219,0.062155493,-1.153340518,9.991470146,-1.309352541,20.202759217230717,32,83,18,21
8.59,-0.322362632,0.21607542,-1.109524637,-0.879846841,9.767017365,-0.040252583,0.031184647,0.167804554,-0.048441577,0.466058299,0.512124419,0.531590283,0.487780616,3.09587574,-1.480862021,1.566311359,5.475000381,-50.10000229,22.16250038,203.8629337,0.047561646,996.4755859,,88.53113719,24.37325805,Bump,,-0.960718289,9.956535339,-0.124426778,-4.96875,-65.58750153,6.862500191,0.023701553,0.169942582,-0.04752528,-0.960718289,9.956535339,-0.124426778,20.18290418213569,32,83,18,21
8.6,0.020635664,0.033568859,0.31473702,-0.874878138,9.767474174,-0.037897119,-0.019272784,0.221560657,-0.027550002,0.466742396,0.512481123,0.531007946,0.487386018,3.098302603,-1.481381416,1.566718996,3.843750238,-49.33125305,21.41250038,203.4635181,,,,88.531137033,24.373257945,Bump,,-0.399122812,9.786644554,0.83365941,-6.600000381,-64.8187561,6.112500191,-0.026755877,0.223698682,-0.026633704,-0.399122812,9.786644554,0.83365941,20.21147090263459,32,83,18,21
8.61,0.529325068,-0.049221992,0.849699199,-0.87389794,9.767562866,-0.037342289,-0.040011643,0.274736434,0.006261364,0.467521563,0.513248384,0.530219197,0.486689955,3.09888804,-1.481483281,1.564268947,3.393750191,-48.97500229,22.25625038,204.4389959,,,,88.53113687599999,24.37325784,Bump,,-0.45032922,9.790472984,0.396729999,-7.050000191,-64.46250153,6.956250191,-0.047494737,0.276874468,0.007177661,-0.45032922,9.790472984,0.396729999,20.19884406664762,32,83,18,21
8.62,0.327477217,0.227672577,-0.040666476,-0.873986125,9.767547131,-0.039512902,-0.046273008,0.240008771,0.006902772,0.468170568,0.514077723,0.529419422,0.486061111,3.096413493,-1.481464863,1.558884025,5.193750381,-47.90625,22.70625114,205.3596711,,,,88.531136719,24.373257735000003,Bump,,-0.577268474,9.798010349,-0.770488895,-5.231250286,-63.37500381,7.406250477,-0.053756101,0.242146799,0.007819069,-0.577268474,9.798010349,-0.770488895,20.20206002855919,32,83,18,21
8.63,0.34925063,0.2663517,-0.951616228,-0.873217255,9.76761055,-0.040712884,-0.003359756,0.217620578,-0.001374446,0.468776807,0.514762491,0.528716594,0.485516816,3.095002413,-1.481538057,1.554932296,3.187500238,-46.06875229,23.70000076,207.2234874,-0.058120728,996.4880981,,88.531136562,24.37325763,Bump,,-0.507278395,9.969934845,-0.897787035,-7.237500191,-61.55625153,8.400000572,-0.01084285,0.219758604,-0.000458,-0.507278395,9.969934845,-0.897787035,20.199216237294632,32,83,18,21
8.64,0.420479745,0.342013836,-0.358680218,-0.870670408,9.767841816,-0.039741261,0.004184424,0.209954226,-0.014966187,0.469465733,0.515325785,0.528044611,0.484984577,3.095980763,-1.481803,1.553450942,2.981250048,-49.50000381,21.45000076,203.4286919,,,,88.531136405,24.373257525,Bump,,-0.45104707,9.880563021,-0.160917324,-7.462500095,-64.96875,6.150000095,-0.00329867,0.212092251,-0.01404989,-0.45104707,9.880563021,-0.160917324,20.198258386348964,32,83,18,21
8.65,0.674527287,0.202720642,0.174899772,-0.867688,9.768110275,-0.03923903,-0.023182318,0.235244024,-0.023518294,0.470060587,0.515788853,0.527448237,0.48456502,3.096401453,-1.482109547,1.551795363,2.625,-48.69375229,23.51250076,205.7742629,,,,88.531136248,24.37325742,Bump,,-0.145962181,9.903414345,0.252203506,-7.818750381,-64.18125153,8.212500572,-0.030665412,0.237382054,-0.022601997,-0.145962181,9.903414345,0.252203506,20.205392914978656,32,83,18,21
8.66,0.748040497,0.229599953,0.269952074,-0.866033018,9.768251419,-0.040499704,-0.049938196,0.230143305,0.013897174,0.47059451,0.516350567,0.526818186,0.484133616,3.094862103,-1.482273281,1.54809618,6.037500381,-49.12500381,22.89375114,204.9869559,,,,88.531136091,24.373257315,Bump,,-0.051684971,9.885228729,-0.20147567,-4.40625,-64.61250305,7.593750477,-0.057421289,0.232281335,0.014813471,-0.051684971,9.885228729,-0.20147567,20.190109869925784,32,83,18,21
8.67,0.756100178,0.077268124,-0.403250441,-0.86689961,9.768170357,-0.041600654,-0.009987639,0.23658793,0.027672174,0.471247405,0.517166197,0.526059538,0.483452424,3.09364152,-1.482179642,1.543964684,2.775000095,-49.33125305,21.43125153,203.4818414,-0.047561646,996.4868164,,88.53113593399999,24.37325721,Bump,,-0.339780811,9.845268726,-0.68374908,-7.650000095,-64.8187561,6.131250381,-0.017470733,0.238725954,0.028588472,-0.339780811,9.845268726,-0.68374908,20.1921371485594,32,83,18,21
8.68,0.284303889,0.076192856,-0.596118897,-0.866479456,9.768208981,-0.041111711,-0.000702,0.194560435,-0.009834923,0.471866012,0.517790735,0.52542448,0.482870862,3.094181299,-1.482224405,1.542042315,4.40625,-50.08125305,23.70000076,205.3249632,,,,88.531135777,24.373257105,Bump,,-0.626440954,9.690931892,-0.434536597,-6.037500381,-65.5687561,8.400000572,-0.008185588,0.196698454,-0.008918626,-0.626440954,9.690931892,-0.434536597,20.220289929167876,32,83,18,21
8.69,0.454482377,0.021127701,-0.061159298,-0.865330487,9.768306732,-0.041999197,-0.029932374,0.201890808,0.005345067,0.472420454,0.518380761,0.524786532,0.482389152,3.093095779,-1.482338071,1.538689792,7.893750191,-48.78750229,24.33750153,206.5121794,,,,88.53113562,24.373257,Bump,,-0.269910392,10.00199852,0.250767818,-2.550000191,-64.2562561,9.037500381,-0.037415469,0.204028837,0.006261364,-0.269910392,10.00199852,0.250767818,20.224537491561613,32,83,18,21
8.7,0.498940527,0.31380415,0.322971106,-0.8700414,9.767876148,-0.044728141,-0.053481212,0.215329832,0.066278829,0.472845852,0.51924023,0.524165303,0.481722921,3.090229988,-1.481842041,1.53324908,4.106250286,-46.57500076,24.28125191,207.5346795,,,,88.531135463,24.373256895,Bump,,-0.516849689,9.957133055,0.06580262,-6.337500095,-62.06250381,8.981250763,-0.060964305,0.217467859,0.067195126,-0.516849689,9.957133055,0.06580262,20.20232914133345,32,83,18,21
8.71,-0.181744277,0.191087723,-0.287964791,-0.874157041,9.767503738,-0.045880837,-0.023915356,0.235366201,0.028893903,0.473325774,0.520043105,0.523569226,0.48103334,3.089155078,-1.481415808,1.529604018,4.03125,-49.48125076,21.43125153,203.4183352,-0.076629639,996.4901123,,88.531135306,24.37325679,Bump,,-1.238046443,9.913464355,-0.468514681,-6.393750191,-64.96875,6.131250381,-0.03139845,0.237504226,0.029810201,-1.238046443,9.913464355,-0.468514681,20.19868394623892,32,83,18,21
8.72,-0.345910132,0.56058979,-0.457007229,-0.872146666,9.767679214,-0.0467306,-0.017562362,0.230601452,-0.055894126,0.473769277,0.520464301,0.523052573,0.480703205,3.088062286,-1.481615663,1.526797652,5.662500381,-46.14375305,23.30625153,206.7973929,,,,88.531135149,24.373256685,Bump,,-0.963350374,9.707681274,-0.48670013,-4.762500286,-61.63125229,8.006250381,-0.025045456,0.232739482,-0.054977831,-0.963350374,9.707681274,-0.48670013,20.21377280558564,32,83,18,21
8.73,0.082526132,-0.044226646,-0.362084121,-0.865544111,9.768266201,-0.046899877,-0.023915356,0.253203455,-0.077396566,0.474427819,0.520837992,0.522358298,0.480403692,3.087458968,-1.482291102,1.524166048,1.931250095,-47.00625229,23.23125076,206.2993279,,,,88.53113499199999,24.37325658,Bump,,-0.156131679,9.715458155,-0.093320084,-8.493750572,-62.47500229,7.931250095,-0.03139845,0.255341476,-0.076480271,-0.156131679,9.715458155,-0.093320084,20.20420352615709,32,83,18,21
8.74,0.910637677,-0.114852905,-0.07172738,-0.859501809,9.768790722,-0.048694566,-0.046150834,0.2308458,0.003970621,0.475263804,0.521520466,0.521381527,0.479897767,3.084998012,-1.482897758,1.518701255,4.125,-49.76250076,20.98125076,202.8616377,,,,88.531134835,24.373256475,Bump,,0.242153648,9.670353317,-0.256032023,-6.318750381,-65.23125458,5.681250095,-0.053633928,0.232983828,0.004886919,0.242153648,9.670353317,-0.256032023,20.18841222290868,32,83,18,21
8.75,0.948547125,-0.210215569,-0.403480724,-0.863021314,9.768465996,-0.051477779,-0.024129159,0.191047959,0.082924893,0.475737914,0.522371888,0.520700842,0.479240596,3.082015395,-1.482521296,1.513052404,4.368750095,-46.55625153,23.64375114,206.9238931,-0.118896484,996.4952393,,88.531134678,24.37325637,Bump,,-0.269910402,9.359764862,-0.583370149,-6.075000286,-62.04375076,8.34375,-0.031612252,0.193185989,0.083841193,-0.269910402,9.359764862,-0.583370149,20.192938976970915,32,83,18,21
8.76,0.304600596,-0.216923237,-0.396164045,-0.870037913,9.767838001,-0.052584345,-0.019883648,0.204334268,0.065790137,0.476083666,0.523181617,0.520231247,0.478523463,3.08122766,-1.481797695,1.509920299,6.206250191,-44.85000229,24.73125076,208.873282,,,,88.531134521,24.373256265,Bump,,-0.793818921,9.795617819,-0.239880469,-4.237500191,-60.31875229,9.431250572,-0.027366742,0.206472296,0.066706434,-0.793818921,9.795617819,-0.239880469,20.21445739348123,32,83,18,21
8.77,-0.085875124,0.242764473,-0.265874185,-0.871005565,9.767729282,-0.056556473,-0.06017018,0.22708898,-0.007024945,0.476537466,0.523938,0.519516915,0.478019983,3.076750994,-1.481673241,1.503012955,4.59375,-47.75625229,23.32500076,206.0317038,,,,88.531134364,24.37325616,Bump,,-1.001156986,9.869915009,-0.596769977,-5.850000381,-63.24375153,8.025000572,-0.067653275,0.22922701,-0.006108648,-1.001156986,9.869915009,-0.596769977,20.211216981015998,32,83,18,21
8.78,0.079807401,-0.056132793,-0.9993186,-0.869168013,9.767879963,-0.05867839,-0.01707367,0.231334493,-0.019486586,0.477125615,0.524591446,0.518766791,0.477530986,3.074184179,-1.481846213,1.497963488,5.175000191,-50.45625305,21.33750153,202.9230705,,,,88.531134207,24.373256055,Bump,,-0.641874671,9.501898527,-1.171884894,-5.268750191,-65.9437561,6.037500381,-0.024556765,0.233472517,-0.018570289,-0.641874671,9.501898527,-1.171884894,20.184984099788696,32,83,18,21
8.79,0.290662527,-0.125343323,-0.879001021,-0.867559731,9.76803112,-0.057434756,0.014446952,0.233167088,-0.023396121,0.477684289,0.52504611,0.518227577,0.477058172,3.075485945,-1.482019424,1.497238159,6.693750381,-48.60000229,21.0,203.3691122,-0.015853882,996.4830933,,88.53113404999999,24.37325595,Bump,,-0.629790926,9.445906639,-0.527378097,-3.731250048,-64.08750153,5.700000286,0.006963859,0.23530511,-0.022479824,-0.629790926,9.445906639,-0.527378097,20.191886188203647,32,83,18,21
8.8,0.355469316,-0.232798576,-0.205678862,-0.864434361,9.768304825,-0.057901064,-0.040164359,0.209221188,-0.020922118,0.478186682,0.52544874,0.517665386,0.476721704,3.07471025,-1.482335985,1.494656622,4.200000286,-48.20625305,22.125,204.6534833,,,,88.531133893,24.373255845,Bump,,-0.033499515,9.520562744,0.025363919,-6.243750095,-63.67500305,6.825000286,-0.047647453,0.211359214,-0.020005822,-0.033499515,9.520562744,0.025363919,20.191470855777474,32,83,18,21
8.81,0.924664706,-0.22345686,0.035625678,-0.865157127,9.76822567,-0.060421983,-0.04101957,0.220705444,0.057726723,0.47875455,0.526237667,0.51689899,0.476112694,3.071867704,-1.48224473,1.48907882,4.800000191,-48.41250229,21.90000153,204.3402132,,,,88.531133736,24.37325574,Bump,,-0.06759724,9.72502923,-0.192622224,-5.643750191,-63.88125229,6.600000381,-0.048502664,0.222843474,0.058643019,-0.06759724,9.72502923,-0.192622224,20.20846143716105,32,83,18,21
8.82,0.412894875,-0.041511059,-0.315632381,-0.873189598,9.767502785,-0.06187742,-0.02159407,0.217895466,0.086070846,0.479118794,0.527142376,0.516373068,0.475315511,3.070847631,-1.481413364,1.485463738,7.237500191,-49.01250076,21.95625114,204.131066,,,,88.531133579,24.373255635,Bump,,-0.770967448,9.815358543,-0.484785867,-3.187500238,-64.5,6.656250477,-0.029077163,0.220033494,0.086987144,-0.770967448,9.815358543,-0.484785867,20.181872839296258,32,83,18,21
8.83,-0.240852922,0.229650497,-0.36328502,-0.876010478,9.767238617,-0.063524712,-0.027641631,0.215177123,-0.009010255,0.479562551,0.527863413,0.515775383,0.47471638,3.0692029,-1.481113434,1.481454968,4.293750286,-48.82500076,22.85625076,205.0855144,0.042282104,996.4762573,,88.531133422,24.37325553,Bump,,-1.151904833,10.03980522,-0.280438809,-6.150000095,-64.3125,7.556250095,-0.035124726,0.217315145,-0.008093958,-1.151904833,10.03980522,-0.280438809,20.18487685653708,32,83,18,21
8.84,0.160918936,0.30209446,-0.106909517,-0.870897859,9.767690659,-0.064346746,-0.022082762,0.248805222,-0.056504991,0.480287328,0.528418273,0.514953852,0.474257901,3.067841887,-1.481629252,1.47753197,5.381250381,-48.46875381,22.27500153,204.6823036,,,,88.531133265,24.373255425,Bump,,-0.363110838,9.740582943,-0.144167562,-5.0625,-63.95625305,6.975000381,-0.029565856,0.250943252,-0.055588695,-0.363110838,9.740582943,-0.144167562,20.21244644138172,32,83,18,21
8.85,0.722098231,0.104634285,-0.079312673,-0.863963544,9.768313408,-0.063221589,-0.014263693,0.285945809,-0.050396344,0.481300578,0.529084504,0.513925463,0.47360298,3.068546414,-1.482346296,1.474870622,5.4375,-46.27500153,23.45625114,206.8799112,,,,88.531133108,24.37325532,Bump,,-0.030628128,9.766544914,-0.290488664,-4.987500191,-61.76250076,8.15625,-0.021746787,0.288083827,-0.049480046,-0.030628128,9.766544914,-0.290488664,20.187414602739707,32,83,18,21
8.86,1.033999085,0.129659653,-0.535350919,-0.859508574,9.768694878,-0.065182321,-0.042149669,0.223729223,-0.026572618,0.481934696,0.529634714,0.513137221,0.473197848,3.065900803,-1.482785821,1.469844699,8.681250572,-48.65625381,19.96875,202.3134717,,,,88.531132951,24.373255215,Bump,,-0.060299128,9.576554871,-0.738903642,-1.762500048,-64.14375305,4.668750286,-0.049632763,0.225867257,-0.02565632,-0.060299128,9.576554871,-0.738903642,20.206268827511373,32,83,18,21
8.87,0.82576248,-0.142012596,-0.614074588,-0.860934973,9.768546581,-0.068316422,-0.031367906,0.144836038,0.077518739,0.482165426,0.530126631,0.512699902,0.472885817,3.062408566,-1.482614636,1.464879274,5.850000381,-49.36875153,20.49375153,202.5441126,-0.015853882,996.4830933,,88.531132794,24.37325511,Bump,,0.08135597,9.629316568,-0.016749756,-4.59375,-64.83750153,5.193750381,-0.038851,0.146974069,0.078435038,0.08135597,9.629316568,-0.016749756,20.189616325674343,32,83,18,21
8.88,0.688958332,0.004266739,0.472054429,-0.872103989,9.767550468,-0.06906791,-0.037354382,0.216062874,0.123089252,0.4823865,0.531010658,0.512340248,0.472057477,3.062559724,-1.481469095,1.462733686,5.850000381,-44.94375229,25.01250076,209.0972057,,,,88.531132637,24.373255005,Bump,,-0.832223719,10.04937668,0.958086169,-4.575000286,-60.43125153,9.712500572,-0.044837475,0.218200895,0.124005555,-0.832223719,10.04937668,0.958086169,20.184025540529188,32,83,18,21
8.89,-0.326276094,0.445454597,0.881921709,-0.876157135,9.767172337,-0.071205359,-0.081550447,0.304821521,-0.038331764,0.482912749,0.531913608,0.511604697,0.471299931,3.060498834,-1.481037796,1.457746923,7.612500191,-46.93125153,24.03750038,207.1208607,,,,88.53113248,24.3732549,Bump,,-1.49934268,9.962277794,-0.066999041,-2.831250191,-62.40000153,8.737500191,-0.089033542,0.306959555,-0.037415468,-1.49934268,9.962277794,-0.066999041,20.189751636972485,32,83,18,21
8.9,-0.52753517,0.101026058,-0.524722844,-0.862834245,9.768330097,-0.07490908,-0.042607818,0.258212543,-0.16255112,0.483834177,0.532383472,0.51045084,0.471075505,3.054987073,-1.482365191,1.449463606,5.137500286,-50.10000229,21.52500153,203.25033,,,,88.531132323,24.373254795,Bump,,-0.702293444,9.789635897,-0.780060187,-5.306250095,-65.58750153,6.225000381,-0.050090912,0.260350567,-0.161634818,-0.702293444,9.789635897,-0.780060187,20.208902967429022,32,83,18,21
8.91,0.981168091,0.007877827,-0.217021264,-0.853474438,9.769145966,-0.075856939,-0.012980876,0.232739478,-0.052228938,0.484718889,0.53288281,0.509461403,0.470672324,3.052945137,-1.483312249,1.444643021,4.650000095,-48.90000153,20.4375,202.6822338,0.021133423,996.4786377,,88.531132166,24.37325469,Bump,,0.430229509,9.787601852,0.334038037,-5.793750286,-64.38750458,5.137500286,-0.02046397,0.234877512,-0.051312642,0.430229509,9.787601852,0.334038037,20.214233722528128,32,83,18,21
8.92,1.1317752,0.199028492,1.061257213,-0.85669443,9.76883316,-0.079741485,-0.082802721,0.236710104,0.066889693,0.48527886,0.533866376,0.50859198,0.469920337,3.048782587,-1.482946754,1.437311232,9.75,-48.24375153,22.42500114,204.93028,,,,88.531132009,24.373254585,Bump,,0.06987042,9.960363579,0.888694334,-0.675000012,-63.71250153,7.125000477,-0.090285815,0.238848126,0.06780599,0.06987042,9.960363579,0.888694334,20.213211482585628,32,83,18,21
8.93,0.298682481,0.177286148,0.169708028,-0.858192265,9.768636227,-0.087459717,-0.111146848,0.272018084,0.021563528,0.485798255,0.534911245,0.50756821,0.469302043,3.040030718,-1.482717693,1.425349057,5.90625,-47.17500305,21.67500114,204.6768629,,,,88.531131852,24.37325448,Bump,,-0.903888747,9.82074213,-0.410369091,-4.518750191,-62.64375305,6.375000477,-0.118629938,0.274156117,0.022479824,-0.903888747,9.82074213,-0.410369091,20.195887341184736,32,83,18,21
8.94,-0.106876969,0.312478065,-0.854765713,-0.854565859,9.768917084,-0.091441713,-0.044898561,0.230143301,-0.056963141,0.486239344,0.535397351,0.50687319,0.469042182,3.034994364,-1.483044505,1.418428421,5.90625,-47.17500305,21.67500114,204.6768629,,,,88.531131695,24.373254375,Bump,,-0.835095108,9.678967476,-1.025563776,-4.518750191,-62.64375305,6.375000477,-0.052381655,0.232281335,-0.056046844,-0.835095108,9.678967476,-1.025563776,20.206723405462824,32,83,18,21
8.95,0.104512841,-0.080657959,-0.719510287,-0.849152714,9.769386292,-0.091746092,-0.010476331,0.219605887,-0.062857986,0.486811727,0.535736322,0.506242305,0.468742535,3.033965349,-1.48359251,1.415555835,4.856250286,-47.88750076,22.06875038,204.7424115,0.08454895,996.4711914,,88.531131538,24.37325427,Bump,,-0.56829536,9.712467432,0.004187445,-5.587500095,-63.37500381,6.768750191,-0.017959425,0.221743914,-0.061941689,-0.56829536,9.712467432,0.004187445,20.188199371816637,32,83,18,21
8.96,0.42427808,-0.157247066,0.41422309,-0.844931066,9.769724846,-0.094652582,-0.074617133,0.251981723,-0.019975279,0.487482354,0.536380529,0.505346745,0.468274921,3.030032992,-1.483989537,1.40894264,6.412500381,-45.99375153,23.90625,207.4641338,,,,88.531131381,24.373254165,Bump,,-0.334516603,9.412885666,0.34360933,-4.03125,-61.48125076,8.606250763,-0.082100227,0.254119745,-0.019058981,-0.334516603,9.412885666,0.34360933,20.19172590921044,32,83,18,21
8.97,0.42269063,-0.208221912,0.122488927,-0.843878776,9.769745827,-0.101593461,-0.101403555,0.27107124,0.003359756,0.488076314,0.537322402,0.504291952,0.467713192,3.021781683,-1.48401463,1.397534728,6.562500477,-46.59375,21.31875038,204.58624,,,,88.531131224,24.37325406,Bump,,-0.437886542,9.780423164,-0.46612185,-3.881250143,-62.08125305,6.018750191,-0.108886646,0.273209281,0.004276053,-0.437886542,9.780423164,-0.46612185,20.215853432740843,32,83,18,21
8.98,0.385104835,0.243665218,-0.815708429,-0.842628032,9.769778252,-0.108601585,-0.066920235,0.25332562,-0.008246675,0.488635227,0.538217783,0.503272891,0.467197478,3.013414025,-1.484052479,1.386174202,5.325000286,-48.03750229,21.43125153,204.0433629,,,,88.531131067,24.373253955,Bump,,-0.508474804,10.07617617,-1.126421243,-5.118750095,-63.50625229,6.131250381,-0.07440333,0.255463657,-0.007330378,-0.508474804,10.07617617,-1.126421243,20.18052007694043,32,83,18,21
8.99,0.230274469,0.279382706,-0.994734585,-0.83845067,9.770111084,-0.110957056,-0.008277218,0.220094579,-0.040744681,0.489292666,0.538818449,0.502417862,0.466737136,3.010021567,-1.484445691,1.380205572,6.787500381,-48.41250229,22.5,204.926931,0.060775757,996.473938,,88.53113091,24.37325385,Bump,,-0.602512729,9.753623772,-1.021735251,-3.637500048,-63.90000153,7.200000286,-0.015760312,0.222232607,-0.039828384,-0.602512729,9.753623772,-1.021735251,20.18342034123418,32,83,18,21
9.0,0.294265032,-0.189378738,-0.355245903,-0.831122071,9.77074194,-0.110607065,0.000305,0.231059603,-0.069638584,0.490112141,0.53928107,0.501548916,0.466277391,3.009287,-1.48519361,1.376857519,6.768750191,-46.40625,22.18125153,205.5468589,,,,88.531130753,24.373253745,Bump,,-0.42735813,9.569854736,-0.162233374,-3.675000191,-61.87500381,6.881250381,-0.007177661,0.233197626,-0.068722289,-0.42735813,9.569854736,-0.162233374,20.18831545020584,32,83,18,21
9.01,0.716738641,-0.028680801,0.304489434,-0.827186763,9.771039009,-0.113773882,-0.071074116,0.24074181,-0.031826055,0.490641922,0.539797604,0.500792682,0.46593529,3.004906893,-1.485548973,1.370329618,5.34375,-48.22500229,23.38125038,205.8658095,,,,88.531130596,24.37325364,Bump,,0.217148654,9.946365356,0.214157623,-5.100000381,-63.69375229,8.081250191,-0.078557211,0.242879835,-0.030909758,0.217148654,9.946365356,0.214157623,20.181061288154957,32,83,18,21
9.02,1.067591071,0.160104752,0.131435074,-0.826270103,9.771068573,-0.117810976,-0.066309371,0.248316538,0.024740023,0.4911419,0.540491283,0.499997109,0.465458423,2.999966264,-1.485585093,1.362920105,6.225000381,-46.23750305,21.52500153,204.9634484,,,,88.531130439,24.373253535,Bump,,0.046899326,10.05607643,-0.4546363,-4.21875,-61.72500229,6.225000381,-0.073792466,0.25045456,0.025656321,0.046899326,10.05607643,-0.4546363,20.18725741740359,32,83,18,21
9.03,0.55195573,0.260619164,-0.648738474,-0.827441871,9.770942211,-0.120097358,-0.001527162,0.197614752,0.017715079,0.491680071,0.541250557,0.499234989,0.464825645,2.997456789,-1.485432923,1.357713878,7.931250095,-45.5625,22.27500153,206.0534969,0.034347534,996.4770508,,88.531130282,24.37325343,Bump,,-0.58193447,9.889535904,-0.864766109,-2.493750095,-61.05000305,6.975000381,-0.009010255,0.199752785,0.018631376,-0.58193447,9.889535904,-0.864766109,20.203321662438785,32,83,18,21
9.04,0.126313388,0.193062305,-0.533995777,-0.826240748,9.771050453,-0.119496826,-0.001802051,0.204945132,-0.019486586,0.492256731,0.54177326,0.498606309,0.464280859,2.997960806,-1.485563338,1.355942249,4.237500191,-47.21250153,23.625,206.5832511,,,,88.531130125,24.373253325,Bump,,-0.720837817,10.03250718,-0.28115666,-6.206250191,-62.70000076,8.325000763,-0.009285144,0.20708316,-0.018570289,-0.720837817,10.03250718,-0.28115666,20.1968569820237,32,83,18,21
9.05,0.22266683,0.226054668,-0.006004099,-0.82065928,9.771482944,-0.122526966,-0.053236866,0.244651347,-0.051495901,0.492971808,0.54238835,0.49765119,0.46382834,2.993379354,-1.486082971,1.348618865,6.093750477,-48.80625153,20.79375076,203.0762776,,,,88.531129968,24.37325322,Bump,,-0.321116795,9.937392235,-0.128733857,-4.350000381,-64.29375458,5.493750095,-0.060719959,0.246789372,-0.050579604,-0.321116795,9.937392235,-0.128733857,20.21570686844308,32,83,18,21
9.06,0.842798978,0.401469707,-0.177768398,-0.813376904,9.772042274,-0.126424052,-0.052992519,0.264199018,-0.045662142,0.493859366,0.54313758,0.496459588,0.46328412,2.987393618,-1.486759722,1.339256287,8.418750763,-45.75,24.22500038,207.9015868,,,,88.531129811,24.373253115,Bump,,0.198604281,9.963235092,-0.594377142,-2.025000095,-61.23750305,8.925000191,-0.060475614,0.266337045,-0.044745845,0.198604281,9.963235092,-0.594377142,20.212697742469537,32,83,18,21
9.07,1.120035261,0.158905983,-0.813449979,-0.805797726,9.772659779,-0.127234727,-0.009254601,0.247950009,-0.049907652,0.4947934,0.54376179,0.495386019,0.462704211,2.984985948,-1.487513781,1.333633363,6.262500286,-46.59375,21.31875038,204.58624,0.079269409,996.4718018,,88.531129654,24.37325301,Bump,,0.206979155,9.619745255,-1.073779166,-4.181250095,-62.08125305,6.018750191,-0.016737695,0.250088045,-0.048991356,0.206979155,9.619745255,-1.073779166,20.193672694067917,32,83,18,21
9.08,1.147394419,-0.015735626,-0.947467446,-0.793435931,9.773568153,-0.134932607,-0.006566796,0.189826228,-0.022143849,0.495775521,0.544520497,0.493914366,0.462333918,2.973143101,-1.488634467,1.318202972,8.325000763,-48.22500229,21.16875076,203.6994569,,,,88.531129497,24.373252905,Bump,,0.321116796,9.539226532,-0.986800063,-2.118750095,-63.71250153,5.868750095,-0.01404989,0.191964258,-0.021227551,0.321116796,9.539226532,-0.986800063,20.19037693733725,32,83,18,21
9.09,1.065566719,-0.321728706,-0.775469154,-0.782716244,9.774282455,-0.145306632,-0.023548837,0.180510542,0.042821621,0.496741861,0.545483768,0.492295116,0.461887404,2.958025336,-1.489527524,1.299084544,7.312500477,-46.57500076,24.88125038,208.1119798,,,,88.53112934,24.3732528,Bump,,0.159720909,9.440881491,-0.655035198,-3.131250143,-62.04375076,9.581250191,-0.031031931,0.182648572,0.043737919,0.159720909,9.440881491,-0.655035198,20.19518769632669,32,83,18,21
9.1,0.692272186,-0.287053585,-0.344085246,-0.775502294,9.774690151,-0.156206667,-0.059345514,0.213252896,0.047464193,0.4977763,0.546735227,0.490530312,0.461171418,2.942823768,-1.490040958,1.279108882,8.512500763,-46.06875229,24.26250076,207.7739157,,,,88.531129183,24.373252695,Bump,,-0.26703901,9.70576725,-0.354616314,-1.931250095,-61.53750229,8.962500572,-0.066828607,0.215390924,0.048380491,-0.26703901,9.70576725,-0.354616314,20.203611797700592,32,83,18,21
9.11,0.473672435,0.231348515,-0.26810462,-0.768266737,9.775113583,-0.165230781,-0.063835369,0.250912711,-0.011911863,0.498727784,0.547798783,0.488965154,0.460542917,2.929738879,-1.490576863,1.261808157,7.762500286,-48.60000229,20.98125076,203.3504833,0.050201416,996.4750977,,88.531129026,24.37325259,Bump,,-0.097148596,9.90772171,-0.801117015,-2.681250095,-64.0687561,5.681250095,-0.071318464,0.253050733,-0.010995566,-0.097148596,9.90772171,-0.801117015,20.19072254563292,32,83,18,21
9.12,0.822954714,0.081944466,-1.088484943,-0.748304158,9.776424885,-0.178576209,-0.000336,0.299873525,-0.086803885,0.500297755,0.549024731,0.486543059,0.459944651,2.907280922,-1.492265105,1.233524799,7.275000095,-45.84375,23.86875153,207.5039389,,,,88.531128869,24.373252485,Bump,,0.141774739,9.679565907,-1.551745474,-3.168750048,-61.33125305,8.568750381,-0.007819069,0.302011544,-0.085887588,0.141774739,9.679565907,-1.551745474,20.204965956313966,32,83,18,21
9.13,1.119105041,-0.201086521,-1.462403893,-0.720961332,9.778049469,-0.200645082,0.001832594,0.23411392,-0.109955661,0.501950145,0.550351083,0.483602837,0.45965974,2.870087028,-1.494406879,1.190118492,9.900000572,-50.62500381,19.76250076,201.3241997,,,,88.531128712,24.37325238,Bump,,0.675254554,9.387521935,-1.624248028,-0.543750048,-66.11250305,4.462500095,-0.005650499,0.236251958,-0.109039364,0.675254554,9.387521935,-1.624248028,20.19637646608765,32,83,18,21
9.14,1.830861688,-0.311928749,-1.227698445,-0.712604165,9.778500557,-0.208622515,-0.01536325,0.196270856,0.002871066,0.502722204,0.551095188,0.482313991,0.459279537,2.856790543,-1.495007992,1.173631072,6.206250191,-50.02500153,19.06875038,200.8660663,,,,88.531128555,24.373252275,Bump,,1.071386337,8.937790871,-1.168893859,-4.237500191,-65.49375153,3.768750191,-0.022846343,0.198408878,0.003787362,1.071386337,8.937790871,-1.168893859,20.20208188723408,32,83,18,21
9.15,1.794723868,-0.634963989,-0.653971434,-0.716812551,9.778151035,-0.210512929,-0.03649917,0.222904557,0.101831159,0.503105372,0.551823646,0.481703043,0.458625853,2.855946422,-1.494541407,1.170404375,6.975000381,-50.10000229,20.10000038,201.8605377,-0.076629639,996.4903564,,88.531128398,24.37325217,Bump,,0.768574643,9.526305389,-0.357966268,-3.450000048,-65.5687561,4.800000191,-0.043982264,0.225042585,0.102747455,0.768574643,9.526305389,-0.357966268,20.19744506116541,32,83,18,21
9.16,1.106453478,-0.025659561,-0.160167456,-0.722064257,9.777661324,-0.215273164,-0.065362532,0.246483937,0.044440412,0.503589332,0.552857131,0.480795056,0.457802072,2.85184896,-1.493887842,1.163047433,8.981250763,-47.08125305,19.81875038,202.8285526,,,,88.531128241,24.373252065,Bump,,-0.03302095,9.821579742,-0.898265612,-1.462500095,-62.56875229,4.518750191,-0.072845625,0.24862197,0.045356709,-0.03302095,9.821579742,-0.898265612,20.19177863038168,32,83,18,21
9.17,0.504794464,0.021529198,-1.146024168,-0.720023066,9.777749062,-0.218150914,-0.002412916,0.237687486,-0.026083925,0.504249901,0.553578854,0.479855567,0.457188159,2.847406626,-1.494003177,1.155661702,7.012500286,-49.59375381,20.13750076,202.0995692,,,,88.531128084,24.37325196,Bump,,-0.224327121,9.575477839,-1.705484331,-3.431250095,-65.08125305,4.837500095,-0.00989601,0.239825511,-0.025167629,-0.224327121,9.575477839,-1.705484331,20.217938132278487,32,83,18,21
9.18,0.544016153,-0.241587162,-1.230890185,-0.714735329,9.778182507,-0.216071986,0.041844238,0.247247517,-0.048258318,0.505117059,0.554093301,0.478980079,0.456525266,2.848016977,-1.494582713,1.153346539,5.925000191,-47.10000229,21.28125,204.3149365,,,,88.531127927,24.373251855,Bump,,-0.001914255,9.60526886,-0.964307529,-4.5,-62.56875229,5.981250286,0.034361144,0.249385551,-0.047342021,-0.001914255,9.60526886,-0.964307529,20.21054423176639,32,83,18,21
9.19,1.018075824,-0.174640179,-0.159372717,-0.707814068,9.778663635,-0.217057809,-0.024159703,0.263221633,-0.052351111,0.50603503,0.554719478,0.477885589,0.455894679,2.844034791,-1.495229304,1.146087348,8.700000763,-49.70625305,19.61250114,201.5326099,-0.105682373,996.4938354,,88.53112777,24.37325175,Bump,,0.508474812,9.344570637,-0.248255353,-1.725000024,-65.1937561,4.3125,-0.031642795,0.265359664,-0.051434815,0.508474812,9.344570637,-0.248255353,20.18560452703066,32,83,18,21
9.2,1.641090155,0.081495285,0.06357421,-0.702943683,9.778985023,-0.218449771,-0.034910922,0.286678845,-0.022174391,0.506788254,0.555305839,0.476944029,0.455330133,2.840289593,-1.495664239,1.139490724,8.268750191,-47.68125153,21.46875,204.2399223,,,,88.531127613,24.373251645,Bump,,0.869551754,9.555497932,-0.474257436,-2.175000191,-63.15000153,6.168750286,-0.042394015,0.288816869,-0.021258095,0.869551754,9.555497932,-0.474257436,20.21473871903592,32,83,18,21
9.21,1.53389585,0.005402565,-0.425710291,-0.702500224,9.778988361,-0.219714738,-0.02046397,0.229227006,0.050243629,0.507362932,0.555944622,0.476175398,0.454714492,2.838470459,-1.49566865,1.135066211,7.331250191,-46.74375153,22.72500038,205.9272248,,,,88.53112745600001,24.37325154,Bump,,0.52498529,9.629675484,-0.905444086,-3.112500191,-62.23125076,7.425000191,-0.027947064,0.231365036,0.051159925,0.52498529,9.629675484,-0.905444086,20.19949724792998,32,83,18,21
9.22,1.091258883,-0.130016804,-0.615562707,-0.705452114,9.778794289,-0.218895487,0.011148282,0.233289257,0.046242464,0.50799334,0.556729645,0.475415692,0.453844309,2.840720654,-1.495405853,1.134261549,6.881250381,-44.86875153,23.96250153,208.1047886,,,,88.531127299,24.373251435,Bump,,0.067597244,10.03011417,-0.280558452,-3.543750048,-60.33750153,8.662500381,0.003665189,0.235427287,0.047158762,0.067597244,10.03011417,-0.280558452,20.215782089075763,32,83,18,21
9.23,0.568296462,0.117502689,0.124219082,-0.704095691,9.778914928,-0.217845276,-0.017318017,0.262244242,-0.030970844,0.508741319,0.557386369,0.474572688,0.453081995,2.841535807,-1.495569944,1.13205719,9.693750381,-44.55000305,24.50625038,208.8144951,-0.039627075,996.4858398,,88.531127142,24.37325133,Bump,,-0.103848502,9.857472038,0.037328032,-0.75,-60.01875305,9.206250191,-0.02480111,0.264382282,-0.030054547,-0.103848502,9.857472038,0.037328032,20.211994210237894,32,83,18,21
9.24,0.654363513,0.172823906,0.201727733,-0.698693246,9.779303074,-0.217819892,-0.022143848,0.259006672,-0.039706211,0.509602994,0.557985455,0.47357744,0.45241715,2.839388251,-1.49609834,1.126780331,6.281250477,-47.10000229,21.91875076,204.9556784,,,,88.531126985,24.373251225,Bump,,0.186161603,9.713424301,-0.233060922,-4.162500381,-62.58750153,6.618750095,-0.029626941,0.261144698,-0.038789913,0.186161603,9.713424301,-0.233060922,20.197008540178768,32,83,18,21
9.25,0.905967593,-0.149643898,-0.115566313,-0.696182758,9.779545784,-0.214926846,0.015179989,0.282769305,-0.003359756,0.510517806,0.558662623,0.472643003,0.451526329,2.842153311,-1.496430457,1.126117826,8.325000763,-47.625,21.71250153,204.5085053,,,,88.531126828,24.37325112,Bump,,0.111266253,9.738189936,-0.185443756,-2.118750095,-63.09375381,6.412500381,0.007696896,0.284907335,-0.002443459,0.111266253,9.738189936,-0.185443756,20.180898772332803,32,83,18,21
9.26,0.839650929,0.191581726,0.167564854,-0.692514092,9.779810905,-0.214741811,-0.028924447,0.27812674,-0.028405212,0.511385411,0.559356064,0.471623853,0.450751022,2.840901732,-1.496794939,1.121500134,10.35000038,-44.94375229,22.78125,206.8797016,,,,88.531126671,24.373251015,Bump,,0.195254327,9.83497982,-0.106719891,-0.09375,-60.43125153,7.481250286,-0.036407541,0.280264759,-0.027488916,0.195254327,9.83497982,-0.106719891,20.1907470943754,32,83,18,21
9.27,0.908440292,0.253768921,-0.009907797,-0.687072158,9.780172348,-0.215778768,-0.02611447,0.242055174,-0.050243627,0.512057304,0.559803605,0.470798105,0.450295895,2.837291241,-1.49729383,1.11548233,7.931250095,-48.67500305,19.96875,202.3057194,-0.042266846,996.486145,,88.53112651400001,24.37325091,Bump,,0.308195546,9.742137909,-0.335473737,-2.512500048,-64.14375305,4.668750286,-0.033597564,0.244193193,-0.049327331,0.308195546,9.742137909,-0.335473737,20.201665368586436,32,83,18,21
9.28,1.100349963,0.104521275,-0.074589707,-0.686122805,9.780250549,-0.215223238,0.001252273,0.225470191,0.037323838,0.512587398,0.560277849,0.470182091,0.449746087,2.837631822,-1.497403502,1.11364615,8.737500191,-45.82500076,23.19375038,206.8456813,,,,88.531126357,24.373250805,Bump,,0.360718004,9.825527906,0.096311114,-1.706250072,-61.29375076,7.893750191,-0.006230821,0.227608216,0.038240134,0.360718004,9.825527906,0.096311114,20.20533912879305,32,83,18,21
9.29,0.829700083,0.268541813,0.510714471,-0.690656036,9.779984474,-0.212822489,-0.013652828,0.243429616,0.052351113,0.51317665,0.561033487,0.46952638,0.44881621,2.842678428,-1.497033834,1.115749836,9.131250381,-46.125,23.25,206.7510758,,,1.611781478,88.5311262,24.3732507,Bump,,-0.300538523,10.00391293,0.423051041,-1.3125,-61.61250305,7.950000286,-0.021135921,0.245567644,0.053267408,-0.300538523,10.00391293,0.423051041,20.190315507417328,32,83,18,21
9.3,0.220593974,0.283099174,0.49742566,-0.689270824,9.780100822,-0.211955585,-0.029626941,0.287717313,-0.055741411,0.513921589,0.561693162,0.468661636,0.448041812,2.843261003,-1.497195601,1.113277674,8.475000381,-47.86875153,19.96875,202.6437634,,,,88.53112612,24.373250592,Bump,,-0.486221564,9.884750366,-0.113898355,-1.968750119,-63.33750153,4.668750286,-0.037110035,0.289855339,-0.054825114,-0.486221564,9.884750366,-0.113898355,20.18557424296291,32,83,18,21
9.31,0.363393515,0.083853245,-0.134948932,-0.677860856,9.780912399,-0.211273953,-0.007055488,0.265665093,-0.115025839,0.514961094,0.562104523,0.467546478,0.447497144,2.83945334,-1.498330534,1.106350601,8.512500763,-47.86875153,20.60625076,203.2906189,-0.044921875,996.4866333,,88.53112604,24.373250484,Bump,,0.139980121,9.8153584,-0.398404971,-1.931250095,-63.35625076,5.306250095,-0.014538582,0.267803118,-0.11410954,0.139980121,9.8153584,-0.398404971,20.21339720947197,32,83,18,21
9.32,1.184032321,-0.075856209,0.041862711,-0.670538694,9.781454086,-0.209571794,0.005803215,0.223881941,-0.035124724,0.515869468,0.562559277,0.466599315,0.446867615,2.838669062,-1.499096274,1.102616429,10.66875076,-50.30625153,19.05000114,200.7407044,,,,88.53112596,24.373250376,Bump,,0.762831867,9.846465111,0.214396916,0.225000009,-65.77500153,3.750000238,-0.001679878,0.226019971,-0.034208428,0.762831867,9.846465111,0.214396916,20.21937608722814,32,83,18,21
9.33,1.388888419,0.241400242,0.751947731,-0.673926979,9.781213284,-0.209942698,-0.038209592,0.236832273,0.070188364,0.516471326,0.563396722,0.46577327,0.445978209,2.839599729,-1.498754859,1.100378931,9.243750572,-46.35000229,18.80625153,202.0845764,,,,88.53112588,24.373250268,Bump,,0.537188672,9.906883955,0.503689162,-1.200000048,-61.83750153,3.506250143,-0.045692685,0.238970304,0.071104661,0.537188672,9.906883955,0.503689162,20.201027607292108,32,83,18,21
9.34,0.735031247,0.49987793,0.500009298,-0.675196767,9.781089783,-0.211644948,-0.049571677,0.249171743,0.008124502,0.516921997,0.564020097,0.46508792,0.445383191,2.837836504,-1.498579383,1.096249938,9.206250191,-48.41250229,16.85625076,199.1970802,,,,88.5311258,24.37325016,Bump,,-0.31010982,10.10871849,-0.152183516,-1.21875,-63.90000153,1.556250095,-0.057054771,0.251309764,0.009040799,-0.31010982,10.10871849,-0.152183516,20.18686717143393,32,83,18,21
9.35,0.352537245,0.423791885,-0.19697807,-0.67068854,9.781382561,-0.212396167,-0.004276053,0.236557387,-0.070707597,0.51748991,0.564393669,0.464387044,0.444981501,2.834899545,-1.49899596,1.091261864,8.043750763,-46.875,19.42500114,202.5091183,0.042282104,996.4761963,,88.53112572,24.373250052,Bump,,-0.124905345,9.932128143,-0.598205656,-2.400000095,-62.34375381,4.125,-0.011759147,0.238695417,-0.069791302,-0.124905345,9.932128143,-0.598205656,20.190892293060774,32,83,18,21
9.36,0.64321433,0.15801096,-0.227614179,-0.662163436,9.782026291,-0.209483743,0.023609924,0.218384159,-0.06175843,0.518406242,0.564729214,0.463510334,0.444402933,2.835194111,-1.49991709,1.088840961,9.918750763,-50.19375229,18.15000153,199.8799306,,,,88.53112564,24.373249944,Bump,,0.290727951,9.821938515,0.150149623,-0.525000036,-65.68125153,2.850000143,0.01612683,0.220522183,-0.060842132,0.290727951,9.821938515,0.150149623,20.1807356270619,32,83,18,21
9.37,1.084706217,-0.022251129,0.694035754,-0.657120466,9.782419205,-0.207008027,-0.024037529,0.242940924,-0.012767074,0.519252837,0.56520924,0.462646976,0.443703294,2.836410642,-1.500484645,1.087155342,7.725000381,-47.15625,21.63750076,204.6478786,,,,88.53112556,24.373249836,Bump,,0.551784909,9.778508949,0.683868718,-2.71875,-62.64375305,6.337500095,-0.031520622,0.245078948,-0.011850777,0.551784909,9.778508949,0.683868718,20.21657195226242,32,83,18,21
9.38,1.137818158,0.177159786,0.659093603,-0.655177832,9.782498837,-0.209410764,-0.068416854,0.255952351,0.007330377,0.519974887,0.565965265,0.461614549,0.442968756,2.832231402,-1.5006001,1.079716504,10.25625038,-48.48750305,17.23125076,199.5639459,,,,88.53112548,24.373249728,Bump,,0.412522626,9.999605751,-0.075134633,-0.1875,-63.95625305,1.931250095,-0.075899947,0.258090369,0.008246674,0.412522626,9.999605751,-0.075134633,20.184710043315604,32,83,18,21
9.39,0.977342695,0.307147026,-0.347283989,-0.653052121,9.782577515,-0.212335534,-0.033200502,0.236343583,-0.00311541,0.520652115,0.566688031,0.460609347,0.44229506,2.827230573,-1.50071454,1.071622252,11.40000057,-47.08125305,19.80000114,202.8091674,0.042282104,996.4762573,,88.53112540000001,24.37324962,Bump,,0.308075912,10.20778131,-0.684945494,0.956250012,-62.55000305,4.5,-0.040683594,0.238481605,-0.002199113,0.308075912,10.20778131,-0.684945494,20.20306065902057,32,83,18,21
9.4,0.923899263,0.520567894,-0.262790136,-0.649750978,9.782802582,-0.212094933,0.001863138,0.206655556,-0.015210533,0.521355689,0.56722182,0.459768891,0.441656068,2.826072454,-1.501043081,1.067734718,9.206250191,-46.46250153,21.13125038,204.4561476,,,,88.53112532,24.373249512,Bump,,0.299581394,10.1249897,-0.290967232,-1.237500072,-61.93125153,5.831250191,-0.005619956,0.208793581,-0.014294235,0.299581394,10.1249897,-0.290967232,20.19096220882749,32,83,18,21
9.41,1.052180052,0.645420074,0.344208121,-0.646351039,9.783055305,-0.210811749,-0.01084285,0.220216751,-0.023976443,0.521948278,0.567585051,0.459131718,0.441152215,2.826315403,-1.501413822,1.065871358,9.037500381,-47.98125076,18.69375038,201.2861527,,,,88.53112524000001,24.373249404,Bump,,0.339302251,10.1024971,0.386201578,-1.40625,-63.46875381,3.393750191,-0.018325943,0.222354785,-0.023060145,0.339302251,10.1024971,0.386201578,20.202167120100636,32,83,18,21
9.42,1.031361997,0.355753899,0.610666215,-0.643189281,9.783256054,-0.211181745,-0.042363472,0.252226073,-0.018875722,0.522534609,0.568032652,0.458401918,0.44064039,2.824345469,-1.501708508,1.061614692,7.537500381,-45.61875153,21.39375114,205.1250914,,,,88.53112516,24.373249296,Bump,,0.393021122,9.8685987,0.084346998,-2.90625,-61.08750153,6.093750477,-0.049846566,0.254364097,-0.017959425,0.393021122,9.8685987,0.084346998,20.206056815534076,32,83,18,21
9.43,0.970614851,0.129373074,0.087065309,-0.639824182,9.783435345,-0.213051461,-0.03356702,0.223881939,-0.001404989,0.523269922,0.56869328,0.457394615,0.439962015,2.820155501,-1.501975775,1.05432874,7.875000477,-46.95000076,21.86250114,204.9692752,-0.042266846,996.4862061,,88.53112508,24.373249188,Bump,,0.330688089,9.927342415,-0.337866563,-2.550000191,-62.41875076,6.562500477,-0.041050113,0.226019967,-0.000489,0.330688089,9.927342415,-0.337866563,20.21318967214829,32,83,18,21
9.44,1.049960852,0.305035591,-0.046813533,-0.639696538,9.783410549,-0.214607388,-0.025961753,0.218384158,0.031612252,0.523851573,0.569363326,0.456553146,0.43927668,2.817908287,-1.501938105,1.04928714,6.712500095,-49.23750305,18.9375,201.0375098,,,,88.531125,24.37324908,Bump,,0.436450851,10.19868889,0.074656063,-3.731250048,-64.7250061,3.637500048,-0.033444847,0.220522188,0.03252855,0.436450851,10.19868889,0.074656063,20.188256850870424,32,83,18,21
9.45,0.948944211,0.598267555,0.478099465,-0.640063763,9.78335619,-0.215955436,-0.042974337,0.236465758,0.017409646,0.524462402,0.57008189,0.455676123,0.4385259,2.816188812,-1.501858473,1.044594824,6.525000095,-47.30625153,21.05625153,203.9940879,,,,88.53112492,24.373248972,Bump,,0.242273297,10.46321511,0.297906412,-3.918750048,-62.79375076,5.756250381,-0.050457432,0.238603783,0.018325943,0.242273297,10.46321511,0.297906412,20.180439833146337,32,83,18,21
9.46,0.889107138,0.536485195,0.165230125,-0.637068331,9.783518314,-0.217484511,-0.036193738,0.272445694,-0.02046397,0.525220662,0.570769638,0.454646409,0.437791854,2.812612772,-1.502097368,1.037789941,10.55625057,-45.375,21.5625,205.4173761,,,,88.53112484,24.373248864,Bump,,0.194775768,10.10154018,-0.37328033,0.112500004,-60.86250305,6.262500286,-0.043676833,0.274583712,-0.019547673,0.194775768,10.10154018,-0.37328033,20.185475425202757,32,83,18,21
9.47,0.744358391,0.212621689,-0.423414707,-0.624152362,9.784231663,-0.222717583,-0.013041963,0.230601448,-0.035857763,0.526467592,0.571567535,0.452916279,0.437045544,2.798822641,-1.503168285,1.019456387,9.337500572,-49.05000305,18.22500038,200.3830331,-0.058120728,996.4879761,,88.53112476,24.373248756,Bump,,0.23629123,9.895517826,-0.622732088,-1.106250048,-64.5375061,2.925000191,-0.020525057,0.232739484,-0.034941465,0.23629123,9.895517826,-0.622732088,20.216000745673924,32,83,18,21
9.48,1.065915346,-0.006873131,-0.108261064,-0.61158222,9.784966469,-0.225385398,-0.020983205,0.214352453,0.011300998,0.527667761,0.572214782,0.451389253,0.436330944,2.788507938,-1.504282713,1.005031347,8.493750572,-47.79375076,19.57500076,202.2726516,,,,88.53112468,24.373248648,Bump,,0.680997324,9.914899826,0.207218452,-1.950000048,-63.28125381,4.275000095,-0.028466299,0.216490477,0.012217296,0.680997324,9.914899826,0.207218452,20.2149556031025,32,83,18,21
9.49,1.284190059,0.289563656,0.707770556,-0.598966151,9.78586483,-0.220114291,-0.057115857,0.2376264,0.04657844,0.529167593,0.572800726,0.449930996,0.435249925,2.789435625,-1.505678654,1.001309812,12.54375076,-47.625,20.11875153,202.9011882,,,,88.5311246,24.37324854,Bump,,0.461336207,9.893843079,0.614955413,2.100000143,-63.11250305,4.818750381,-0.06459895,0.239764426,0.047494737,0.461336207,9.893843079,0.614955413,20.20389652408681,32,83,18,21
9.5,0.95941174,0.284284592,0.716917425,-0.585983485,9.786832333,-0.211927347,-0.065698507,0.252103892,0.03243692,0.53091538,0.573486805,0.448318571,0.433879912,2.794570088,-1.507211924,1.000997424,9.637500763,-50.11875153,17.75625038,199.5084,,,,88.53112452,24.373248432,Bump,,0.109471632,10.02831984,0.002991026,-0.806250036,-65.60625458,2.456250191,-0.073181601,0.25424192,0.033353217,0.109471632,10.02831984,0.002991026,20.204020674417347,32,83,18,21
9.51,0.613512546,0.368750095,-0.099019572,-0.577092797,9.787331581,-0.213266902,-0.027580544,0.227180612,0.019120068,0.532150596,0.574312985,0.446752667,0.432888046,2.787598014,-1.508017898,0.98937729,8.475000381,-49.21875381,18.26250076,200.3572514,-0.08190918,996.4909058,,88.53112444,24.373248324,Bump,,-0.048335017,9.914421463,-0.471864617,-1.950000048,-64.70625305,2.962500095,-0.035063639,0.229318637,0.020036365,-0.048335017,9.914421463,-0.471864617,20.206601466981848,32,83,18,21
9.52,0.572614104,0.003924847,-0.058002144,-0.567663163,9.787854195,-0.21454756,0.002443459,0.259770244,-0.017562362,0.533358425,0.575074941,0.445231855,0.431955755,2.780235291,-1.508874595,0.977562934,10.95000076,-47.36250305,20.60625076,203.5126635,,,,88.53112436,24.373248216,Bump,,0.104805634,9.821579742,0.133040939,0.525000036,-62.85000229,5.306250095,-0.005039634,0.26190827,-0.016646065,0.104805634,9.821579742,0.133040939,20.187014851144937,32,83,18,21
9.53,0.795395732,0.20285511,0.557163507,-0.551943272,9.788832664,-0.210874818,-0.066309373,0.250149134,-0.03781253,0.534914196,0.575605869,0.44364278,0.430958539,2.776635289,-1.510509133,0.969261557,10.42500019,-46.48125076,19.57500076,202.8377876,,,,88.53112428,24.373248108,Bump,,0.519242525,9.875179052,0.213559413,-0.018750001,-61.96875381,4.275000095,-0.073792466,0.252287152,-0.036896233,0.519242525,9.875179052,0.213559413,20.216576477837,32,83,18,21
9.54,1.319197834,-0.056243896,-0.105283566,-0.534457386,9.789732456,-0.2141544,-0.056413361,0.248316535,0.041233373,0.536721557,0.576604784,0.441334561,0.42974402,2.760463715,-1.512049437,0.946717829,8.550000191,-48.09375381,18.97500038,201.531311,,,,88.5311242,24.373248,Bump,,0.654676265,9.671789169,-0.502971321,-1.893750072,-63.56250381,3.675000191,-0.063896456,0.25045456,0.04214967,0.654676265,9.671789169,-0.502971321,20.19675082099568,32,83,18,21
9.55,0.728533983,-0.435470581,-0.491602987,-0.529707193,9.78986454,-0.219885021,-0.011300999,0.208610319,0.083993906,0.537596583,0.577486992,0.439904928,0.428931624,2.74813056,-1.512278676,0.930354416,9.675000191,-49.78125381,19.23750114,201.1285595,-0.153244019,996.4993286,,88.53112412,24.373247892,Bump,,0.073698935,9.643075371,-0.367058992,-0.768750012,-65.26875305,3.937500238,-0.018784092,0.210748348,0.084910206,0.073698935,9.643075371,-0.367058992,20.19532554112998,32,83,18,21
9.56,0.487866178,-0.037387848,0.010784045,-0.526870698,9.789977074,-0.221704938,-0.046517354,0.21850633,0.030482153,0.538304716,0.578130901,0.438893527,0.428211421,2.743288755,-1.512474716,0.922404319,14.64375019,-50.11875153,18.31875038,200.0777077,,,,88.53112404,24.373247784,Bump,,-0.239282265,10.14437175,0.326620299,4.200000286,-65.58750153,3.018750191,-0.054000446,0.220644358,0.03139845,-0.239282265,10.14437175,0.326620299,20.200756708211312,32,83,18,21
9.57,0.32172367,0.193315983,0.486321524,-0.522294521,9.790270805,-0.219554417,-0.056169017,0.254791698,-0.014721841,0.539153069,0.578639507,0.437956408,0.427415788,2.743652701,-1.512990117,0.919655174,8.850000381,-46.80000305,19.65000153,202.7761616,,,,88.53112396,24.373247676,Bump,,-0.007178465,9.652167892,-0.004785646,-1.575000048,-62.28750229,4.350000381,-0.063652112,0.256929728,-0.013805544,-0.007178465,9.652167892,-0.004785646,20.181878638671,32,83,18,21
9.58,0.506291896,0.014380932,0.090685107,-0.51400587,9.790716171,-0.219232313,-0.029321509,0.241902452,0.005345067,0.540284455,0.579304397,0.436592832,0.426480487,2.738436103,-1.513783038,0.910310417,9.037500381,-47.64375305,19.53750038,202.2972958,,,,88.53112388,24.373247568,Bump,,0.029670998,9.715816879,-0.316331151,-1.40625,-63.11250305,4.237500191,-0.036804603,0.244040482,0.006261364,0.029670998,9.715816879,-0.316331151,20.18665133475024,32,83,18,21
9.59,0.586970061,-0.029614449,-0.196586117,-0.507107466,9.790979862,-0.223448656,-0.033689192,0.248072186,0.016676608,0.541336685,0.580168992,0.435039088,0.425557539,2.726548672,-1.514257789,0.893992156,13.98750019,-48.95625305,17.11875153,199.2734282,-0.163818359,996.5004883,,88.5311238,24.37324746,Bump,,-0.101096758,9.492327452,-0.508474804,3.543750048,-64.42500305,1.818750024,-0.041172287,0.250210214,0.017592906,-0.101096758,9.492327452,-0.508474804,20.209521344657052,32,83,18,21
9.6,0.510688603,0.167929173,-0.166392587,-0.501141682,9.791096687,-0.23167564,-0.066889694,0.219758604,0.018325943,0.542194724,0.581064492,0.433491588,0.424821943,2.70855248,-1.514467061,0.871923208,10.85625076,-47.26875305,18.30000114,201.1638101,,,,88.53112372,24.373247352,Bump,,0.1268196,9.870393562,-0.402472758,0.412500024,-62.73750305,3.0,-0.074372788,0.22189663,0.019242241,0.1268196,9.870393562,-0.402472758,20.183311946717005,32,83,18,21
9.61,0.670903951,-0.015797138,-0.17573458,-0.492845535,9.791362286,-0.238159806,-0.042485645,0.238420525,0.022052219,0.543286473,0.58198294,0.431768209,0.423923999,2.691438079,-1.514950991,0.850135654,10.95000076,-47.71875,19.78125,202.51588,,,,88.53112364,24.373247244,Bump,,0.061734825,9.73591671,-0.331166649,0.506250024,-63.20625305,4.481250286,-0.04996874,0.240558553,0.022968516,0.061734825,9.73591671,-0.331166649,20.20412608437865,32,83,18,21
9.62,0.454384148,0.064125538,0.025743984,-0.487807453,9.791543961,-0.241043448,-0.035399613,0.214718968,0.025839581,0.544185162,0.582732409,0.430457979,0.423073441,2.68264401,-1.515283465,0.837496519,11.02500057,-45.30000305,19.125,202.8887612,,,,88.53112356,24.373247136,Bump,,-0.023928226,9.817152977,-0.19561325,0.581250012,-60.78750229,3.825000048,-0.042882707,0.216856995,0.026755877,-0.023928226,9.817152977,-0.19561325,20.18981396438725,32,83,18,21
9.63,0.28128916,-0.465707779,-0.116698205,-0.486169279,9.791559219,-0.243691772,-0.0377209,0.230601456,0.030543238,0.544741571,0.583319545,0.429564983,0.422455817,2.676947117,-1.515313983,0.829120219,9.056250572,-44.88750076,21.0,205.071897,-0.161178589,996.5003052,,88.53112348,24.373247028,Bump,,-0.262253359,9.730174065,-0.295752883,-1.387500048,-60.35625076,5.700000286,-0.045203994,0.232739482,0.031459536,-0.262253359,9.730174065,-0.295752883,20.19557182456168,32,83,18,21
9.64,0.148360103,0.082108021,-0.059276395,-0.487158686,9.791414738,-0.247493856,-0.053969903,0.223271078,0.0365908,0.545101523,0.583909601,0.428821236,0.421931401,2.671542883,-1.515047729,0.821473569,10.3125,-46.65000153,19.61250114,202.8027619,,,,88.5311234,24.37324692,Bump,,-0.340379018,9.817751169,-0.358923391,-0.131250009,-62.11875153,4.3125,-0.061452997,0.225409102,0.037507097,-0.340379018,9.817751169,-0.358923391,20.19154774947083,32,83,18,21
9.65,0.093614548,0.072706699,-0.101321563,-0.488362595,9.79120636,-0.253313348,-0.049082986,0.233900121,0.01301142,0.545556396,0.584696323,0.427819699,0.421270236,2.663101912,-1.514666438,0.810096711,10.25625038,-46.46250153,21.11250114,204.4369866,,,,88.53112332,24.373246812,Bump,,-0.453679174,9.856036377,-0.342173636,-0.1875,-61.93125153,5.8125,-0.056566078,0.236038154,0.013927717,-0.453679174,9.856036377,-0.342173636,20.1942269086586,32,83,18,21
9.66,0.087897986,0.058423996,-0.128182784,-0.488314003,9.791072845,-0.258506417,-0.038484482,0.239458993,-0.000611,0.546036959,0.585407943,0.426842481,0.42065011,2.654715061,-1.514425159,0.798889488,12.90000057,-46.91250229,20.38125038,203.4826533,,,,88.53112324,24.373246704,Bump,,-0.268474704,9.686145973,-0.420179653,2.456250191,-62.40000153,5.081250191,-0.045967574,0.241597019,0.000305,-0.268474704,9.686145973,-0.420179653,20.20876183620737,32,83,18,21
9.67,0.244765893,0.047562599,-0.101829976,-0.485332221,9.791079044,-0.26383613,-0.043951721,0.240863985,0.002993237,0.546731323,0.586170495,0.42561613,0.419928268,2.643662095,-1.514435768,0.784394801,11.66250038,-46.125,18.99375153,202.3813081,-0.132110596,996.4967651,,88.53112315999999,24.373246596,Bump,,-0.247058941,9.712467194,-0.364905454,1.21875,-61.61250305,3.693750143,-0.051434814,0.243002009,0.003909535,-0.247058941,9.712467194,-0.364905454,20.191884868624925,32,83,18,21
9.68,0.440211967,0.065199852,-0.119097516,-0.48164852,9.791091919,-0.270038217,-0.054336423,0.236221409,0.022052218,0.547490537,0.586993933,0.424258426,0.41916202,2.630605459,-1.51445955,0.767591745,10.875,-45.16875076,19.74375153,203.610661,,,,88.53112308,24.373246488,Bump,,-0.047377887,9.758409309,-0.43549372,0.431250006,-60.63750076,4.443750381,-0.061819515,0.238359436,0.022968516,-0.047377887,9.758409309,-0.43549372,20.202656185611875,32,83,18,21
9.69,0.278175414,0.007662296,-0.298784435,-0.480892956,9.790905476,-0.277997941,-0.047036588,0.22082762,0.043829547,0.548100114,0.587910831,0.422941387,0.418410689,2.617448688,-1.514123082,0.750797123,13.12500095,-45.26250076,20.625,204.4975787,,,,88.531123,24.37324638,Bump,,-0.286181593,9.740223885,-0.612562597,2.681250095,-60.73125076,5.325000286,-0.054519681,0.222965643,0.044745845,-0.286181593,9.740223885,-0.612562597,20.19904201608796,32,83,18,21
9.7,0.036704987,-0.228513718,-0.386501163,-0.483572751,9.790597916,-0.284153789,-0.028680101,0.2191172,0.039767297,0.548346937,0.588582337,0.422168434,0.417923808,2.61033082,-1.513572097,0.741473973,11.21250057,-46.85625076,19.36875153,202.4585068,,,,88.53112292,24.373246272,Bump,,-0.561116904,9.565906525,-0.55573304,0.768750012,-62.32500076,4.068750381,-0.036163195,0.221255222,0.040683594,-0.561116904,9.565906525,-0.55573304,20.206546846614504,32,83,18,21
9.71,-0.130313888,-0.052025795,-0.155570209,-0.487953857,9.790244102,-0.28877905,-0.048594293,0.231945354,0.026939137,0.548463017,0.58915472,0.421634167,0.417503938,2.607213736,-1.512945354,0.736691803,10.35000038,-49.38750076,16.74375153,198.7281039,-0.121536255,996.4956055,,88.53112284,24.373246164,Bump,,-0.553699166,9.836415482,-0.299581397,-0.09375,-64.875,1.443750024,-0.056077387,0.234083387,0.027855434,-0.553699166,9.836415482,-0.299581397,20.21747318957299,32,83,18,21
9.72,0.00529401,0.068514347,-0.026304007,-0.490951315,9.789951324,-0.293607354,-0.053908817,0.262060985,0.003512472,0.548817098,0.58989501,0.420779437,0.416855127,2.602619886,-1.51243031,0.729466736,12.93750095,-46.20000076,18.60000038,201.9295878,,,,88.53112276,24.373246056,Bump,,-0.473778892,9.845986748,-0.407258415,2.493750095,-61.68750381,3.300000191,-0.06139191,0.264199018,0.004428769,-0.473778892,9.845986748,-0.407258415,20.20930288388841,32,83,18,21
9.73,0.069670156,0.09145546,-0.199602306,-0.490638331,9.789795876,-0.299274787,-0.035521787,0.241597021,-0.003970621,0.549311936,0.590619266,0.41974321,0.416221976,2.593875051,-1.512157559,0.717798203,8.962500572,-46.29375076,18.41250038,201.6892927,,,,88.53112268,24.373245948,Bump,,-0.256630227,9.577870846,-0.628115952,-1.481250048,-61.76250076,3.112500191,-0.04300488,0.243735048,-0.003054324,-0.256630227,9.577870846,-0.628115952,20.188597615143628,32,83,18,21
9.74,0.227055937,-0.127047062,-0.182193428,-0.488754272,9.789733887,-0.304332748,-0.021838416,0.221682832,0.019120067,0.549956083,0.591374874,0.418563277,0.415486142,2.584671259,-1.512051404,0.705237269,9.862500191,-47.8125,18.01875114,200.6495583,,,,88.5311226,24.37324584,Bump,,-0.257946283,9.700503159,-0.286660159,-0.581250012,-63.30000305,2.71875,-0.029321509,0.22382085,0.020036365,-0.257946283,9.700503159,-0.286660159,20.18124732540245,32,83,18,21
9.75,0.353184879,0.026412964,0.151240885,-0.489514932,9.789639473,-0.306139231,-0.050854493,0.249080122,0.05421425,0.550593823,0.592138916,0.417528093,0.414593831,2.582711458,-1.511888146,0.699905485,11.13750076,-46.51875305,21.48750114,204.7927116,-0.092483521,996.4920044,,88.53112252,24.373245732,Bump,,-0.262253358,9.815836906,-0.209132694,0.693750024,-62.00625229,6.187500477,-0.058337585,0.251218144,0.055130546,-0.262253358,9.815836906,-0.209132694,20.19049056177199,32,83,18,21
9.76,-0.090902433,0.176164627,-0.146083832,-0.49422875,9.789226532,-0.311702356,-0.061544627,0.23438881,0.044654215,0.550898582,0.592959017,0.41665113,0.413898632,2.578921676,-1.511177659,0.693381101,13.68750095,-44.77500153,19.89375114,203.9558106,,,,88.53112244,24.373245624,Bump,,-0.623330295,9.896714449,-0.616750032,3.243750095,-60.26250076,4.59375,-0.06902772,0.236526847,0.045570512,-0.623330295,9.896714449,-0.616750032,20.20380311722801,32,83,18,21
9.77,-0.076319575,-0.033496857,-0.50816226,-0.496818781,9.788906097,-0.317645341,-0.011759147,0.248316538,0.002901608,0.551122308,0.593588769,0.41591236,0.413441062,2.572735071,-1.510629535,0.685115337,11.15625,-47.98125076,18.65625,201.2472637,,,,88.53112236,24.373245516,Bump,,-0.73794651,9.612925529,-0.679561645,0.712500036,-63.45000076,3.356250048,-0.019242241,0.250454556,0.003817905,-0.73794651,9.612925529,-0.679561645,20.18205703253937,32,83,18,21
9.78,-0.276749954,-0.134215355,-0.178310975,-0.499389216,9.78869009,-0.320220903,-0.011209369,0.219972408,-0.018997894,0.551261544,0.593989015,0.415498257,0.413096756,2.571410656,-1.510265887,0.682473779,10.76250076,-44.96250153,20.60625076,204.6219194,,,,88.53112228,24.373245408,Bump,,-0.495912477,9.620941401,-0.105882402,0.337500006,-60.45000076,5.306250095,-0.018692462,0.222110435,-0.018081598,-0.495912477,9.620941401,-0.105882402,20.19985464988805,32,83,18,21
9.79,0.160859734,-0.163182735,0.32768783,-0.500687867,9.78866291,-0.31901902,-0.053481212,0.254913872,0.030970844,0.551761538,0.594517201,0.414821878,0.41234836,2.574295402,-1.510220528,0.682872564,15.43125057,-45.75,19.78125,203.3825477,-0.042266846,996.486145,,88.5311222,24.3732453,Bump,,-0.303888476,9.663653564,-0.021535405,4.987500191,-61.23750305,4.481250286,-0.060964306,0.257051894,0.031887141,-0.303888476,9.663653564,-0.021535405,20.203873713956675,32,83,18,21
9.8,0.064594746,0.057548046,0.048451021,-0.504961014,9.788356781,-0.321681648,-0.067195126,0.258548521,0.056657708,0.552199423,0.595321536,0.413929999,0.411497191,2.574384689,-1.509707272,0.67993325,11.60625076,-46.80000305,20.25,203.3977626,,,,88.53112211999999,24.373245192,Bump,,-0.631226605,9.783773232,-0.605862707,1.162500024,-62.28750229,4.950000286,-0.07467822,0.260686539,0.057574006,-0.631226605,9.783773232,-0.605862707,20.19336975563268,32,83,18,21
9.81,-0.287690967,0.003182888,-0.418854088,-0.510630846,9.787798405,-0.329609245,-0.023793183,0.233777952,0.002993237,0.55233258,0.596123815,0.413123816,0.410966888,2.568395972,-1.508781314,0.671636879,12.35625076,-47.40000153,19.70625114,202.57479,,,,88.53112204,24.373245084,Bump,,-0.819541767,9.838688612,-0.576072045,1.931250095,-62.88750076,4.40625,-0.031276277,0.23591598,0.003909535,-0.819541767,9.838688612,-0.576072045,20.210836488149837,32,83,18,21
9.82,-0.091289014,-0.00919342,0.202816755,-0.512696177,9.787707806,-0.329110175,-0.009132429,0.230845803,-0.018631376,0.552669734,0.59656328,0.412616611,0.410385057,2.570920706,-1.508631587,0.672268897,14.32500076,-48.60000229,16.55625153,198.8121077,,,,88.53112196,24.373244976,Bump,,-0.490050077,9.602397346,0.046899321,3.881250143,-64.08750153,1.256250024,-0.016615522,0.232983825,-0.017715079,-0.490050077,9.602397346,0.046899321,20.18426393012535,32,83,18,21
9.83,0.028300181,-0.091654301,0.519127712,-0.514211565,9.787802219,-0.323873609,-0.04535671,0.255494189,0.014966188,0.553224206,0.596989661,0.412093222,0.409542963,2.579514384,-1.508787751,0.678483605,12.22500038,-46.96875,16.05000114,198.866149,0.002639771,996.4807739,,88.53112188,24.373244868,Bump,,-0.53455658,9.652646828,0.077048889,1.781250119,-62.45625305,0.75,-0.052839804,0.257632226,0.015882484,-0.53455658,9.652646828,0.077048889,20.18300551126943,32,83,18,21
9.84,0.005082667,0.023055077,0.092013717,-0.518325031,9.787529945,-0.325581491,-0.065454161,0.252836934,0.038545567,0.55344367,0.597524881,0.411571681,0.408990115,2.580738068,-1.508339643,0.67784971,13.96875095,-48.41250229,18.05625153,200.4538408,,,,88.5311218,24.37324476,Bump,,-0.695114985,9.541978598,-0.573081024,3.525000095,-63.90000153,2.756250143,-0.072937255,0.254974955,0.039461865,-0.695114985,9.541978598,-0.573081024,20.209127550248144,32,83,18,21
9.85,-0.277252167,-0.160043716,-0.295714438,-0.52375254,9.787046909,-0.331339061,-0.030512696,0.228280169,0.00849102,0.553476065,0.598119676,0.41104348,0.408607751,2.577531815,-1.50755626,0.673079491,13.27500057,-46.21875,19.23750114,202.5984071,,,,88.53112172,24.373244652,Bump,,-0.856630516,9.728259659,-0.407258409,2.831250191,-61.70625305,3.937500238,-0.037995789,0.230418193,0.009407317,-0.856630516,9.728259659,-0.407258409,20.199819652648248,32,83,18,21
9.86,-0.243709385,-0.003333092,0.155963063,-0.529086858,9.7867136,-0.332691848,-0.029016078,0.238389984,-0.006261364,0.553610474,0.598626643,0.410636127,0.408092469,2.580261946,-1.507020354,0.674219668,11.68125057,-46.76250076,16.93125153,199.9037509,,,,88.53112164,24.373244544,Bump,,-0.627876651,9.751230812,0.064127646,1.237500072,-62.25000381,1.631250024,-0.036499171,0.240528006,-0.005345067,-0.627876651,9.751230812,0.064127646,20.207536095857108,32,83,18,21
9.87,-0.105042756,0.040483952,0.369575217,-0.532803893,9.786604881,-0.329965279,-0.053603384,0.261877728,0.014844014,0.553982139,0.599106014,0.410167471,0.407355279,2.587101221,-1.506846309,0.678970397,12.05625057,-48.46875381,17.19375038,199.5315735,0.00793457,996.4803467,,88.53112156,24.373244436,Bump,,-0.672383159,9.735796928,-0.211764805,1.612500072,-63.95625305,1.893750072,-0.061086477,0.264015764,0.015760311,-0.672383159,9.735796928,-0.211764805,20.19739309354415,32,83,18,21
9.88,-0.247306049,-0.005187988,-0.179892287,-0.538440824,9.78613472,-0.334697783,-0.051037752,0.249782604,0.008491021,0.554162592,0.599819273,0.409474805,0.406756639,2.585444212,-1.506102145,0.675092161,12.52500057,-46.48125076,19.55625153,202.8181547,,,,88.53112148,24.373244328,Bump,,-0.8432307,9.751709366,-0.626440978,2.081250191,-61.95000076,4.256250381,-0.058520846,0.251920637,0.009407318,-0.8432307,9.751709366,-0.626440978,20.18985608132956,32,83,18,21
9.89,-0.259952962,-0.03901577,-0.186607003,-0.54351294,9.785639286,-0.340930566,-0.027794348,0.220674898,-0.008552107,0.554249376,0.600467414,0.408840194,0.406320244,2.581360579,-1.505325437,0.669170648,16.78125,-48.95625305,18.35625076,200.55364,,,,88.5311214,24.37324422,Bump,,-0.730289459,9.621539879,-0.285703016,6.337500095,-64.4437561,3.056250095,-0.035277441,0.222812932,-0.00763581,-0.730289459,9.621539879,-0.285703016,20.21276409270697,32,83,18,21
9.9,-0.130155981,-0.107363701,0.506475747,-0.547578543,9.785540104,-0.33726649,-0.027824891,0.229257554,0.006169734,0.554549038,0.600856811,0.408521503,0.405655757,2.58954668,-1.505170226,0.675657481,12.63750076,-46.46250153,16.85625076,199.9403958,,,,88.53112132,24.373244112,Bump,,-0.633499786,9.620941639,0.333798759,2.193750143,-61.93125153,1.556250095,-0.035307984,0.231395578,0.007086031,-0.633499786,9.620941639,0.333798759,20.21197663515876,32,83,18,21
9.91,0.065279931,0.063785553,0.680899799,-0.550186872,9.785551071,-0.332689434,-0.072692908,0.283441253,0.024129159,0.554917097,0.601191223,0.408192188,0.40498805,2.59773612,-1.505187511,0.682121098,11.64375019,-46.05000305,17.96250153,201.3090238,0.005279541,996.4804688,,88.53112124,24.373244004,Bump,,-0.615433985,9.902935791,-0.00765703,1.200000048,-61.53750229,2.662500143,-0.080176001,0.285579279,0.025045456,-0.615433985,9.902935791,-0.00765703,20.207787858834177,32,83,18,21
9.92,-0.148313254,0.197796345,0.003797263,-0.552291125,9.785300732,-0.336517751,-0.076449727,0.273239818,-0.012156209,0.555164874,0.60172525,0.407536015,0.404515684,2.594363332,-1.50479883,0.676805824,14.53125095,-47.83125305,16.42500114,198.9522024,,,,88.53112116,24.373243896,Bump,,-0.687697232,9.886185837,-0.971964526,4.087500095,-63.30000305,1.125,-0.08393282,0.275377843,-0.011239912,-0.687697232,9.886185837,-0.971964526,20.1908858054892,32,83,18,21
9.93,-0.038657755,0.112557411,-0.682045996,-0.55171296,9.784900665,-0.348873466,-0.014263693,0.219972405,-0.027672175,0.555501789,0.602543801,0.40628846,0.404089347,2.577732205,-1.504182875,0.657296687,12.18750095,-47.88750076,17.60625076,200.1863848,,,,88.53112107999999,24.373243788,Bump,,-0.353539541,9.741180897,-0.677767023,1.743750095,-63.37500381,2.306250095,-0.021746786,0.222110435,-0.026755877,-0.353539541,9.741180897,-0.677767023,20.203609226674764,32,83,18,21
9.94,0.226811156,-0.010880947,0.149915427,-0.550136179,9.784913063,-0.351017892,-0.016187917,0.204028834,0.024740023,0.556094915,0.603135437,0.40531069,0.403372347,2.573661208,-1.504202545,0.650299996,12.82500076,-46.96875,18.09375,201.0681587,,,,88.531121,24.37324368,Bump,,-0.327816701,9.638768196,0.277088865,2.400000095,-62.45625305,2.793750048,-0.02367101,0.206166863,0.025656321,-0.327816701,9.638768196,0.277088865,20.1944389558776,32,83,18,21
9.95,0.10911499,-0.047997952,0.741148382,-0.553152144,9.784973145,-0.344546705,-0.072295845,0.260411656,0.047830712,0.556635261,0.603590012,0.404823408,0.402435392,2.584518552,-1.504294455,0.658699006,12.09375095,-43.55625153,19.70625114,204.3435278,-0.015853882,996.4830933,,88.53112091999999,24.373243572,Bump,,-0.658026233,9.812965631,0.204586335,1.668750048,-59.02500153,4.40625,-0.079778939,0.26254968,0.048747009,-0.658026233,9.812965631,0.204586335,20.183663282933065,32,83,18,21
9.96,-0.315985471,0.17431736,-0.210113503,-0.559627801,9.784397602,-0.350368217,-0.085490525,0.265420744,0.007757983,0.556740493,0.604321659,0.404138952,0.401879251,2.582238674,-1.503417432,0.654301673,12.28125095,-45.54375076,18.0,201.5651392,,,,88.53112084,24.373243464,Bump,,-0.88821578,9.927821159,-0.909272617,1.837500095,-61.03125381,2.700000048,-0.092973618,0.267558777,0.00867428,-0.88821578,9.927821159,-0.909272617,20.21669254301849,32,83,18,21
9.97,-0.25627479,0.041710854,-0.783525884,-0.562734187,9.783717155,-0.364135429,-0.015577052,0.229685158,-0.028863361,0.556853145,0.605187565,0.403037667,0.401525974,2.567277312,-1.502393723,0.636859953,11.60625076,-48.97500229,15.75000095,197.8274094,,,,88.53112076,24.373243356,Bump,,-0.7326823,9.764152145,-0.904965532,1.162500024,-64.4437561,0.450000018,-0.023060146,0.231823184,-0.027947064,-0.7326823,9.764152145,-0.904965532,20.18547274523676,32,83,18,21
9.98,-0.030811906,0.06883049,0.080290556,-0.562753618,9.783662796,-0.365560502,-0.009743293,0.224126288,-0.016676609,0.557167947,0.605563343,0.402474165,0.40108785,2.565503597,-1.502313852,0.633364797,12.67500019,-47.17500305,17.86875153,200.7454772,,,,88.53112068,24.373243248,Bump,,-0.303888477,9.722038507,0.263808688,2.231250048,-62.66250229,2.568750143,-0.017226387,0.226264316,-0.015760311,-0.303888477,9.722038507,0.263808688,20.21800949415283,32,83,18,21
9.99,0.339670777,0.01543808,0.789772898,-0.559494883,9.784071445,-0.35957928,-0.08072578,0.286312324,0.002382373,0.557861924,0.60582,0.401881069,0.400329411,2.570381403,-1.50292486,0.63590458,12.97500038,-47.17500305,17.86875153,200.7454772,-0.036987305,996.4856567,,88.5311206,24.37324314,Bump,,-0.211525524,9.761759377,0.191904371,2.53125,-62.66250229,2.568750143,-0.088208875,0.288450348,0.00329867,-0.211525524,9.761759377,0.191904371,20.19784023091832,32,83,18,21
10.0,0.338514641,0.084342003,0.008570701,-0.555425137,9.784203053,-0.362266898,-0.091935148,0.279623352,0.008857539,0.558685333,0.60651359,0.400574297,0.399439394,2.563656092,-1.503123522,0.625401467,13.27500057,-46.21875,19.23750114,202.5984071,,,,88.53112052,24.373243032,Bump,,-0.286181593,9.836415291,-1.228953743,2.831250191,-61.70625305,3.937500238,-0.099418243,0.281761371,0.009773836,-0.286181593,9.836415291,-1.228953743,20.187405317153544,32,83,18,21
10.01,0.186699271,0.077720642,-1.119854331,-0.554237992,9.783559799,-0.380984142,-0.021838416,0.208243805,0.024373505,0.559165776,0.607688427,0.398713946,0.398842528,2.539394498,-1.502161264,0.596947879,11.64375019,-45.33750153,17.58750153,201.2024646,,,,88.53112044,24.373242924,Bump,,-0.415154733,9.773483992,-1.298106268,1.200000048,-60.80625153,2.287500143,-0.029321509,0.21038183,0.025289802,-0.415154733,9.773483992,-1.298106268,20.201676037895133,32,83,18,21
10.02,0.052927762,-0.043339252,-0.227514237,-0.556366354,9.783125877,-0.38896212,-0.001679878,0.211420304,0.025350889,0.559547722,0.60852176,0.397577688,0.398170203,2.531462669,-1.501517534,0.585932761,11.64375019,-45.33750153,17.58750153,201.2024646,,,,88.53112036,24.373242816,Bump,,-0.624526703,9.651689529,-0.072263242,1.200000048,-60.80625153,2.287500143,-0.009162971,0.213558325,0.026267185,-0.624526703,9.651689529,-0.072263242,20.214917833435056,32,83,18,21
10.03,-0.137754798,-0.05480814,0.686991513,-0.56008181,9.783102512,-0.38417688,-0.072692909,0.266489759,0.001679878,0.55989185,0.608892918,0.397247523,0.397447914,2.540371656,-1.5014835,0.593040735,14.36250019,-47.55000305,17.66250038,200.3775689,-0.042266846,996.4863281,,88.53112028,24.373242708,Bump,,-0.640797901,9.697631454,0.102412805,3.937500238,-63.01875305,2.362500191,-0.080176002,0.268627781,0.002596175,-0.640797901,9.697631454,0.102412805,20.209288995456383,32,83,18,21
10.04,-0.053187609,0.038765907,-0.249812901,-0.56186083,9.782744408,-0.390653074,-0.091232654,0.288511431,-0.004581486,0.560269684,0.609639168,0.396215618,0.396800876,2.534054995,-1.500957608,0.583864748,12.76875019,-47.02500153,17.85000038,200.7860268,,,,88.5311202,24.3732426,Bump,,-0.616151825,9.807581663,-1.016351387,2.34375,-62.51250076,2.550000191,-0.098715749,0.290649462,-0.003665189,-0.616151825,9.807581663,-1.016351387,20.212262445914455,32,83,18,21
10.05,0.025954127,0.003505707,-0.966614306,-0.562950909,9.782172203,-0.403213769,-0.023793183,0.244773519,0.003970621,0.560520232,0.610462308,0.395016819,0.396376789,2.520044088,-1.5001266,0.567100644,12.76875019,-47.02500153,17.85000038,200.7860268,,,,88.53112012,24.373242492000003,Bump,,-0.4575077,9.772766113,-1.171047401,2.34375,-62.51250076,2.550000191,-0.031276277,0.246911547,0.004886918,-0.4575077,9.772766113,-1.171047401,20.20635133466843,32,83,18,21
10.06,0.082803845,-0.006045818,-0.513028115,-0.56232962,9.781932831,-0.409825712,-0.007330377,0.227088984,-0.001832594,0.560915828,0.611085832,0.394011229,0.395856723,2.511799097,-1.49978143,0.556259245,13.03125095,-44.47500229,18.45000076,202.5306191,,,,88.53112003999999,24.373242384,Bump,,-0.446500707,9.693324471,-0.264167626,2.587500095,-59.96250153,3.150000095,-0.014813471,0.22922701,-0.000916,-0.446500707,9.693324471,-0.264167626,20.207691062580714,32,83,18,21
10.07,0.149292424,-0.134298801,0.234362543,-0.561420441,9.78196764,-0.410241067,-0.054825115,0.274705899,-6.11e-05,0.561516523,0.611645997,0.393082127,0.395062804,2.510545135,-1.499831796,0.552065521,12.63750076,-46.55625153,17.77500153,200.896668,-0.055480957,996.4876099,,88.53111996,24.373242276000003,Bump,,-0.400199592,9.557531834,-0.384646244,2.193750143,-62.04375076,2.475000143,-0.062308208,0.276843917,0.000855,-0.400199592,9.557531834,-0.384646244,20.21396782606261,32,83,18,21
10.08,0.112892583,-0.049646378,-0.344385684,-0.561984867,9.781570911,-0.418820083,-0.079565138,0.275958166,0.020005821,0.562024653,0.61252901,0.391741261,0.394303188,2.501155138,-1.499264777,0.539110214,12.97500038,-47.53125,17.02500153,199.7067846,,,,88.53111987999999,24.373242168,Bump,,-0.468036103,9.675617599,-1.241396391,2.53125,-63.01875305,1.725000024,-0.087048231,0.278096184,0.020922119,-0.468036103,9.675617599,-1.241396391,20.18998672035437,32,83,18,21
10.09,0.031407207,-0.020041466,-0.916091561,-0.563780993,9.780703068,-0.436323792,-0.032467463,0.240375283,0.014355322,0.562370062,0.613678724,0.390055254,0.393694147,2.482967734,-1.498036683,0.517047256,13.63125038,-44.47500229,18.43125153,202.5100083,,,,88.5311198,24.373242060000003,Bump,,-0.624526709,9.64367342,-1.128215864,3.187500238,-59.96250153,3.131250143,-0.039950557,0.24251332,0.01527162,-0.624526709,9.64367342,-1.128215864,20.199576998545727,32,83,18,21
10.1,0.078552514,-0.014617443,0.018444464,-0.565011561,9.780420303,-0.441050887,-0.014630211,0.229624069,0.005314524,0.562793255,0.614359856,0.38906233,0.393009052,2.478791595,-1.497640908,0.510028154,18.03750038,-49.14375305,14.79375076,196.753378,,,,88.53111971999999,24.373241952,Bump,,-0.453200614,9.63685379,-0.130169554,7.593750477,-64.61250305,-0.506250024,-0.022113305,0.231762096,0.006230821,-0.453200614,9.63685379,-0.130169554,20.188848377672784,32,83,18,21
10.11,0.082439214,-0.032769203,0.547429055,-0.566632181,9.780508995,-0.436983213,-0.059712033,0.274583712,0.017867795,0.563334465,0.614831209,0.388423413,0.392127544,2.48466444,-1.497764945,0.513316005,13.35000038,-46.55625153,17.11875153,200.1884944,-0.047561646,996.4869385,,88.53111964,24.373241844,Bump,,-0.512542617,9.816315651,-0.031106696,2.90625,-62.02500153,1.818750024,-0.067195126,0.276721753,0.018784092,-0.512542617,9.816315651,-0.031106696,20.219506720319867,32,83,18,21
10.12,-0.069808424,-0.107263565,-0.133213222,-0.569925666,9.780151367,-0.44070071,-0.076938419,0.296452677,0.025839581,0.563607514,0.615446508,0.387664407,0.391520709,2.483370304,-1.497265458,0.509715915,13.65000057,-45.46875,17.58750153,201.1466775,,,,88.53111956,24.373241736,Bump,,-0.643669277,9.762716293,-1.110867918,3.206250191,-60.95625305,2.287500143,-0.084421511,0.298590708,0.026755877,-0.643669277,9.762716293,-1.110867918,20.217762373587465,32,83,18,21
10.13,-0.20131436,0.035660744,-0.88332954,-0.572832555,9.779420853,-0.452943772,-0.018784092,0.256135604,-0.014233149,0.563782483,0.61627847,0.386532009,0.391079217,2.472560525,-1.496259868,0.496262357,16.14375114,-47.55000305,15.45000076,198.0000743,,,,88.53111948,24.373241628,Bump,,-0.830309463,9.64307518,-1.402672625,5.700000286,-63.03750229,0.150000006,-0.026267185,0.258273622,-0.013316852,-0.830309463,9.64307518,-1.402672625,20.18157707245474,32,83,18,21
10.14,-0.117755085,-0.102791786,-0.651592523,-0.574602097,9.778724194,-0.465596899,-0.001374446,0.232892197,-0.027183483,0.564052314,0.617150366,0.38525562,0.390574425,2.460608006,-1.495310545,0.481315538,13.53750038,-46.95000076,17.4375,200.3752859,,,,88.5311194,24.37324152,Bump,,-0.495792842,9.450692368,-0.516849694,3.112500191,-62.43750381,2.137500048,-0.008857539,0.235030223,-0.026267185,-0.495792842,9.450692368,-0.516849694,20.208223006900628,32,83,18,21
10.15,0.203320518,-0.267242432,0.280926973,-0.57434231,9.778692722,-0.466568992,-0.047861255,0.261877725,0.017898338,0.564620107,0.617733032,0.384303451,0.389770091,2.459364533,-1.49526906,0.47710073,14.06250095,-46.53750229,16.46250153,199.4810802,-0.010574341,996.4825439,,88.53111932,24.373241412,Bump,,-0.297308207,9.5252285,-0.004785645,3.618750095,-62.00625229,1.162500024,-0.05534435,0.264015764,0.018814636,-0.297308207,9.5252285,-0.004785645,20.217009932696627,32,83,18,21
10.16,0.201653823,-0.0556283,0.228814185,-0.576654673,9.778525352,-0.467212841,-0.078404495,0.288877958,0.048441577,0.565188497,0.618457466,0.383290261,0.388793901,2.460656285,-1.495043218,0.475034684,15.11250019,-46.51875305,16.46250153,199.4883403,,,,88.53111924,24.373241304,Bump,,-0.532163751,9.761280632,-0.556091985,4.668750286,-62.00625229,1.162500024,-0.085887589,0.291015983,0.049357875,-0.532163751,9.761280632,-0.556091985,20.18722301380509,32,83,18,21
10.17,-0.169605076,0.080881119,-0.50908947,-0.581486493,9.777823448,-0.47584939,-0.035277441,0.264962599,0.013286309,0.565463215,0.619356513,0.382158279,0.388077021,2.455777764,-1.494102538,0.467057288,14.36250019,-46.89375305,15.63750076,198.441821,,,,88.53111915999999,24.373241196,Bump,,-0.809731197,9.696674347,-1.099741268,3.918750048,-62.36250305,0.337500006,-0.042760534,0.267100625,0.014202606,-0.809731197,9.696674347,-1.099741268,20.202721040778396,32,83,18,21
10.18,-0.292103529,-0.226939678,-0.47128062,-0.584976792,9.777280331,-0.482680172,0.01395826,0.249660435,-0.027183482,0.565720081,0.620085865,0.381207258,0.387472883,2.451716661,-1.493383348,0.460389897,15.46875095,-47.4375,15.31875038,197.8965606,,,,88.53111908,24.373241088,Bump,,-0.876969501,9.459426165,-0.761515811,5.025000095,-62.90625381,0.018750001,0.006475167,0.25179846,-0.026267185,-0.876969501,9.459426165,-0.761515811,20.21662658145394,32,83,18,21
10.19,-0.178962648,-0.38597393,-0.032148182,-0.587822556,9.777037621,-0.484129012,-0.024281875,0.268230721,-0.005681042,0.565928996,0.620518982,0.380692482,0.386980295,2.45262742,-1.493063331,0.45961076,15.09375095,-46.95000076,16.01250076,198.8321645,0.00793457,996.4801636,,88.53111899999999,24.37324098,Bump,,-0.561834759,9.335836983,-0.444107878,4.650000095,-62.43750381,0.712500036,-0.031764968,0.270368749,-0.004764745,-0.561834759,9.335836983,-0.444107878,20.18137261454652,32,83,18,21
10.2,0.067522019,-0.268752098,0.026798621,-0.590016603,9.77674818,-0.487304255,-0.072998341,0.288480893,0.030237806,0.566270053,0.621109962,0.379874691,0.386336252,2.451249957,-1.492684484,0.455778703,14.77500057,-46.875,14.98125076,197.7238806,,,,88.53111892,24.373240872,Bump,,-0.57571311,9.649296761,-0.761874729,4.331250191,-62.34375381,-0.318750024,-0.080481434,0.290618911,0.031154104,-0.57571311,9.649296761,-0.761874729,20.20792656469785,32,83,18,21
10.21,0.006912857,0.007719994,-0.429211855,-0.594076902,9.776011944,-0.497034982,-0.044562586,0.265298572,0.020586143,0.566601992,0.622057974,0.378593698,0.385580927,2.444906235,-1.491728842,0.446031675,15.71250057,-44.94375229,16.3125,199.9485519,,,,88.53111883999999,24.373240764,Bump,,-0.684347272,9.701699495,-1.031904757,5.268750191,-60.43125153,1.012500048,-0.052045679,0.2674366,0.02150244,-0.684347272,9.701699495,-1.031904757,20.19195152812145,32,83,18,21
10.22,-0.100855261,0.017651558,-0.28839463,-0.597321719,9.775513649,-0.502907962,0.00641408,0.23625195,0.001985311,0.566941023,0.622813374,0.377569035,0.384867385,2.44179678,-1.491088092,0.440015137,14.11875057,-48.09375381,17.36250114,199.8502738,,,,88.53111876,24.373240656,Bump,,-0.674775994,9.75218792,-0.370408943,3.693750143,-63.58125305,2.0625,-0.001069013,0.23838998,0.002901608,-0.674775994,9.75218792,-0.370408943,20.217082862262146,32,83,18,21
10.23,-0.115451187,-0.093851089,0.401669189,-0.601451606,9.775556087,-0.49712415,-0.006933315,0.263588148,0.011911863,0.567338377,0.623229176,0.377161607,0.38400729,2.45087707,-1.49114275,0.446963415,16.80000114,-45.52500153,17.92500114,201.4915299,0.0,996.4811401,,88.53111867999999,24.373240548,Bump,,-0.786281526,9.616275406,-0.034935211,6.356250286,-61.01250076,2.625,-0.014416409,0.265726176,0.01282816,-0.786281526,9.616275406,-0.034935211,20.219033461721747,32,83,18,21
10.24,-0.274358749,-0.110099792,0.195769772,-0.607799739,9.775311947,-0.49420099,-0.046761698,0.295597464,0.004459313,0.567591339,0.623748153,0.376732424,0.38321127,2.458915114,-1.490830481,0.452952504,14.90625095,-47.08125305,14.75625038,197.4020833,,,,88.5311186,24.37324044,Bump,,-0.884147972,9.645467997,-0.63888365,4.462500095,-62.56875229,-0.543750048,-0.054244793,0.297735488,0.00537561,-0.884147972,9.645467997,-0.63888365,20.218098643242488,32,83,18,21
10.25,-0.312215447,-0.141366959,-0.570419014,-0.613116235,9.774559975,-0.502442256,-0.028405211,0.271376677,-0.018020511,0.567757726,0.624549985,0.375762448,0.382610649,2.455087066,-1.489875793,0.446513012,12.84375095,-45.1875,18.1875,201.9242737,,,,88.53111851999999,24.373240332,Bump,,-0.831266582,9.566026497,-1.125583768,2.400000095,-60.65625381,2.887500048,-0.035888306,0.273514703,-0.017104214,-0.831266582,9.566026497,-1.125583768,20.19950932233258,32,83,18,21
10.26,0.026581287,0.220628738,-0.417516053,-0.614974678,9.774158478,-0.507952988,0.000519,0.242940921,-0.000183,0.568027616,0.625138879,0.374908447,0.38208589,2.451213121,-1.4893713,0.44034034,16.10625076,-45.86250305,15.82500076,199.0371552,,,,88.53111844,24.373240224,Bump,,-0.666401118,9.547362566,-0.553340226,5.662500381,-61.35000229,0.525000036,-0.006963858,0.245078948,0.000733,-0.666401118,9.547362566,-0.553340226,20.215338299854626,32,83,18,21
10.27,0.040231064,-0.105446815,0.237530053,-0.617296338,9.774161339,-0.505066365,-0.013408482,0.270552015,0.014110976,0.568374425,0.625509053,0.374448597,0.381414518,2.45586133,-1.489374757,0.443092614,13.05000019,-46.44375229,16.21875,199.2498522,0.005279541,996.4806519,,88.53111836,24.373240116,Bump,,-0.604426998,9.608618546,0.099541419,2.606250048,-61.91250229,0.918750048,-0.020891575,0.27269004,0.015027274,-0.604426998,9.608618546,0.099541419,20.21508567879669,32,83,18,21
10.28,-0.078021169,-0.002931118,0.584820449,-0.620222449,9.774351597,-0.49774842,-0.060322897,0.282983109,0.008399391,0.568849057,0.625872195,0.374040782,0.380510375,2.465309739,-1.489613533,0.450338021,12.16875076,-42.91875076,16.93125153,201.5290083,,,,88.53111828,24.373240008,Bump,,-0.748474932,9.86273632,-0.291445792,1.725000024,-58.38750076,1.631250024,-0.067805991,0.285121135,0.009315688,-0.748474932,9.86273632,-0.291445792,20.194670403524217,32,83,18,21
10.29,-0.155270427,0.061009884,-0.140790507,-0.624715209,9.773978233,-0.499466866,-0.034177884,0.260533831,0.009590577,0.569130063,0.626486301,0.373318136,0.379788533,2.467151165,-1.489145041,0.449774459,14.36250019,-44.04375076,18.22500038,202.4794345,,,1.617414117,88.5311182,24.3732399,Bump,,-0.761515811,9.846465111,-0.78664045,3.918750048,-59.51250076,2.925000191,-0.041660977,0.262671852,0.010506874,-0.761515811,9.846465111,-0.78664045,20.21583498940874,32,83,18,21
10.3,-0.239443868,0.083157539,-0.003111094,-0.630925268,9.773542404,-0.500193551,0.00442877,0.239642251,0.014599668,0.569337964,0.627095073,0.37271969,0.379059359,2.471259356,-1.488600731,0.451676682,15.35625076,-44.55000305,18.03750038,202.0421457,,,,88.5311182,24.3732399,Bump,,-0.859501898,9.829715538,-0.131605245,4.912500381,-60.03750229,2.737500191,-0.003054324,0.241780275,0.015515965,-0.859501898,9.829715538,-0.131605245,20.185095727320668,32,83,18,21
10.31,-0.271624893,0.019758224,0.643622935,-0.636042565,9.773692131,-0.49069345,-0.01924224,0.288939044,-0.012064579,0.569660127,0.627360612,0.372622892,0.378230333,2.484487295,-1.488787889,0.463352159,12.56250095,-46.91250229,12.07500076,194.434274,0.029067993,996.4776611,,88.5311182,24.3732399,Bump,,-0.948993444,9.710552597,0.048335017,2.118750095,-62.40000153,-3.225000143,-0.026725334,0.29107707,-0.011148282,-0.948993444,9.710552597,0.048335017,20.20853974461895,32,83,18,21
10.32,-0.307868898,-0.050820351,0.000723,-0.639070004,9.773551464,-0.489546075,-0.049938196,0.297430062,-0.039400778,0.569967687,0.627803922,0.372082859,0.377562344,2.487914681,-1.488614261,0.464766428,16.96875,-47.41875076,13.25625038,195.6187145,,,,88.5311182,24.3732399,Bump,,-0.878165901,9.466006279,-0.832104079,6.525000095,-62.88750076,-2.043750048,-0.057421289,0.299568087,-0.038484481,-0.878165901,9.466006279,-0.832104079,20.195043144329023,32,83,18,21
10.33,0.02102834,-0.145084381,-0.601349056,-0.638368964,9.773254395,-0.496364653,-0.015241076,0.258579063,-0.028771731,0.570332468,0.628379762,0.371061504,0.377058566,2.480690718,-1.488245368,0.455006212,17.86875153,-47.625,13.01250076,195.281838,,,,88.5311182,24.3732399,Bump,,-0.532642323,9.601440048,-0.876251638,7.425000191,-63.09375381,-2.287500143,-0.02272417,0.260717091,-0.027855433,-0.532642323,9.601440048,-0.876251638,20.19181776607085,32,83,18,21
10.34,0.18481946,-0.073369026,-0.141498595,-0.638092726,9.773148537,-0.498789936,-0.009315688,0.233961213,0.022601997,0.57074073,0.628856599,0.37023367,0.376458853,2.478117347,-1.488113999,0.450055569,14.85000038,-46.42500305,12.09375095,194.6010904,,,,88.5311182,24.3732399,Bump,,-0.372801769,9.599526024,-0.02584248,4.40625,-61.89375305,-3.206250191,-0.016798781,0.236099239,0.023518294,-0.372801769,9.599526024,-0.02584248,20.191124397548723,32,83,18,21
10.35,0.162920892,-0.020768642,0.647624403,-0.6397627,9.773379326,-0.49209097,-0.045784315,0.263954675,0.042943794,0.571330726,0.629285276,0.369619876,0.375449508,2.485932827,-1.488399148,0.45515871,17.08125114,-47.25,13.21875095,195.6295967,0.044921875,996.475708,,88.5311182,24.3732399,Bump,,-0.754337341,9.912267923,0.153140649,6.637500286,-62.73750305,-2.081250191,-0.053267407,0.266092694,0.043860091,-0.754337341,9.912267923,0.153140649,20.216744054067348,32,83,18,21
10.36,-0.245631933,0.226950169,0.251852676,-0.645958453,9.773173332,-0.488069668,-0.048227775,0.289366645,0.002015854,0.571593523,0.629769802,0.369221672,0.374627933,2.494532704,-1.488144398,0.461733863,17.55000114,-45.03750229,13.74375057,196.9702164,,,,88.5311182,24.3732399,Bump,,-1.107398307,9.877571869,-0.764746106,7.106250286,-60.52500153,-1.556250095,-0.055710868,0.291504669,0.002932151,-1.107398307,9.877571869,-0.764746106,20.2030373832606,32,83,18,21
10.37,-0.559876949,0.17027998,-0.52561599,-0.6521447,9.772446632,-0.494344443,-0.001069013,0.248469245,-0.045662142,0.571641833,0.630431652,0.36851868,0.374132961,2.492974758,-1.487252593,0.458204776,14.25000095,-44.85000229,14.02500057,197.3649348,,,,88.5311182,24.3732399,Bump,,-1.024606645,9.836893654,-0.83174513,3.806250095,-60.33750153,-1.275000095,-0.008552107,0.250607278,-0.044745845,-1.024606645,9.836893654,-0.83174513,20.21862656031032,32,83,18,21
10.38,-0.115712792,-0.027682781,0.143874079,-0.652600944,9.772493362,-0.492814437,0.013836087,0.260900342,-0.04648681,0.572070211,0.63082388,0.367878541,0.373446375,2.494805217,-1.487309813,0.4578273,12.41250038,-45.39375305,14.51250076,197.7292132,,,,88.5311182,24.3732399,Bump,,-0.571884602,9.650254011,0.090927263,1.987500072,-60.88125229,-0.787500024,0.006352994,0.263038379,-0.045570513,-0.571884602,9.650254011,0.090927263,20.192062650294197,32,83,18,21
10.39,0.220741808,0.130152702,0.782607764,-0.64922896,9.773207664,-0.483008727,-0.049174615,0.290924355,-0.016187917,0.572858125,0.631025553,0.367298469,0.372467458,2.501962185,-1.488187432,0.462370962,18.80625153,-43.40625,15.90000057,200.1181214,0.058135986,996.4742432,,88.5311182,24.3732399,Bump,,-0.391944343,9.830672455,0.122991088,8.381250381,-58.89375305,0.600000024,-0.05665771,0.293062374,-0.015271619,-0.391944343,9.830672455,0.122991088,20.201516717209905,32,83,18,21
10.4,0.277722001,0.072145462,0.085172027,-0.646791577,9.773379326,-0.482796162,-0.060811589,0.292420971,-0.001282816,0.573438644,0.631440818,0.366414666,0.371740431,2.500368834,-1.488400936,0.458097279,13.48125076,-44.70000076,12.60000038,195.7420401,,,,88.5311182,24.3732399,Bump,,-0.495314293,9.886545181,-0.870987445,3.056250095,-60.18750381,-2.700000048,-0.068294682,0.29455899,-0.000367,-0.495314293,9.886545181,-0.870987445,20.20965129580073,32,83,18,21
10.41,0.101483673,0.208436966,-0.530734807,-0.646477759,9.773071766,-0.489406303,-0.005589413,0.23548837,0.006047561,0.573837638,0.632061988,0.365319923,0.371145695,2.493607759,-1.488019228,0.44854264,14.41875076,-49.95000076,9.993750572,191.3140689,,,,88.5311182,24.3732399,Bump,,-0.575713122,9.990513039,-0.858544779,3.975000143,-65.4375,-5.306250095,-0.013072507,0.237626398,0.006963858,-0.575713122,9.990513039,-0.858544779,20.218673111857772,32,83,18,21
10.42,0.006057233,0.170127392,-0.0258165,-0.646986246,9.772998333,-0.490204766,0.016951498,0.240680721,-0.003817905,0.574355423,0.632632613,0.364366665,0.370308861,2.493199706,-1.487928748,0.445169404,16.33125114,-46.55625153,14.90625095,197.7538817,,,,88.5311182,24.3732399,Bump,,-0.731725168,9.869436264,0.066999033,5.887500286,-62.02500153,-0.393750012,0.009468404,0.24281875,-0.002901608,-0.731725168,9.869436264,0.066999033,20.1986841543289,32,83,18,21
10.43,-0.164331108,0.144769192,0.72898823,-0.648758739,9.773382187,-0.480102986,-0.033200501,0.273361987,-0.018264857,0.574808061,0.632810444,0.364181861,0.36948365,2.504504085,-1.488403201,0.454788089,17.32500076,-45.07500076,15.03750038,198.4492479,0.087203979,996.4710083,,88.5311182,24.3732399,Bump,,-0.804586619,9.796814203,0.128016008,6.900000095,-60.54375076,-0.262500018,-0.040683594,0.275500017,-0.01734856,-0.804586619,9.796814203,0.128016008,20.209887604430616,32,83,18,21
10.44,-0.087095827,0.200703621,0.219421029,-0.650231063,9.773449898,-0.476720795,-0.053359038,0.28875578,-0.016065744,0.575240731,0.633201361,0.363604859,0.368707865,2.508959413,-1.488487244,0.457002118,14.30625057,-47.23125076,14.15625095,196.6846368,,,,88.5311182,24.3732399,Bump,,-0.726460946,9.923514175,-0.589112937,3.881250143,-62.70000076,-1.143750072,-0.060842133,0.290893805,-0.015149446,-0.726460946,9.923514175,-0.589112937,20.21933424079722,32,83,18,21
10.45,-0.067888051,0.128042698,-0.33743237,-0.651055932,9.773204327,-0.48061797,-0.003817905,0.25335617,-0.014355322,0.575692683,0.633842289,0.362544447,0.367944643,2.505678177,-1.488182902,0.450711638,15.39375019,-42.375,17.04375076,201.9106033,,,,88.5311182,24.3732399,Bump,,-0.691525745,9.725388336,-0.674297422,4.950000286,-57.84375381,1.743750095,-0.011300998,0.255494192,-0.013439025,-0.691525745,9.725388336,-0.674297422,20.207774060041935,32,83,18,21
10.46,0.066385359,0.160000324,0.352895617,-0.649805367,9.773489952,-0.476465568,0.003817905,0.257357329,-0.020830489,0.576304644,0.634214729,0.361804515,0.367072195,2.508907318,-1.48853749,0.451267198,18.67500114,-44.77500153,16.23750114,199.9330033,,,,88.5311182,24.3732399,Bump,,-0.539581507,9.978668451,0.120837546,8.231250763,-60.26250076,0.93750006,-0.003665188,0.259495348,-0.019914192,-0.539581507,9.978668451,0.120837546,20.191955278425645,32,83,18,21
10.47,0.190518051,0.098431587,0.578562856,-0.647465229,9.773917198,-0.47086975,-0.04932733,0.284479725,-0.01508836,0.576855481,0.634406865,0.361302406,0.36636892,2.512809992,-1.489067793,0.453165472,16.48125076,-46.20000076,13.70625019,196.5241524,0.08190918,996.4715576,,88.5311182,24.3732399,Bump,,-0.501057059,9.821579933,-0.202911361,6.037500381,-61.66875076,-1.593750119,-0.056810424,0.286617756,-0.014172063,-0.501057059,9.821579933,-0.202911361,20.183391549621376,32,83,18,21
10.48,0.086230144,0.03091383,0.012595132,-0.646478772,9.773953438,-0.471479148,-0.033139414,0.263893582,-0.000153,0.577305436,0.634812266,0.360519826,0.365728274,2.511471987,-1.489114583,0.449477017,14.58750057,-44.13750076,14.28750038,197.9369921,,,,88.5311182,24.3732399,Bump,,-0.600119913,9.819665527,-0.764267552,4.143750191,-59.62500381,-1.012500048,-0.040622508,0.266031612,0.000764,-0.600119913,9.819665527,-0.764267552,20.217286339448627,32,83,18,21
10.49,0.008606613,0.068335533,-0.222031161,-0.648227423,9.773636341,-0.475619614,-0.007422007,0.234755337,0.012278382,0.577728152,0.635489017,0.35944967,0.364937961,2.508590221,-1.488719165,0.443536773,18.46875,-47.75625229,12.39375019,194.5485061,,,,88.5311182,24.3732399,Bump,,-0.694516763,9.783055305,-0.223728918,8.043750763,-63.24375153,-2.90625,-0.014905101,0.236893362,0.013194679,-0.694516763,9.783055305,-0.223728918,20.18367568079547,32,83,18,21
10.5,-0.104983419,0.121287346,0.637583643,-0.65135318,9.773727417,-0.469431624,-0.033811366,0.250393474,0.002626719,0.57807672,0.63579765,0.35912548,0.364166871,2.517111301,-1.488832712,0.450250059,14.83125019,-45.76875305,12.11250019,194.8232534,,,,88.5311182,24.3732399,Bump,,-0.747996354,9.85507946,0.405344158,4.40625,-61.25625229,-3.187500238,-0.041294459,0.252531502,0.003543016,-0.747996354,9.85507946,0.405344158,20.218402088104305,32,83,18,21
10.51,-0.060201615,0.124182224,0.693337291,-0.653448373,9.774059772,-0.459501654,-0.055283262,0.309555732,-0.010079269,0.57853058,0.63601017,0.358897835,0.363298357,2.528726697,-1.489247978,0.460049659,14.68125057,-46.125,13.33125019,196.1205838,0.073989868,996.4724731,,88.5311182,24.3732399,Bump,,-0.797288513,9.844550896,-0.234018053,4.237500191,-61.61250305,-1.968750119,-0.062766356,0.31169375,-0.009162971,-0.797288513,9.844550896,-0.234018053,20.205353430499112,32,83,18,21
10.52,-0.253467828,0.036287785,-0.286713168,-0.654863685,9.773830414,-0.462364852,-0.037476554,0.277393693,-0.035735589,0.578903884,0.636571139,0.358002543,0.362603784,2.526823759,-1.48895961,0.455536917,16.42500114,-45.28125,14.83125019,198.1354965,,,,88.5311182,24.3732399,Bump,,-0.882951558,9.58744216,-1.019342452,5.981250286,-60.76875305,-0.46875003,-0.044959648,0.279531723,-0.034819292,-0.882951558,9.58744216,-1.019342452,20.222665137507978,32,83,18,21
10.53,0.009734064,-0.257594585,-0.304034203,-0.654577851,9.77354908,-0.468666151,-0.002443459,0.240986157,-0.030085091,0.579337656,0.637211949,0.356840372,0.3619304,2.520220757,-1.488610208,0.445923388,16.36875153,-48.01875305,12.73125076,194.8492298,,,,88.5311182,24.3732399,Bump,,-0.530249506,9.471749115,-0.457507699,5.925000191,-63.50625229,-2.568750143,-0.009926553,0.243124183,-0.029168793,-0.530249506,9.471749115,-0.457507699,20.21799978636552,32,83,18,21
10.54,0.308333278,-0.170553207,0.54377234,-0.653314352,9.773775101,-0.465715945,-0.038942629,0.255158219,0.010934479,0.579814434,0.637496352,0.356241733,0.361255407,2.522293806,-1.488891959,0.445896298,15.63750076,-48.67500305,10.66875076,192.362781,,,,88.5311182,24.3732399,Bump,,-0.331405938,9.569496155,0.34337005,5.193750381,-64.14375305,-4.631250381,-0.046425723,0.25729624,0.011850777,-0.331405938,9.569496155,0.34337005,20.22685819290442,32,83,18,21
10.55,0.266628101,-0.137649536,0.755952626,-0.653413743,9.774027348,-0.460240737,-0.08072578,0.286923188,0.033047784,0.580278158,0.63776055,0.355775565,0.360502928,2.527944565,-1.48920697,0.449537873,15.24375057,-44.64375305,13.46250057,196.7808931,0.063415527,996.4735107,,88.5311182,24.3732399,Bump,,-0.599162805,9.753623772,-0.1268196,4.800000191,-60.13125229,-1.837500095,-0.088208875,0.289061219,0.033964082,-0.599162805,9.753623772,-0.1268196,20.201718180965468,32,83,18,21
10.56,-0.120711654,-0.015067577,-0.12753664,-0.657572597,9.773637295,-0.462594599,-0.043829548,0.27458372,0.012980877,0.58059451,0.638415694,0.354897335,0.359698579,2.52853334,-1.488719523,0.44737646,17.83125114,-47.96250153,11.55000019,193.5397768,,,,88.5311182,24.3732399,Bump,,-0.927936614,9.568897629,-1.023649538,7.387500286,-63.45000076,-3.750000238,-0.051312642,0.276721746,0.013897174,-0.927936614,9.568897629,-1.023649538,20.21891021457997,32,83,18,21
10.57,-0.35510236,-0.187606335,-0.463537946,-0.662141353,9.772959232,-0.470337123,-0.003878991,0.250149128,-0.029504769,0.580785036,0.639167309,0.353871346,0.35906674,2.523969531,-1.48788166,0.44011426,14.73750019,-47.96250153,10.3125,192.1345221,,,,88.5311182,24.3732399,Bump,,-0.95952189,9.537192822,-0.510867629,4.293750286,-63.43125153,-4.987500191,-0.011362085,0.252287152,-0.028588472,-0.95952189,9.537192822,-0.510867629,20.20457551218439,32,83,18,21
10.58,-0.01506725,-0.247369766,0.362725303,-0.663110912,9.772965431,-0.468838885,-0.038331765,0.274461544,-0.024373505,0.581168443,0.639551103,0.35324721,0.358376771,2.526165605,-1.487889171,0.440156698,15.39375019,-47.88750076,10.53750038,192.4099865,,,,88.5311182,24.3732399,Bump,,-0.471864629,9.377950478,0.047856452,4.950000286,-63.37500381,-4.762500286,-0.045814858,0.276599571,-0.023457207,-0.471864629,9.377950478,0.047856452,20.20770889296888,32,83,18,21
10.59,0.266649112,-0.16573,0.455659822,-0.661836296,9.773197651,-0.465794176,-0.076358099,0.295200408,0.018936808,0.581821024,0.64000541,0.352331161,0.357407242,2.528327227,-1.488174617,0.439223394,19.875,-46.29375076,11.75625038,194.2489948,0.060775757,996.473938,,88.5311182,24.3732399,Bump,,-0.417786831,9.586604691,-0.265603314,9.431250572,-61.76250076,-3.543750048,-0.083841192,0.297338426,0.019853105,-0.417786831,9.586604691,-0.265603314,20.213414558390703,32,83,18,21
10.6,0.154308155,-0.124369621,-0.223433241,-0.662598073,9.772910118,-0.470712394,-0.054580767,0.27751587,0.024251332,0.582345635,0.640746474,0.351036891,0.356497407,2.523920536,-1.487820506,0.431219012,17.94375038,-47.23125076,10.51875019,192.5552968,,,,88.5311182,24.3732399,Bump,,-0.622133881,9.600602627,-0.793220714,7.500000477,-62.71875381,-4.78125,-0.062063862,0.279653895,0.025167629,-0.622133881,9.600602627,-0.793220714,20.22292113835038,32,83,18,21
10.61,-0.045692444,-0.148911476,-0.303377062,-0.665142119,9.772526741,-0.475092679,-0.017806708,0.249782613,0.016920954,0.582596898,0.641308904,0.350193769,0.355904579,2.521351576,-1.487348914,0.426314712,15.33750057,-46.18125153,12.43125057,195.0659856,,,,88.5311182,24.3732399,Bump,,-0.65802623,9.666525078,-0.555134851,4.893750191,-61.65000153,-2.868750095,-0.025289802,0.251920637,0.017837252,-0.65802623,9.666525078,-0.555134851,20.22695503311449,32,83,18,21
10.62,-0.031849861,-0.050425529,0.060424581,-0.667529941,9.772357941,-0.475196287,-0.032833982,0.273972854,0.014660755,0.582891315,0.641750664,0.349557728,0.355250791,2.522941947,-1.487143934,0.425802484,18.01875114,-46.40625,12.05625057,194.5633743,,,,88.5311182,24.3732399,Bump,,-0.79298141,9.678967667,-0.25603202,7.575000286,-61.87500381,-3.243750095,-0.040317074,0.27611088,0.015577052,-0.79298141,9.678967667,-0.25603202,20.21799845409261,32,83,18,21
10.63,-0.13037625,-0.029201984,0.151886195,-0.671468437,9.772083759,-0.475270808,-0.057024227,0.2949866,-0.003970621,0.583209336,0.642311096,0.348814771,0.354445264,2.525645614,-1.486810446,0.425986126,19.81875038,-46.74375153,11.19375038,193.467045,0.076629639,996.472168,,88.5311182,24.3732399,Bump,,-0.765703246,9.727422476,-0.535992257,9.375,-62.23125076,-4.106250286,-0.064507322,0.29712463,-0.003054324,-0.765703246,9.727422476,-0.535992257,20.20379350180956,32,83,18,21
10.64,-0.024883837,-0.111696243,-0.208301604,-0.672707528,9.771776199,-0.479826882,-0.032223117,0.28704536,-0.016065744,0.583637685,0.642971784,0.347686142,0.353650182,2.522013068,-1.486437142,0.41922459,17.70000076,-45.75,12.07500076,194.7851661,,,,88.5311182,24.3732399,Bump,,-0.515892559,9.60670433,-0.71018976,7.256250381,-61.23750305,-3.225000143,-0.03970621,0.289183396,-0.015149446,-0.515892559,9.60670433,-0.71018976,20.203937333246365,32,83,18,21
10.65,0.202470422,-0.042425632,-0.080551907,-0.671383888,9.771698952,-0.483234286,-0.023518294,0.259006664,0.009926553,0.584256083,0.643618107,0.346390963,0.35272333,2.517728686,-1.486345172,0.411321163,17.79375076,-47.02500153,10.74375057,192.8694189,,,,88.5311182,24.3732399,Bump,,-0.381415921,9.630154037,-0.384765881,7.350000381,-62.51250076,-4.556250095,-0.031001387,0.26114469,0.01084285,-0.381415921,9.630154037,-0.384765881,20.21677146585168,32,83,18,21
10.66,0.344890207,0.038715363,0.221912473,-0.671243578,9.771730423,-0.482802466,-0.045051278,0.287411886,0.039278606,0.584907711,0.644233972,0.345233858,0.351651788,2.518053532,-1.486381948,0.408017009,18.07500076,-46.95000076,9.712500572,191.6878564,,,,88.5311182,24.3732399,Bump,,-0.439681165,9.847063303,-0.275174603,7.631250381,-62.41875076,-5.587500095,-0.052534371,0.289549905,0.040194903,-0.439681165,9.847063303,-0.275174603,20.19714383549336,32,83,18,21
10.67,-0.033612788,0.227581024,-0.11188744,-0.674421102,9.771340847,-0.486244425,-0.062002775,0.27794347,0.03130682,0.585305452,0.644943655,0.344141617,0.350758612,2.516926765,-1.485912025,0.403672144,18.01875114,-47.00625229,9.46875,191.3890211,0.076629639,996.4720459,,88.5311182,24.3732399,Bump,,-0.797288513,9.831629562,-0.790110034,7.575000286,-62.47500229,-5.831250191,-0.069485867,0.280081503,0.032223116,-0.797288513,9.831629562,-0.790110034,20.19239441660848,32,83,18,21
10.68,-0.112110257,0.136511803,-0.435405761,-0.677184403,9.770792961,-0.493379295,-0.053236866,0.25356997,-0.004459313,0.585483491,0.645541489,0.343224406,0.350260317,2.511945248,-1.485254765,0.396406472,16.78125,-45.46875,11.26875019,193.9194386,,,,88.5311182,24.3732399,Bump,,-1.012642527,9.503812981,-0.461814767,6.337500095,-60.93750381,-4.03125,-0.060719959,0.255707994,-0.003543016,-1.012642527,9.503812981,-0.461814767,20.20250089268643,32,83,18,21
10.69,-0.31800437,-0.306267262,0.142244175,-0.681621671,9.770106792,-0.500785202,-0.124708048,0.263588148,0.008735367,0.585413873,0.646009803,0.342672288,0.350053608,2.50796032,-1.484440029,0.391208768,20.28750038,-44.96250153,11.26875019,194.0699698,,,,88.5311182,24.3732399,Bump,,-0.40558343,9.480961561,-0.679561645,9.84375,-60.43125153,-4.03125,-0.132191138,0.265726188,0.009651663,-0.40558343,9.480961561,-0.679561645,20.200005273878556,32,83,18,21
10.7,0.458112121,0.009931564,-0.288908124,-0.686509609,9.769507408,-0.505774915,0.015118903,0.323758326,0.10476331,0.585884959,0.646950185,0.341258645,0.348907351,2.506635427,-1.483734846,0.385745585,15.07500076,-45.82500076,9.825000763,192.1011617,,,,88.5311182,24.3732399,Bump,,-0.582891607,10.30732288,-0.421136779,4.650000095,-61.29375076,-5.475000381,0.00763581,0.32589636,0.105679607,-0.582891607,10.30732288,-0.421136779,20.200349298640973,32,83,18,21
10.71,-0.391946226,0.7035079,0.337876111,-0.691428214,9.769566059,-0.497878537,0.014691298,0.287289703,-0.018875722,0.586354405,0.647441149,0.340694845,0.347757742,2.517522335,-1.483803093,0.393852025,16.65000153,-47.34375,12.22500038,194.4785295,0.052841187,996.4749146,,88.5311182,24.3732399,Bump,,-1.208973616,10.39202881,-0.208175573,6.206250191,-62.81250381,-3.075000048,0.007208204,0.289427727,-0.017959425,-1.208973616,10.39202881,-0.208175573,20.19756186207592,32,83,18,21
10.72,-0.364599705,0.145468235,-0.153757021,-0.691030562,9.769741535,-0.494988099,-0.001313359,0.261633384,-0.085337809,0.586711466,0.647665381,0.340238467,0.347184196,2.520008802,-1.484009147,0.394664511,18.88125038,-45.16875076,12.46875095,195.4320696,,,,88.5311182,24.3732399,Bump,,-0.848494911,9.4473423,-0.905444098,8.4375,-60.65625381,-2.831250191,-0.008796453,0.263771409,-0.084421512,-0.848494911,9.4473423,-0.905444098,20.189360482499342,32,83,18,21
10.73,0.184872478,-0.594720364,-0.33251068,-0.692127138,9.769436836,-0.499454111,0.008857539,0.275958166,0.01847866,0.587218672,0.648385972,0.338945612,0.346244797,2.516502738,-1.48365134,0.387552217,17.00625038,-43.55625153,13.25625038,196.927513,,,,88.5311182,24.3732399,Bump,,-0.397687125,9.173603439,-0.51972108,6.581250191,-59.04375076,-2.043750048,0.001374446,0.278096184,0.019394957,-0.397687125,9.173603439,-0.51972108,20.187627688593185,32,83,18,21
10.74,0.155409217,0.019706249,0.334635094,-0.695505112,9.769086361,-0.501608878,-0.080359261,0.287167531,0.052839802,0.587649256,0.64909339,0.337844014,0.345264256,2.516769886,-1.483241856,0.384460345,16.16250038,-43.72500229,13.29375076,196.9108912,,,,88.5311182,24.3732399,Bump,,-0.671784967,9.769296646,-0.269192541,5.71875,-59.19375229,-2.006250143,-0.087842356,0.28930555,0.053756102,-0.671784967,9.769296646,-0.269192541,20.22550122919669,32,83,18,21
10.75,0.144977272,0.293328285,-0.229788482,-0.697827578,9.768563271,-0.508504033,-0.080725781,0.262977284,0.02791652,0.587872028,0.649694741,0.336862087,0.344713122,2.511866331,-1.482634664,0.377092868,17.51250076,-43.72500229,15.31875038,199.3075543,0.013214111,996.4796143,,88.5311182,24.3732399,Bump,,-0.721196747,9.886186218,-1.147119164,7.068750381,-59.19375229,0.018750001,-0.088208876,0.265115315,0.028832818,-0.721196747,9.886186218,-1.147119164,20.20210754910684,32,83,18,21
10.76,-0.061465979,0.155324936,-0.715754688,-0.70181033,9.767842293,-0.516824216,0.016035201,0.243429612,0.032070401,0.588055849,0.650409907,0.33578141,0.344104469,2.50684464,-1.481802523,0.369362533,17.68125153,-41.86875153,15.01875019,199.7334304,,,,88.5311182,24.3732399,Bump,,-0.873380268,9.883314705,-0.668076089,7.256250381,-57.33750153,-0.28125,0.008552107,0.245567642,0.032986699,-0.873380268,9.883314705,-0.668076089,20.199381780477456,32,83,18,21
10.77,-0.293801099,0.117720604,0.235108852,-0.707143307,9.767594814,-0.514218092,-0.000458,0.26297729,-0.011911863,0.588329226,0.650921315,0.33519505,0.343241006,2.512859821,-1.481518984,0.373044312,16.20000076,-43.96875,10.14375019,192.9910481,,,,88.5311182,24.3732399,Bump,,-1.022931665,9.991829395,0.318245407,5.756250381,-59.43750381,-5.15625,-0.007941242,0.265115315,-0.010995566,-1.022931665,9.991829395,0.318245407,20.21027907056084,32,83,18,21
10.78,-0.215485573,0.076413631,0.605882987,-0.710205674,9.767786503,-0.506304592,-0.070096734,0.312823856,-0.030237807,0.588608116,0.651114315,0.335052967,0.342534706,2.522262216,-1.481738508,0.381072402,17.38125038,-43.98750305,12.05625057,195.3274224,,,,88.5311182,24.3732399,Bump,,-0.746560657,9.681838799,-0.529770927,6.937500477,-59.47500229,-3.243750095,-0.077579828,0.31496188,-0.02932151,-0.746560657,9.681838799,-0.529770927,20.191028260187974,32,83,18,21
10.79,-0.022459418,-0.134977818,-0.6801745,-0.711409926,9.767250061,-0.514867336,-0.027641631,0.290466197,-0.003817905,0.589057267,0.651921749,0.333570883,0.341671839,2.515128255,-1.481126249,0.370172486,21.63750076,-44.23125076,12.91875076,196.2816543,-0.021133423,996.4835815,,88.5311182,24.3732399,Bump,,-0.724068141,9.492327499,-1.439043522,11.19375038,-59.71875381,-2.381250143,-0.035124724,0.29260423,-0.002901608,-0.724068141,9.492327499,-1.439043522,20.21965161470936,32,83,18,21
10.8,0.002351731,-0.060814381,-0.569723397,-0.713381618,9.766518116,-0.525928557,-0.000947,0.236710104,0.004214967,0.589453459,0.652808756,0.331983402,0.340840489,2.506313086,-1.480296314,0.357481152,16.63125038,-45.31875229,11.88750076,194.6980467,,,,88.5311182,24.3732399,Bump,,-0.701097026,9.575478077,-0.661615454,6.187500477,-60.80625153,-3.412500143,-0.008429934,0.238848126,0.005131264,-0.701097026,9.575478077,-0.661615454,20.212618089699003,32,83,18,21
10.81,0.143966496,-0.075258732,0.415946648,-0.714440465,9.76654768,-0.523929209,-0.036499171,0.257112986,0.014477495,0.589904606,0.65324685,0.331202149,0.339979663,2.508839369,-1.480330288,0.357363909,19.80000114,-47.17500305,10.74375057,192.8298545,,,,88.5311182,24.3732399,Bump,,-0.577148831,9.656953621,0.029671002,9.356250763,-62.64375305,-4.556250095,-0.043982264,0.259251013,0.015393792,-0.577148831,9.656953621,0.029671002,20.184404174665364,32,83,18,21
10.82,0.114620745,-0.127948761,0.49849844,-0.716320217,9.766625404,-0.519914389,-0.059559315,0.301156342,0.028863361,0.590239644,0.653555334,0.330737948,0.339256525,2.513751507,-1.480416417,0.36036399,20.23125076,-44.90625,12.15000057,195.1396733,,,,88.5311182,24.3732399,Bump,,-0.708275497,9.902457047,-0.416351143,9.787500381,-60.39375305,-3.150000095,-0.067042409,0.303294361,0.029779658,-0.708275497,9.902457047,-0.416351143,20.197337826145592,32,83,18,21
10.83,-0.100748479,0.205819607,-0.093108386,-0.719452828,9.766280174,-0.522058666,-0.033933539,0.278615433,0.006902772,0.590486646,0.65406546,0.329969898,0.338590607,2.513871431,-1.480027974,0.358188301,20.64375114,-44.53125,12.33750057,195.4855329,-0.026412964,996.4842529,,88.5311182,24.3732399,Bump,,-1.087537885,9.705288649,-1.245464176,10.20000076,-60.01875305,-2.962500095,-0.041416632,0.280753452,0.007819069,-1.087537885,9.705288649,-1.245464176,20.21574192910816,32,83,18,21
10.84,-0.396280736,-0.182498455,-0.755489528,-0.72448355,9.765443802,-0.530672073,0.028710645,0.257174075,-0.043829548,0.5906775,0.654858112,0.328784361,0.337878212,2.509399176,-1.479092896,0.350690216,17.40000153,-45.03750229,11.70000076,194.5625974,,,,88.5311182,24.3732399,Bump,,-1.024128079,9.370293236,-0.919801021,6.956250191,-60.52500153,-3.600000143,0.021227551,0.259312093,-0.042913251,-1.024128079,9.370293236,-0.919801021,20.218442682858136,32,83,18,21
10.85,-0.114710361,-0.320511341,0.013152808,-0.725506783,9.76527071,-0.532453209,-0.013164136,0.263099456,-0.038545568,0.591048568,0.655343354,0.327895716,0.337151259,2.508472443,-1.478899598,0.347174883,18.11250114,-44.56875229,13.03125095,196.2981474,,,,88.5311182,24.3732399,Bump,,-0.502492748,9.436096191,-0.133998069,7.687500477,-60.03750229,-2.268750191,-0.020647229,0.265237492,-0.03762927,-0.502492748,9.436096191,-0.133998069,20.199564116394185,32,83,18,21
10.86,0.38970691,-0.072553158,0.417784616,-0.723824769,9.765477657,-0.530944824,-0.078526667,0.273239809,0.034391687,0.59164238,0.655764371,0.326921701,0.336235702,2.508718252,-1.479130507,0.344384044,19.01250076,-47.15625,10.10625076,192.0963138,,,,88.5311182,24.3732399,Bump,,-0.320159668,9.573204994,-0.360837654,8.568750381,-62.64375305,-5.193750381,-0.086009762,0.27537784,0.035307984,-0.320159668,9.573204994,-0.360837654,20.205767776782874,32,83,18,21
10.87,0.236520514,-0.103381157,-0.235649914,-0.725879133,9.765118599,-0.534731627,-0.034208427,0.265878897,0.058184869,0.592147291,0.65651089,0.325580806,0.335189477,2.506679296,-1.478731334,0.338529766,17.98125076,-46.38750076,11.40000057,193.8071493,-0.026412964,996.4842529,,88.5311182,24.3732399,Bump,,-0.770967454,9.564112091,-0.87960161,7.537500381,-61.87500381,-3.900000095,-0.041691521,0.268016927,0.059101168,-0.770967454,9.564112091,-0.87960161,20.188435472902423,32,83,18,21
10.88,-0.291967452,-0.040598392,-0.21710518,-0.732061177,9.764529228,-0.537073255,0.009193515,0.227547133,0.009346231,0.592310071,0.65713641,0.324802175,0.334430903,2.50864017,-1.478079021,0.338044971,19.57500076,-45.9375,10.53750038,192.9194439,,,,88.5311182,24.3732399,Bump,,-1.043868899,9.715457916,-0.600000292,9.131250381,-61.40625381,-4.762500286,0.001710421,0.229685158,0.010262528,-1.043868899,9.715457916,-0.600000292,20.22208812981596,32,83,18,21
10.89,-0.266756654,-0.301599503,0.098589599,-0.735884726,9.764403343,-0.534110963,0.008949169,0.256990808,-0.011667517,0.592464983,0.657429457,0.324509203,0.333864599,2.513755322,-1.47794199,0.341788352,21.09375,-46.70625305,9.881250381,191.945447,,,,88.5311182,24.3732399,Bump,,-0.857587636,9.592347717,-0.219182557,10.65000057,-62.19375229,-5.418750286,0.001466075,0.259128839,-0.01075122,-0.857587636,9.592347717,-0.219182557,20.192551392950666,32,83,18,21
10.9,-0.12480399,-0.091574192,0.342392877,-0.737672836,9.764544487,-0.529054075,-0.027183483,0.281303234,-0.008704823,0.592761159,0.657662302,0.324177548,0.333201587,2.519419312,-1.478095472,0.345857501,16.93125153,-45.31875229,11.88750076,194.6980467,,,,88.5311182,24.3732399,Bump,,-0.89539423,9.618190002,-0.354616308,6.487500191,-60.80625153,-3.412500143,-0.034666576,0.283441253,-0.007788526,-0.89539423,9.618190002,-0.354616308,20.221964027729875,32,83,18,21
10.91,-0.106034696,-0.099727154,0.045379117,-0.741280586,9.764308929,-0.52835682,-0.032956154,0.269330287,-0.002626719,0.593039185,0.65813747,0.323496163,0.332429945,2.522352934,-1.477836668,0.346473768,17.66250038,-44.66250229,11.90625,194.926925,-0.021133423,996.4835815,,88.5311182,24.3732399,Bump,,-0.662213683,9.535398245,-0.645463899,7.218750477,-60.15000153,-3.393750191,-0.040439248,0.271468306,-0.001710421,-0.662213683,9.535398245,-0.645463899,20.21128418444145,32,83,18,21
10.92,0.017236561,-0.041959286,-0.029594555,-0.741687357,9.764159679,-0.530536681,-0.030146177,0.217284602,-0.014966187,0.593448222,0.658633173,0.322517946,0.331667989,2.52066493,-1.477673054,0.342009395,19.66875076,-46.85625076,10.05000019,192.1057171,,,,88.5311182,24.3732399,Bump,,-0.747039235,9.607661629,-0.456071991,9.225000381,-62.32500076,-5.25,-0.03762927,0.219422629,-0.01404989,-0.747039235,9.607661629,-0.456071991,20.21065271067685,32,83,18,21
10.93,0.23740977,-0.080373287,0.100906804,-0.738947272,9.76442337,-0.529509991,-0.009315688,0.204639699,-0.016798781,0.593943417,0.658907622,0.321739838,0.330991372,2.519829869,-1.47796309,0.338844106,15.86250019,-45.03750229,11.08125019,193.8227682,,,,88.5311182,24.3732399,Bump,,-0.201954233,9.821101189,-0.383330184,5.418750286,-60.50625229,-4.21875,-0.016798781,0.206777725,-0.015882484,-0.201954233,9.821101189,-0.383330184,20.207804001926178,32,83,18,21
10.94,0.418975949,0.153328419,0.260991842,-0.737570435,9.765062332,-0.519542128,0.056107931,0.230112761,0.067134039,0.59470582,0.659234136,0.320960969,0.329726025,2.527926207,-1.478668034,0.343661502,19.70625114,-48.56250381,8.15625,189.5340532,,,,88.5311182,24.3732399,Bump,,-0.699302427,9.711869001,-0.058025947,9.28125,-64.05000305,-7.143750191,0.048624836,0.232250789,0.068050336,-0.699302427,9.711869001,-0.058025947,20.19729062950736,32,83,18,21
10.95,-0.631652594,0.064929962,0.788825929,-0.749375403,9.764975548,-0.504040837,0.007238748,0.25503605,0.03084867,0.594686031,0.659453094,0.32144843,0.32884796,2.549474955,-1.478571951,0.364589676,20.85000038,-47.15625,10.72500038,192.8131282,0.036987305,996.4769287,,88.5311182,24.3732399,Bump,,-1.616112399,9.756494904,0.298145698,10.42500019,-62.64375305,-4.575000286,-0.000244,0.257174072,0.031764969,-1.616112399,9.756494904,0.298145698,20.195623598153244,32,83,18,21
10.96,-0.999962151,-0.016031265,0.495416909,-0.759163678,9.764521599,-0.498177648,-0.051618074,0.302378066,-0.068111423,0.594410479,0.659611762,0.321898848,0.328587294,2.560857534,-1.478070617,0.376286924,20.77500153,-45.0,10.36875057,192.9754369,,,,88.5311182,24.3732399,Bump,,-1.627119398,9.440163994,-0.643190721,10.35000038,-60.46875381,-4.931250095,-0.059101168,0.304516099,-0.067195126,-1.627119398,9.440163994,-0.643190721,20.197554898742617,32,83,18,21
10.97,-0.718337417,-0.244395256,-0.291930005,-0.763468683,9.764011383,-0.501586378,-0.012797617,0.307081729,-0.090957764,0.594411999,0.659999013,0.321445599,0.328250334,2.560324907,-1.47751075,0.374507695,19.125,-45.35625076,9.5625,191.9053688,,,,88.5311182,24.3732399,Bump,,-0.698106006,9.695717096,-0.832702264,8.681250572,-60.84375381,-5.737500191,-0.020280711,0.309219754,-0.090041469,-0.698106006,9.695717096,-0.832702264,20.196020007358797,32,83,18,21
10.98,0.228729039,0.025136948,-0.142127186,-0.756707191,9.764437199,-0.503530085,0.005039635,0.283441253,-0.063224503,0.595218122,0.660422057,0.32003738,0.3273132,2.554449558,-1.477978408,0.364883974,18.91875076,-44.8125,11.90625,194.8791809,,,,88.5311182,24.3732399,Bump,,-0.251246377,9.614839745,-0.234496617,8.475000381,-60.30000305,-3.393750191,-0.002443459,0.285579287,-0.062308208,-0.251246377,9.614839745,-0.234496617,20.219247215981323,32,83,18,21
10.99,0.559484214,-0.084312916,0.478157684,-0.746813208,9.765510559,-0.497436911,-0.026114469,0.257112989,-0.010567961,0.596235156,0.660588145,0.318904549,0.326230928,2.553999186,-1.479166746,0.360878646,21.63750076,-47.98125076,8.550000191,190.1037473,0.002639771,996.4807739,,88.5311182,24.3732399,Bump,,-0.274696037,9.498070145,0.042592244,11.19375038,-63.46875381,-6.750000477,-0.033597563,0.259251013,-0.009651664,-0.274696037,9.498070145,0.042592244,20.201301471852187,32,83,18,21
11.0,0.351231098,-0.26078701,0.40778707,-0.744662285,9.765983582,-0.491367579,-0.036865689,0.256013429,0.040255989,0.596886784,0.660890549,0.318105072,0.325205877,2.558322191,-1.479694128,0.362286896,19.29375076,-45.78750229,9.768750191,192.0434724,,,,88.5311182,24.3732399,Bump,,-0.66759751,9.506684303,-0.229710966,8.850000381,-61.27500153,-5.53125,-0.044348784,0.25815146,0.041172286,-0.66759751,9.506684303,-0.229710966,20.188656945944235,32,83,18,21
11.01,-0.183305204,0.106650829,0.1961734,-0.750032037,9.765647411,-0.489857435,-0.045203994,0.256715924,0.026267185,0.597095788,0.661387861,0.317501262,0.324400365,2.563028574,-1.47931993,0.3647618,17.68125153,-46.98750305,8.831250191,190.6445006,,,,88.5311182,24.3732399,Bump,,-1.017906749,9.975198936,-0.343609333,7.237500191,-62.47500229,-6.468750477,-0.052687087,0.25885395,0.027183483,-1.017906749,9.975198936,-0.343609333,20.224062423687386,32,83,18,21
11.02,-0.361159384,0.342366219,0.018154398,-0.754576981,9.765288353,-0.490051657,-0.03649917,0.262122077,-0.020219624,0.597251713,0.661836475,0.31693089,0.323755518,2.565611482,-1.478918493,0.365423217,21.5625,-47.49375153,9.243750572,191.0138332,,,,88.5311182,24.3732399,Bump,,-1.159920782,10.01216793,-0.50787662,11.11875057,-62.98125076,-6.056250095,-0.043982264,0.264260101,-0.019303327,-1.159920782,10.01216793,-0.50787662,20.21960343557773,32,83,18,21
11.03,-0.41174233,-0.077256203,-0.076801628,-0.756060243,9.765234947,-0.488814026,0.009071342,0.26542075,-0.064201888,0.59745419,0.662089169,0.316522211,0.323264778,2.567662477,-1.478860617,0.366046727,18.15000153,-45.24375153,9.431250572,191.7749265,-0.050201416,996.4871826,,88.5311182,24.3732399,Bump,,-0.921236718,9.587561798,-0.353659181,7.706250191,-60.71250153,-5.868750095,0.001588248,0.267558771,-0.063285591,-0.921236718,9.587561798,-0.353659181,20.22038860280881,32,83,18,21
11.04,-0.053254604,-0.057127476,0.312999412,-0.753283262,9.765675068,-0.484289676,-0.021227551,0.267864205,-0.052228938,0.597899497,0.662201554,0.316063017,0.322659791,2.57022357,-1.479349732,0.366907284,20.92500114,-46.93125153,9.675000191,191.6484884,,,,88.5311182,24.3732399,Bump,,-0.4331009,9.756494904,0.057906308,10.5,-62.40000153,-5.625,-0.028710646,0.270002238,-0.051312642,-0.4331009,9.756494904,0.057906308,20.2222250939477,32,83,18,21
11.05,0.438978761,0.095007896,0.431951374,-0.747264385,9.766433716,-0.478276893,-0.039920013,0.278248912,-0.000183,0.598671108,0.662378788,0.315204844,0.321703106,2.572253227,-1.480201185,0.366037816,19.29375076,-43.36875153,11.92500019,195.3745237,,,,88.5311182,24.3732399,Bump,,-0.303888477,9.69751215,-0.537188679,8.850000381,-58.85625076,-3.375000238,-0.047403107,0.280386931,0.000733,-0.303888477,9.69751215,-0.537188679,20.188684544234853,32,83,18,21
11.06,0.259035125,0.144650936,-0.227368385,-0.743784606,9.766695976,-0.478355721,0.005528326,0.264565539,0.011056653,0.599432915,0.662905097,0.313813925,0.320558324,2.570057034,-1.480497003,0.359815344,19.65000153,-45.09375,10.03125,192.5414196,,,,88.5311182,24.3732399,Bump,,-0.780060178,9.883793068,-0.631705165,9.206250191,-60.56250381,-5.268750191,-0.001954767,0.266703558,0.01197295,-0.780060178,9.883793068,-0.631705165,20.197031895407456,32,83,18,21
11.07,-0.208844125,0.131346703,0.090703055,-0.746133208,9.766602993,-0.476592734,-0.005039634,0.261755556,-0.016493349,0.599794447,0.663352698,0.313058138,0.319694191,2.573166847,-1.48039192,0.360361919,19.33125114,-44.08125305,10.89375019,193.8813122,-0.005279541,996.4817505,,88.5311182,24.3732399,Bump,,-1.033220792,9.756016731,-0.157926291,8.887500763,-59.56875229,-4.40625,-0.012522728,0.263893589,-0.015577052,-1.033220792,9.756016731,-0.157926291,20.21110630940517,32,83,18,21
11.08,-0.228772283,-0.024650097,0.360062212,-0.748206705,9.76670599,-0.471198514,-0.028313583,0.289122301,-0.038789914,0.600103021,0.663614929,0.312670946,0.31894885,2.579570532,-1.480508268,0.36497052,17.75625038,-44.625,12.78750038,195.9899004,,,,88.5311182,24.3732399,Bump,,-0.802791998,9.750752211,-0.151944237,7.312500477,-60.11250305,-2.512500048,-0.035796676,0.29126032,-0.037873615,-0.802791998,9.750752211,-0.151944237,20.20833118715747,32,83,18,21
11.09,0.325938076,0.077227116,0.129423216,-0.748188376,9.766777515,-0.469735831,-0.047372564,0.350575298,0.02547306,0.600710213,0.664162159,0.311505035,0.317805097,2.580960393,-1.480590582,0.362704918,17.75625038,-44.625,12.78750038,195.9899004,,,,88.5311182,24.3732399,Bump,,-0.429272388,9.683274651,-0.401037073,7.312500477,-60.11250305,-2.512500048,-0.054855657,0.352713317,0.026389359,-0.429272388,9.683274651,-0.401037073,20.186453256104983,32,83,18,21
11.1,-0.157802224,-0.086827278,0.025468886,-0.755095482,9.766132355,-0.472082824,-0.063529936,0.319482282,0.073609205,0.600877523,0.664843678,0.310615569,0.316933811,2.582852364,-1.47986269,0.361829549,20.19375038,-44.55000305,12.35625076,195.5017215,,,,88.5311182,24.3732399,Bump,,-0.846580648,9.933563995,-0.567098957,9.75,-60.01875305,-2.943750143,-0.07101303,0.3216203,0.074525504,-0.846580648,9.933563995,-0.567098957,20.212806645898244,32,83,18,21
11.11,-0.034980744,0.336093426,-0.079084471,-0.75607726,9.765842915,-0.476490423,-0.069119351,0.319299018,-0.033414304,0.601212531,0.665374666,0.309557125,0.3162186,2.579252005,-1.479537368,0.355435073,19.42500114,-46.42500305,9.09375,191.0827985,-0.079269409,996.4906006,,88.5311182,24.3732399,Bump,,-0.932602614,9.991829157,-0.354137748,8.981250763,-61.91250229,-6.206250191,-0.076602443,0.321437049,-0.032498007,-0.932602614,9.991829157,-0.354137748,20.189074664961492,32,83,18,21
11.12,0.017253637,0.167548656,0.100107566,-0.754361778,9.765858173,-0.478894204,-0.051526445,0.291565764,-0.0216857,0.601690084,0.665807962,0.308482349,0.315447628,2.575951934,-1.479554415,0.349221185,19.42500114,-46.42500305,9.09375,191.0827985,,,,88.5311182,24.3732399,Bump,,-0.262731922,9.833543968,-0.411565489,8.981250763,-61.91250229,-6.206250191,-0.059009537,0.293703783,-0.020769403,-0.262731922,9.833543968,-0.411565489,20.18900490784437,32,83,18,21
11.13,0.506786242,0.296514988,0.159115627,-0.747372746,9.766300201,-0.480833784,-0.071471178,0.286495574,0.00962112,0.602551371,0.666262329,0.306919813,0.314366579,2.569894433,-1.480050325,0.338983789,20.94375038,-45.63750076,8.306250572,190.3152041,,,,88.5311182,24.3732399,Bump,,-0.365623307,10.11015434,-0.197168586,10.5,-61.10625076,-6.993750095,-0.078954272,0.288633615,0.010537418,-0.365623307,10.11015434,-0.197168586,20.201505958235924,32,83,18,21
11.14,0.323319599,0.285085201,0.25245069,-0.745359391,9.766418934,-0.481559455,-0.068141967,0.275805444,0.032192574,0.603141159,0.666731536,0.305731416,0.313397348,2.567980051,-1.480183899,0.333666369,18.75,-44.38125229,9.65625,192.2748222,,,,88.5311182,24.3732399,Bump,,-0.577268466,9.775278568,-0.31106694,8.306250572,-59.85000229,-5.643750191,-0.075625059,0.27794348,0.033108871,-0.577268466,9.775278568,-0.31106694,20.203730995920747,32,83,18,21
11.15,-0.042938381,0.112015724,0.18830061,-0.747019082,9.766272545,-0.481948256,-0.053756101,0.26175556,0.010079269,0.603501827,0.667202026,0.304842219,0.31256704,2.56862545,-1.480019331,0.33160843,18.69375038,-46.36875153,8.71875,190.6490281,-0.192886353,996.5040894,,88.5311182,24.3732399,Bump,,-0.891087151,9.862257957,-0.285224459,8.25,-61.83750153,-6.581250191,-0.061239195,0.263893586,0.010995566,-0.891087151,9.862257957,-0.285224459,20.20320984093723,32,83,18,21
11.16,-0.029013813,0.195241928,0.15402098,-0.745885849,9.766356945,-0.481985703,-0.048472121,0.261144692,-0.039767297,0.60389781,0.66751653,0.304057896,0.311893836,2.567897201,-1.480114877,0.328584373,19.48125076,-44.23125076,10.27500057,193.0779604,,,,88.5311182,24.3732399,Bump,,-0.644865692,10.0384891,-0.32362926,9.056250572,-59.71875381,-5.025000095,-0.055955214,0.263282722,-0.038851,-0.644865692,10.0384891,-0.32362926,20.183662403913047,32,83,18,21
11.17,0.102773726,0.244997978,0.055947959,-0.740035534,9.766785622,-0.482330054,-0.034788749,0.246972632,-0.065912309,0.604425609,0.66766578,0.30323872,0.311349243,2.563977242,-1.480597496,0.322509199,21.22500038,-45.71250153,8.700000763,190.7756588,,,,88.5311182,24.3732399,Bump,,-0.450329214,9.934521103,-0.574277443,10.80000019,-61.18125153,-6.600000381,-0.042271842,0.24911066,-0.064996014,-0.450329214,9.934521103,-0.574277443,20.21509843450521,32,83,18,21
11.18,0.373496905,0.160161972,-0.146672592,-0.732524455,9.76729393,-0.483483851,-0.001527162,0.243276902,-0.030390523,0.605095923,0.667871445,0.302152172,0.310661286,2.558199525,-1.4811759,0.313930333,18.84375,-46.25625229,7.800000191,189.5715069,,,,88.5311182,24.3732399,Bump,,-0.234018058,9.70337429,-0.534078008,8.400000572,-61.72500229,-7.500000477,-0.009010256,0.245414924,-0.029474225,-0.234018058,9.70337429,-0.534078008,20.190624001703547,32,83,18,21
11.19,0.437380165,-0.049227715,0.058140412,-0.728986919,9.767580986,-0.483039275,-0.015851941,0.261144692,0.05845976,0.605827004,0.668341279,0.300811946,0.309524745,2.556398153,-1.481503308,0.308232173,18.71250153,-45.375,10.21875,192.6916505,-0.272155762,996.5135498,,88.5311182,24.3732399,Bump,,-0.766899653,9.255437851,-0.333798759,8.268750191,-60.86250305,-5.081250191,-0.023335035,0.263282716,0.059376056,-0.766899653,9.255437851,-0.333798759,20.18518059685131,32,83,18,21
